{"type":"FeatureCollection","name":"aquawatch_ponds_konaseema","crs":{"type":"name","properties":{"name":"urn:ogc:def:crs:OGC:1.3:CRS84"}},"metadata":{"produced_by":"AquaWatch, AP AI Living Labs sovereign cluster","method":"object-based detection on multi-pass SAR","min_area_ha":0.25,"belts":{"konaseema":{"features":266,"hectares":390.8}},"total_features":266,"total_hectares":390.8,"CAVEAT":"Automatic detections from Sentinel-1 SAR, not a cadastral or surveyed product. Boundaries are raster-derived at 10 m and are approximate. Accuracy is still being measured against hand-checked optical imagery; the previously published F1 ~0.90 is agreement with the OBIA detector, NOT accuracy against the ground. Adjacent ponds that share a bund merge into ONE polygon, so a feature can be a farm block rather than a single pond: the feature count is a lower bound on the number of ponds, and area is the reliable quantity. Do not use as sole evidence for enforcement or for any legal determination of ownership, extent or permitting status."},"features":[{"type":"Feature","geometry":{"type":"Polygon","coordinates":[[[81.89622,16.56211],[81.89614,16.54538],[81.89624,16.54538],[81.89624,16.54529],[81.89633,16.54529],[81.89633,16.54511],[81.89652,16.54502],[81.89652,16.54457],[81.8967,16.54448],[81.8967,16.54412],[81.89679,16.54412],[81.89679,16.54321],[81.89688,16.54321],[81.89688,16.54312],[81.89679,16.54312],[81.89679,16.54276],[81.89669,16.54276],[81.89669,16.54249],[81.89679,16.54249],[81.89679,16.54222],[81.89669,16.54222],[81.89669,16.54131],[81.89659,16.54131],[81.89659,16.54113],[81.8965,16.54113],[81.8964,16.54095],[81.89612,16.54095],[81.8961,16.53481],[81.89638,16.53481],[81.89638,16.53499],[81.89647,16.53499],[81.89647,16.5349],[81.89656,16.5349],[81.89656,16.53481],[81.89675,16.53472],[81.89675,16.53444],[81.89666,16.53444],[81.89666,16.53426],[81.89609,16.53436],[81.89608,16.53065],[81.89626,16.53065],[81.89626,16.53047],[81.90263,16.53044],[81.90264,16.53098],[81.90245,16.53107],[81.90245,16.53135],[81.90236,16.53135],[81.90236,16.53153],[81.90292,16.53143],[81.90302,16.53161],[81.9032,16.53161],[81.9032,16.53198],[81.90292,16.53198],[81.90292,16.53189],[81.90255,16.53189],[81.90255,16.53198],[81.90283,16.53198],[81.90283,16.53243],[81.90255,16.53243],[81.90255,16.53252],[81.90218,16.53252],[81.90217,16.53225],[81.90227,16.53225],[81.90227,16.53216],[81.90217,16.53216],[81.90217,16.53207],[81.90199,16.53207],[81.90199,16.53252],[81.90189,16.53252],[81.9019,16.53261],[81.90171,16.53261],[81.90171,16.5328],[81.90161,16.5328],[81.90162,16.53289],[81.90143,16.53298],[81.90143,16.53343],[81.90087,16.53343],[81.90087,16.53352],[81.90077,16.53352],[81.90078,16.5337],[81.90059,16.5337],[81.90059,16.53379],[81.9005,16.5338],[81.9005,16.53398],[81.90068,16.53407],[81.90069,16.5347],[81.90059,16.5347],[81.90059,16.53488],[81.90022,16.53488],[81.90022,16.53524],[81.90013,16.53524],[81.90013,16.53533],[81.89994,16.53542],[81.89994,16.53561],[81.89985,16.53561],[81.89975,16.53579],[81.89957,16.53579],[81.89957,16.53597],[81.89947,16.53597],[81.89947,16.53606],[81.89929,16.53615],[81.89929,16.53633],[81.89919,16.53633],[81.8992,16.53642],[81.8991,16.53642],[81.8991,16.53651],[81.89901,16.53651],[81.89901,16.5366],[81.89892,16.5366],[81.89892,16.53669],[81.89882,16.53669],[81.89882,16.53679],[81.89864,16.53688],[81.89864,16.53706],[81.89845,16.53715],[81.89836,16.53751],[81.89826,16.53751],[81.89826,16.5376],[81.89817,16.5376],[81.89817,16.53769],[81.89808,16.53769],[81.89808,16.53778],[81.89798,16.53778],[81.89798,16.53787],[81.8978,16.53796],[81.8978,16.53815],[81.8977,16.53815],[81.8977,16.53833],[81.89761,16.53833],[81.89761,16.5386],[81.89752,16.5386],[81.89752,16.53887],[81.89743,16.53887],[81.89743,16.53959],[81.89734,16.53959],[81.89734,16.53986],[81.89724,16.53987],[81.89725,16.54041],[81.89715,16.54041],[81.89715,16.54086],[81.89725,16.54086],[81.89725,16.54222],[81.89735,16.54221],[81.89735,16.5424],[81.89744,16.5424],[81.89735,16.54294],[81.89744,16.54294],[81.89745,16.54366],[81.89754,16.54366],[81.89754,16.54429],[81.89764,16.54429],[81.89764,16.54465],[81.89755,16.54465],[81.89755,16.54493],[81.89745,16.54493],[81.89746,16.54547],[81.89736,16.54547],[81.89736,16.54583],[81.89746,16.54583],[81.89746,16.54655],[81.89727,16.54664],[81.89728,16.54737],[81.89709,16.54737],[81.89709,16.54791],[81.89719,16.54791],[81.89719,16.54836],[81.8971,16.54836],[81.8971,16.54872],[81.89719,16.54872],[81.89719,16.54899],[81.8971,16.549],[81.8971,16.54954],[81.89701,16.54954],[81.89701,16.55008],[81.89692,16.55008],[81.89692,16.55089],[81.89683,16.55089],[81.89683,16.55117],[81.89692,16.55117],[81.89692,16.55198],[81.89702,16.55198],[81.89702,16.55306],[81.89712,16.55306],[81.89712,16.55342],[81.89702,16.55342],[81.89703,16.55352],[81.89712,16.55351],[81.89712,16.55424],[81.89722,16.55424],[81.89722,16.55478],[81.89712,16.55478],[81.89713,16.55541],[81.89722,16.55541],[81.89722,16.55577],[81.89713,16.55577],[81.89713,16.55605],[81.89722,16.55605],[81.89723,16.55677],[81.89713,16.55677],[81.89714,16.55776],[81.89704,16.55776],[81.89705,16.55785],[81.89714,16.55785],[81.89714,16.55812],[81.89705,16.55812],[81.89705,16.55858],[81.89696,16.55858],[81.89696,16.55921],[81.89686,16.55921],[81.89687,16.55966],[81.89677,16.55966],[81.89677,16.56011],[81.89668,16.56011],[81.89668,16.56075],[81.89659,16.56075],[81.8966,16.56201],[81.8965,16.56201],[81.8965,16.5621],[81.89622,16.56211]],[[81.90217,16.53189],[81.90227,16.53189],[81.90227,16.5318],[81.90217,16.5318],[81.90217,16.53189]]]},"properties":{"feature_id":"konaseema-00000","belt":"konaseema","district":"","area_ha":65.86,"lon":81.89793,"lat":16.539459,"source":"obia","sensor":"Sentinel-1 RTC (VV), 10 m","season":"2024 kharif","detected":true,"surveyed":false,"likely_block":true}},{"type":"Feature","geometry":{"type":"Polygon","coordinates":[[[81.97905,16.705],[81.97905,16.70491],[81.97867,16.70491],[81.97867,16.70473],[81.97848,16.70473],[81.97848,16.70464],[81.97829,16.70464],[81.97829,16.70455],[81.97782,16.70455],[81.97782,16.70446],[81.97745,16.70446],[81.97745,16.70437],[81.9766,16.70438],[81.9766,16.70429],[81.97623,16.70429],[81.97623,16.7042],[81.97604,16.7042],[81.97604,16.70411],[81.97576,16.70411],[81.97566,16.70393],[81.97548,16.70393],[81.97548,16.70384],[81.97519,16.70384],[81.97519,16.70375],[81.97463,16.70375],[81.97463,16.70366],[81.97416,16.70366],[81.97416,16.70357],[81.97369,16.70358],[81.97369,16.70367],[81.97341,16.70367],[81.97341,16.7034],[81.97285,16.7034],[81.97285,16.70322],[81.97247,16.70322],[81.97247,16.70304],[81.97228,16.70304],[81.97228,16.70313],[81.972,16.70313],[81.97191,16.70295],[81.97144,16.70295],[81.97144,16.70277],[81.97134,16.70277],[81.97134,16.70268],[81.97116,16.70268],[81.97116,16.70277],[81.97069,16.70278],[81.97069,16.70269],[81.97059,16.70269],[81.97059,16.70251],[81.9704,16.70251],[81.9704,16.70242],[81.97031,16.70242],[81.97022,16.70224],[81.96993,16.70224],[81.96984,16.70206],[81.96956,16.70206],[81.96956,16.70188],[81.96946,16.70188],[81.96946,16.70179],[81.96918,16.70179],[81.96928,16.70215],[81.96947,16.70215],[81.96947,16.70242],[81.96872,16.70252],[81.96862,16.70233],[81.96834,16.70234],[81.96834,16.70206],[81.96843,16.70206],[81.96853,16.70188],[81.9689,16.70188],[81.96899,16.70152],[81.96862,16.70152],[81.96862,16.70134],[81.96834,16.70134],[81.96824,16.70116],[81.96787,16.70116],[81.96786,16.70089],[81.96805,16.70089],[81.96805,16.70071],[81.96833,16.70071],[81.96833,16.7008],[81.96852,16.7008],[81.96852,16.70089],[81.9689,16.70098],[81.9689,16.70116],[81.96946,16.70116],[81.96946,16.70125],[81.96965,16.70125],[81.96965,16.70152],[81.96993,16.70152],[81.96993,16.70142],[81.9704,16.70142],[81.9704,16.70151],[81.97049,16.70151],[81.97059,16.70169],[81.97087,16.70169],[81.97087,16.70178],[81.97106,16.70178],[81.97106,16.70187],[81.97134,16.70187],[81.97134,16.70196],[81.97153,16.70196],[81.97153,16.70205],[81.9719,16.70205],[81.972,16.70223],[81.97237,16.70223],[81.97237,16.70232],[81.97303,16.70231],[81.97303,16.7024],[81.97406,16.7024],[81.97406,16.70249],[81.97463,16.70249],[81.97463,16.70258],[81.97547,16.70257],[81.97556,16.70275],[81.97631,16.70275],[81.97641,16.70293],[81.97735,16.70293],[81.97735,16.70302],[81.97744,16.70302],[81.97744,16.70293],[81.97782,16.70292],[81.97782,16.70283],[81.97819,16.70283],[81.97819,16.70301],[81.97838,16.70301],[81.97838,16.70292],[81.97866,16.70292],[81.97866,16.70283],[81.97913,16.70283],[81.97922,16.70265],[81.98007,16.70264],[81.98007,16.70273],[81.98044,16.70273],[81.98044,16.70264],[81.98091,16.70264],[81.98091,16.70273],[81.9811,16.70273],[81.98119,16.70255],[81.98138,16.70255],[81.98138,16.70246],[81.98175,16.70236],[81.98175,16.70218],[81.98203,16.70218],[81.98203,16.70245],[81.98213,16.70245],[81.98213,16.70236],[81.98269,16.70236],[81.98269,16.70245],[81.98278,16.70245],[81.98278,16.70209],[81.98269,16.70209],[81.98269,16.70182],[81.98241,16.70182],[81.9824,16.70155],[81.98278,16.70154],[81.98278,16.70164],[81.98306,16.70163],[81.98306,16.70172],[81.98316,16.70172],[81.98316,16.70163],[81.98344,16.70163],[81.98353,16.70181],[81.98391,16.70181],[81.98391,16.70172],[81.984,16.70172],[81.984,16.70154],[81.98437,16.70154],[81.98437,16.70145],[81.98447,16.70145],[81.98447,16.70136],[81.98465,16.70136],[81.98465,16.70126],[81.98475,16.70126],[81.98484,16.70108],[81.98503,16.70108],[81.98503,16.70099],[81.98493,16.70099],[81.98484,16.70081],[81.98475,16.70081],[81.98475,16.7009],[81.9839,16.70091],[81.9839,16.701],[81.98325,16.701],[81.98324,16.70073],[81.98343,16.70073],[81.98343,16.70064],[81.98362,16.70064],[81.98362,16.70055],[81.98381,16.70055],[81.98381,16.70046],[81.98399,16.70045],[81.98399,16.70036],[81.98418,16.70036],[81.98418,16.70027],[81.98456,16.70027],[81.98456,16.70018],[81.98531,16.70018],[81.9853,16.7],[81.98559,16.69999],[81.98559,16.6999],[81.98587,16.6999],[81.98587,16.69981],[81.98605,16.69981],[81.98605,16.69972],[81.98633,16.69972],[81.98633,16.69963],[81.9869,16.69954],[81.98699,16.69936],[81.98727,16.69935],[81.98727,16.69926],[81.98736,16.69926],[81.98746,16.69908],[81.98774,16.69908],[81.98774,16.69899],[81.98793,16.69899],[81.98792,16.6989],[81.98802,16.6989],[81.98811,16.69872],[81.98839,16.69872],[81.98839,16.69863],[81.98867,16.69862],[81.98867,16.69853],[81.98886,16.69853],[81.98886,16.69835],[81.98905,16.69835],[81.98914,16.69817],[81.98933,16.69817],[81.98933,16.69808],[81.98951,16.69808],[81.98951,16.69799],[81.9898,16.69799],[81.9898,16.69808],[81.98998,16.69808],[81.98998,16.69799],[81.99026,16.69798],[81.99026,16.69789],[81.99036,16.69789],[81.99036,16.69744],[81.99054,16.69744],[81.99054,16.69735],[81.99092,16.69726],[81.99092,16.69699],[81.99101,16.69699],[81.99101,16.6969],[81.99138,16.69689],[81.99139,16.69698],[81.99148,16.69698],[81.99148,16.69707],[81.99157,16.69707],[81.99157,16.69716],[81.99167,16.69716],[81.99176,16.69734],[81.99204,16.69734],[81.99204,16.69743],[81.99233,16.69743],[81.99233,16.69752],[81.99251,16.69752],[81.99252,16.69788],[81.99223,16.69788],[81.99223,16.69797],[81.99205,16.69798],[81.99205,16.69807],[81.99177,16.69807],[81.99177,16.69825],[81.99167,16.69825],[81.99167,16.69834],[81.99149,16.69843],[81.99149,16.6987],[81.99121,16.6987],[81.99121,16.69879],[81.99158,16.69879],[81.99158,16.69906],[81.99149,16.69906],[81.99149,16.69924],[81.99168,16.69924],[81.99168,16.69915],[81.99196,16.69915],[81.99196,16.69942],[81.99215,16.69942],[81.99215,16.69924],[81.99224,16.69924],[81.99224,16.69906],[81.99233,16.69906],[81.99233,16.69897],[81.99261,16.69897],[81.99262,16.69915],[81.99271,16.69915],[81.99271,16.6987],[81.99318,16.69869],[81.99318,16.6986],[81.99346,16.6986],[81.99346,16.69851],[81.99364,16.69851],[81.99374,16.69833],[81.99402,16.69833],[81.99402,16.69842],[81.99411,16.69842],[81.99412,16.69896],[81.99402,16.69896],[81.99402,16.69905],[81.99374,16.69905],[81.99374,16.69887],[81.99355,16.69887],[81.99355,16.69878],[81.99346,16.69878],[81.99346,16.69914],[81.99308,16.69915],[81.99309,16.69933],[81.99299,16.69933],[81.99299,16.69942],[81.9928,16.69942],[81.9928,16.69951],[81.99252,16.69951],[81.99243,16.69969],[81.99215,16.69969],[81.99215,16.70005],[81.99187,16.70006],[81.99187,16.69987],[81.99178,16.69987],[81.99178,16.70006],[81.99159,16.70006],[81.99159,16.70033],[81.99131,16.70033],[81.99131,16.70024],[81.99093,16.70024],[81.99093,16.69961],[81.99102,16.69961],[81.99102,16.69916],[81.99083,16.69916],[81.99083,16.69898],[81.99065,16.69898],[81.99065,16.69907],[81.99046,16.69907],[81.99046,16.69916],[81.99036,16.69916],[81.99037,16.69943],[81.99008,16.69943],[81.99008,16.69934],[81.98999,16.69934],[81.98999,16.69943],[81.98971,16.69943],[81.98971,16.6997],[81.98962,16.6997],[81.98962,16.69979],[81.98915,16.6998],[81.98915,16.69989],[81.98868,16.69989],[81.98868,16.69998],[81.9884,16.69998],[81.9884,16.70007],[81.98821,16.70007],[81.98821,16.70025],[81.98803,16.70025],[81.98803,16.70034],[81.98784,16.70044],[81.98784,16.70062],[81.98756,16.70062],[81.98756,16.70071],[81.98728,16.70071],[81.98728,16.7008],[81.9869,16.7008],[81.9869,16.70098],[81.98681,16.70098],[81.98681,16.70107],[81.98672,16.70107],[81.98672,16.70116],[81.98662,16.70116],[81.98653,16.70135],[81.98634,16.70135],[81.98634,16.70144],[81.98616,16.70144],[81.98616,16.70153],[81.98597,16.70153],[81.98597,16.70162],[81.98559,16.70171],[81.9855,16.70189],[81.98531,16.70189],[81.98531,16.70198],[81.98513,16.70208],[81.98513,16.70226],[81.98494,16.70226],[81.98485,16.70244],[81.98466,16.70244],[81.98466,16.70253],[81.98457,16.70253],[81.98447,16.70271],[81.98419,16.70271],[81.98419,16.70244],[81.98391,16.70244],[81.98391,16.70253],[81.98363,16.70254],[81.98363,16.70263],[81.98316,16.70263],[81.98316,16.70272],[81.98297,16.70272],[81.98297,16.70281],[81.98269,16.70281],[81.98269,16.70299],[81.98213,16.70299],[81.98213,16.70308],[81.98194,16.70309],[81.98194,16.70318],[81.98185,16.70318],[81.98185,16.70336],[81.98195,16.70336],[81.98195,16.70363],[81.98185,16.70363],[81.98185,16.70381],[81.98167,16.70381],[81.98167,16.7039],[81.98157,16.7039],[81.98157,16.70408],[81.98167,16.70408],[81.98167,16.70399],[81.98214,16.70399],[81.98214,16.70444],[81.98186,16.70444],[81.98186,16.70435],[81.98148,16.70435],[81.98148,16.70426],[81.9812,16.70426],[81.9812,16.70417],[81.98101,16.70417],[81.98092,16.70436],[81.98054,16.70436],[81.98054,16.70445],[81.98045,16.70445],[81.98036,16.70463],[81.98017,16.70463],[81.98017,16.7049],[81.98008,16.7049],[81.98008,16.70499],[81.97905,16.705]],[[81.99176,16.6978],[81.99186,16.6978],[81.99186,16.69771],[81.99176,16.69771],[81.99176,16.6978]]]},"properties":{"feature_id":"konaseema-00001","belt":"konaseema","district":"","area_ha":42.9,"lon":81.981899,"lat":16.7016,"source":"obia","sensor":"Sentinel-1 RTC (VV), 10 m","season":"2024 kharif","detected":true,"surveyed":false,"likely_block":true}},{"type":"Feature","geometry":{"type":"Polygon","coordinates":[[[82.10352,16.67536],[82.10343,16.67518],[82.1023,16.67518],[82.1023,16.67527],[82.10155,16.67528],[82.10155,16.67519],[82.10118,16.67519],[82.10117,16.6751],[82.10089,16.6751],[82.10089,16.67501],[82.10052,16.67501],[82.10052,16.67492],[82.09986,16.67492],[82.09986,16.67483],[82.09949,16.67484],[82.09948,16.67475],[82.09902,16.67475],[82.09902,16.67466],[82.09873,16.67466],[82.09873,16.67457],[82.09855,16.67457],[82.09855,16.67448],[82.09826,16.67448],[82.09826,16.67439],[82.09817,16.67439],[82.09817,16.6743],[82.09798,16.6743],[82.09798,16.67421],[82.0977,16.67421],[82.0977,16.67403],[82.09761,16.67403],[82.0976,16.67394],[82.09742,16.67394],[82.09742,16.67385],[82.09723,16.67385],[82.09723,16.67376],[82.09695,16.67377],[82.09695,16.67367],[82.09685,16.67368],[82.09676,16.6735],[82.09657,16.6735],[82.09657,16.67341],[82.09619,16.67332],[82.09619,16.67323],[82.0961,16.67323],[82.0961,16.67314],[82.09601,16.67314],[82.09591,16.67296],[82.09572,16.67296],[82.09572,16.67287],[82.09563,16.67287],[82.09563,16.67278],[82.09554,16.67278],[82.09553,16.67269],[82.09544,16.67269],[82.09544,16.6726],[82.09535,16.6726],[82.09525,16.67242],[82.09506,16.67242],[82.09506,16.67224],[82.09488,16.67224],[82.09478,16.67206],[82.09459,16.67206],[82.09459,16.67197],[82.0945,16.67197],[82.0945,16.67179],[82.09431,16.67179],[82.09422,16.67161],[82.09403,16.67161],[82.09403,16.67152],[82.09393,16.67152],[82.09393,16.67143],[82.09384,16.67143],[82.09384,16.67134],[82.09375,16.67134],[82.09374,16.67125],[82.09356,16.67116],[82.09356,16.67098],[82.09337,16.67098],[82.09337,16.67089],[82.09327,16.67089],[82.09327,16.6708],[82.09318,16.6708],[82.09308,16.67062],[82.0929,16.67062],[82.0929,16.67053],[82.0928,16.67053],[82.0928,16.67044],[82.09271,16.67044],[82.09261,16.67026],[82.09243,16.67026],[82.09243,16.67017],[82.09233,16.67017],[82.09233,16.67008],[82.09224,16.67008],[82.09224,16.66999],[82.09214,16.66999],[82.09214,16.6699],[82.09196,16.66981],[82.09195,16.66963],[82.09186,16.66963],[82.09186,16.66954],[82.09177,16.66954],[82.09177,16.66945],[82.09167,16.66945],[82.09158,16.66927],[82.09139,16.66928],[82.09139,16.66909],[82.0912,16.6691],[82.0912,16.66901],[82.09111,16.66901],[82.09111,16.66892],[82.09101,16.66892],[82.09092,16.66874],[82.09073,16.66874],[82.09073,16.66865],[82.09064,16.66865],[82.09064,16.66856],[82.09045,16.66847],[82.09045,16.66829],[82.09035,16.66829],[82.09035,16.66793],[82.09044,16.66792],[82.09044,16.66747],[82.09035,16.66747],[82.09035,16.66774],[82.09016,16.66784],[82.09016,16.66811],[82.08979,16.66811],[82.08979,16.66802],[82.08969,16.66802],[82.08969,16.66784],[82.08951,16.66784],[82.08951,16.66775],[82.08941,16.66775],[82.08941,16.66757],[82.08904,16.66748],[82.08894,16.6673],[82.08875,16.6673],[82.08875,16.66721],[82.08856,16.66721],[82.08856,16.66712],[82.08847,16.66712],[82.08838,16.66694],[82.08819,16.66694],[82.08819,16.66676],[82.088,16.66676],[82.088,16.66667],[82.08791,16.66667],[82.0879,16.66658],[82.08781,16.66658],[82.08781,16.66649],[82.08772,16.66649],[82.08772,16.6664],[82.08762,16.6664],[82.08762,16.66631],[82.08753,16.66631],[82.08753,16.66622],[82.08743,16.66622],[82.08734,16.66604],[82.08678,16.66605],[82.08678,16.66596],[82.08668,16.66596],[82.08677,16.66505],[82.08715,16.66505],[82.08715,16.66514],[82.08724,16.66514],[82.08724,16.66523],[82.08743,16.66523],[82.08743,16.66532],[82.08752,16.66532],[82.08752,16.66541],[82.08762,16.66541],[82.08771,16.66559],[82.0879,16.66559],[82.0879,16.66568],[82.08799,16.66568],[82.08799,16.66577],[82.08809,16.66577],[82.08818,16.66595],[82.08837,16.66595],[82.08837,16.66604],[82.08856,16.66604],[82.08856,16.66613],[82.08875,16.66613],[82.08875,16.66622],[82.08893,16.66622],[82.08893,16.66631],[82.08922,16.6663],[82.08931,16.66648],[82.08969,16.66648],[82.08969,16.66657],[82.08997,16.66657],[82.08997,16.66666],[82.09006,16.66666],[82.09016,16.66684],[82.09044,16.66684],[82.09044,16.66693],[82.09063,16.66693],[82.09072,16.66711],[82.09091,16.66711],[82.09091,16.6672],[82.09128,16.66729],[82.09128,16.66738],[82.09138,16.66738],[82.09138,16.66747],[82.09147,16.66747],[82.09157,16.66765],[82.09176,16.66765],[82.09185,16.66783],[82.09223,16.66792],[82.09223,16.66801],[82.09232,16.66801],[82.09232,16.66819],[82.09251,16.66818],[82.09251,16.66828],[82.09279,16.66827],[82.09289,16.66845],[82.09317,16.66845],[82.09317,16.66854],[82.09335,16.66854],[82.09335,16.66863],[82.09364,16.66863],[82.09364,16.66872],[82.09373,16.66872],[82.09373,16.6689],[82.09392,16.6689],[82.09392,16.66899],[82.0942,16.66899],[82.0942,16.66908],[82.09439,16.66908],[82.09439,16.66917],[82.09477,16.66926],[82.09477,16.66935],[82.09486,16.66935],[82.09495,16.66953],[82.09533,16.66962],[82.09533,16.66971],[82.09542,16.66971],[82.09542,16.6698],[82.09552,16.6698],[82.09561,16.66998],[82.0958,16.66998],[82.0958,16.67007],[82.09589,16.67006],[82.0959,16.67016],[82.09599,16.67015],[82.09608,16.67034],[82.09627,16.67033],[82.09627,16.67042],[82.09637,16.67042],[82.09637,16.67051],[82.09655,16.6706],[82.09656,16.67078],[82.09693,16.67096],[82.09693,16.67114],[82.09712,16.67114],[82.09712,16.67123],[82.09721,16.67123],[82.09731,16.67141],[82.09759,16.67141],[82.09759,16.6715],[82.09768,16.6715],[82.09769,16.67168],[82.09787,16.67177],[82.09787,16.67195],[82.09797,16.67195],[82.09797,16.67204],[82.09816,16.67213],[82.09816,16.67231],[82.09825,16.67231],[82.09825,16.67258],[82.09835,16.67258],[82.09835,16.67276],[82.09844,16.67276],[82.09854,16.67294],[82.09872,16.67294],[82.09873,16.67312],[82.09891,16.67312],[82.09891,16.6733],[82.0992,16.6733],[82.0992,16.67339],[82.09929,16.67339],[82.09938,16.67357],[82.09957,16.67357],[82.09957,16.67366],[82.09985,16.67366],[82.09985,16.67375],[82.09995,16.67375],[82.09995,16.67384],[82.10014,16.67384],[82.10014,16.67393],[82.10061,16.67393],[82.10061,16.67402],[82.10107,16.67401],[82.10108,16.6741],[82.10164,16.6741],[82.10164,16.67419],[82.10192,16.67419],[82.10192,16.67428],[82.1023,16.67428],[82.1023,16.67437],[82.10323,16.67436],[82.10323,16.67445],[82.10342,16.67445],[82.10342,16.67454],[82.10352,16.67454],[82.10352,16.67445],[82.1038,16.67445],[82.1038,16.67536],[82.10352,16.67536]]]},"properties":{"feature_id":"konaseema-00002","belt":"konaseema","district":"","area_ha":33.74,"lon":82.095096,"lat":16.670898,"source":"obia","sensor":"Sentinel-1 RTC (VV), 10 m","season":"2024 kharif","detected":true,"surveyed":false,"likely_block":true}},{"type":"Feature","geometry":{"type":"Polygon","coordinates":[[[82.0793,16.70405],[82.0793,16.70396],[82.07911,16.70396],[82.07911,16.7036],[82.07902,16.7036],[82.07902,16.70332],[82.07892,16.70333],[82.07883,16.70315],[82.07845,16.70315],[82.07836,16.70297],[82.07817,16.70297],[82.07817,16.70279],[82.07779,16.70279],[82.07779,16.70261],[82.0776,16.70261],[82.0776,16.70243],[82.07751,16.70243],[82.07751,16.70234],[82.07742,16.70234],[82.07732,16.70216],[82.07695,16.70216],[82.07695,16.70207],[82.07638,16.70207],[82.07638,16.7018],[82.07629,16.7018],[82.07628,16.70126],[82.0761,16.70126],[82.076,16.70108],[82.07553,16.70108],[82.07553,16.7009],[82.07544,16.7009],[82.07544,16.70045],[82.07534,16.70045],[82.07534,16.69991],[82.07562,16.69991],[82.07571,16.70009],[82.07581,16.70009],[82.07581,16.7],[82.076,16.7],[82.076,16.69991],[82.07628,16.6999],[82.07628,16.70009],[82.07637,16.70008],[82.07637,16.70018],[82.07675,16.70017],[82.07675,16.70008],[82.07684,16.70008],[82.07684,16.6999],[82.0774,16.6999],[82.0775,16.70008],[82.07768,16.70008],[82.07768,16.70017],[82.07787,16.70017],[82.07787,16.70026],[82.079,16.70025],[82.079,16.70034],[82.07909,16.70034],[82.07919,16.70052],[82.07956,16.70052],[82.07956,16.7007],[82.07966,16.7007],[82.07966,16.70079],[82.07975,16.70079],[82.07975,16.70097],[82.07994,16.70106],[82.07995,16.70278],[82.07976,16.70287],[82.07977,16.7035],[82.07967,16.7035],[82.07958,16.70404],[82.0793,16.70405]]]},"properties":{"feature_id":"konaseema-00003","belt":"konaseema","district":"","area_ha":12.36,"lon":82.078027,"lat":16.701515,"source":"obia","sensor":"Sentinel-1 RTC (VV), 10 m","season":"2024 kharif","detected":true,"surveyed":false,"likely_block":true}},{"type":"Feature","geometry":{"type":"Polygon","coordinates":[[[81.96393,16.70263],[81.96384,16.70245],[81.96346,16.70245],[81.96337,16.70227],[81.96309,16.70227],[81.96309,16.70236],[81.96271,16.70236],[81.96271,16.70245],[81.96243,16.70245],[81.96243,16.70236],[81.96196,16.70237],[81.96196,16.70228],[81.96102,16.70228],[81.96102,16.70219],[81.96084,16.70219],[81.96084,16.70228],[81.96056,16.70228],[81.96056,16.70219],[81.95981,16.7022],[81.9598,16.7021],[81.95859,16.70211],[81.95859,16.7022],[81.9583,16.7022],[81.95821,16.70202],[81.95746,16.70203],[81.95746,16.70212],[81.95587,16.70212],[81.95587,16.70239],[81.95577,16.70239],[81.95577,16.70248],[81.95549,16.70249],[81.95549,16.7024],[81.9553,16.70231],[81.9553,16.70194],[81.9554,16.70194],[81.9554,16.70185],[81.95558,16.70185],[81.95568,16.70167],[81.95605,16.70167],[81.95605,16.70158],[81.95746,16.70157],[81.95746,16.70148],[81.95905,16.70148],[81.95905,16.70139],[81.95933,16.70138],[81.95933,16.70147],[81.95971,16.70147],[81.95971,16.70138],[81.96215,16.70137],[81.96215,16.70128],[81.96252,16.70128],[81.96252,16.70137],[81.96449,16.70136],[81.96449,16.70145],[81.96477,16.70145],[81.96477,16.70154],[81.96524,16.70154],[81.96524,16.70163],[81.96543,16.70163],[81.96543,16.70172],[81.96571,16.70172],[81.96571,16.70199],[81.96496,16.70199],[81.96496,16.7019],[81.96487,16.7019],[81.96487,16.70199],[81.96468,16.70208],[81.96468,16.70226],[81.96459,16.70226],[81.96459,16.70244],[81.9645,16.70244],[81.9644,16.70263],[81.96393,16.70263]]]},"properties":{"feature_id":"konaseema-00004","belt":"konaseema","district":"","area_ha":9.28,"lon":81.960917,"lat":16.701854,"source":"obia","sensor":"Sentinel-1 RTC (VV), 10 m","season":"2024 kharif","detected":true,"surveyed":false,"likely_block":true}},{"type":"Feature","geometry":{"type":"Polygon","coordinates":[[[81.97191,16.70422],[81.97191,16.70413],[81.97116,16.70413],[81.97116,16.70404],[81.9706,16.70404],[81.9706,16.70395],[81.97051,16.70395],[81.97051,16.70386],[81.97041,16.70386],[81.97032,16.70368],[81.97004,16.70368],[81.97004,16.70386],[81.96957,16.70387],[81.96957,16.70396],[81.96797,16.70396],[81.96797,16.70387],[81.96769,16.70388],[81.96769,16.70379],[81.9675,16.70379],[81.9675,16.7037],[81.96713,16.7037],[81.96713,16.70361],[81.96666,16.70361],[81.96666,16.70325],[81.96581,16.70325],[81.96581,16.70334],[81.96619,16.70334],[81.96619,16.70343],[81.96628,16.70343],[81.96628,16.7037],[81.96582,16.7037],[81.96572,16.70352],[81.96544,16.70352],[81.96544,16.70325],[81.96525,16.70325],[81.96525,16.70298],[81.96553,16.70298],[81.96553,16.7028],[81.96562,16.7028],[81.96562,16.70271],[81.9659,16.70271],[81.9659,16.70262],[81.96647,16.70253],[81.96647,16.70244],[81.96628,16.70244],[81.96628,16.70216],[81.96656,16.70216],[81.96656,16.70243],[81.96722,16.70243],[81.96722,16.70252],[81.96731,16.70252],[81.96731,16.70234],[81.9674,16.70234],[81.9674,16.70225],[81.96768,16.70225],[81.96768,16.70234],[81.96787,16.70234],[81.96787,16.70252],[81.96797,16.70252],[81.96797,16.70288],[81.96816,16.70288],[81.96816,16.70279],[81.96844,16.70279],[81.96844,16.70288],[81.96862,16.70288],[81.96862,16.70279],[81.96909,16.70278],[81.96919,16.70296],[81.96956,16.70296],[81.96956,16.70323],[81.96994,16.70323],[81.96994,16.70332],[81.97022,16.70332],[81.97022,16.70341],[81.97088,16.70341],[81.97088,16.7035],[81.97097,16.7035],[81.97097,16.70341],[81.97125,16.70341],[81.97125,16.70359],[81.97163,16.70359],[81.97163,16.70368],[81.97191,16.70368],[81.972,16.70349],[81.97238,16.70349],[81.97238,16.70358],[81.97257,16.70358],[81.97257,16.70385],[81.97229,16.70385],[81.97229,16.70394],[81.97219,16.70394],[81.9722,16.70422],[81.97191,16.70422]],[[81.96778,16.7036],[81.96788,16.7036],[81.96788,16.70351],[81.96778,16.70351],[81.96778,16.7036]],[[81.969,16.70351],[81.96919,16.70342],[81.96919,16.70324],[81.969,16.70324],[81.969,16.70351]],[[81.96553,16.70325],[81.96572,16.70325],[81.96572,16.70307],[81.96553,16.70307],[81.96553,16.70325]]]},"properties":{"feature_id":"konaseema-00005","belt":"konaseema","district":"","area_ha":7.26,"lon":81.968448,"lat":16.703317,"source":"obia","sensor":"Sentinel-1 RTC (VV), 10 m","season":"2024 kharif","detected":true,"surveyed":false,"likely_block":true}},{"type":"Feature","geometry":{"type":"Polygon","coordinates":[[[82.09589,16.53747],[82.09589,16.53738],[82.0958,16.53738],[82.0958,16.5372],[82.0957,16.5372],[82.0957,16.53711],[82.09552,16.53702],[82.09551,16.53657],[82.09561,16.53657],[82.09561,16.53648],[82.0957,16.53648],[82.0957,16.53639],[82.09579,16.53639],[82.09579,16.5363],[82.09589,16.5363],[82.09589,16.5362],[82.09607,16.53611],[82.09607,16.53593],[82.09617,16.53593],[82.09626,16.53575],[82.09645,16.53575],[82.09645,16.53566],[82.09654,16.53566],[82.09654,16.53557],[82.09673,16.53548],[82.09672,16.5353],[82.09691,16.5353],[82.09691,16.53511],[82.097,16.53511],[82.097,16.53502],[82.09719,16.53502],[82.09719,16.53484],[82.09728,16.53484],[82.09738,16.53448],[82.09756,16.53439],[82.09756,16.53421],[82.09775,16.53412],[82.09775,16.53394],[82.09793,16.53393],[82.09793,16.53384],[82.09803,16.53384],[82.09803,16.53375],[82.09812,16.53375],[82.09812,16.53366],[82.09821,16.53366],[82.09831,16.53348],[82.09859,16.53348],[82.09868,16.53366],[82.09887,16.53366],[82.09896,16.53384],[82.09915,16.53384],[82.09915,16.53393],[82.09934,16.53402],[82.09934,16.53429],[82.09925,16.53429],[82.09925,16.53438],[82.09916,16.53438],[82.09916,16.53447],[82.09897,16.53456],[82.09897,16.53474],[82.09888,16.53474],[82.09888,16.53483],[82.09878,16.53483],[82.09878,16.53492],[82.09869,16.53492],[82.09869,16.53502],[82.0986,16.53502],[82.0986,16.53511],[82.0985,16.53511],[82.0985,16.5352],[82.09841,16.5352],[82.09841,16.53529],[82.09822,16.53538],[82.09822,16.53556],[82.09813,16.53556],[82.09813,16.53565],[82.09804,16.53565],[82.09804,16.53574],[82.09794,16.53574],[82.09795,16.53583],[82.09785,16.53583],[82.09785,16.53592],[82.09776,16.53592],[82.09776,16.53601],[82.09767,16.53601],[82.09767,16.53611],[82.09757,16.53611],[82.09757,16.5362],[82.09748,16.5362],[82.09748,16.53629],[82.09729,16.53638],[82.09729,16.53656],[82.09711,16.53656],[82.09711,16.53665],[82.09692,16.53674],[82.09692,16.53692],[82.09673,16.53692],[82.09673,16.53701],[82.09664,16.53701],[82.09664,16.5371],[82.09655,16.53711],[82.09655,16.5372],[82.09645,16.5372],[82.09645,16.53729],[82.09636,16.53729],[82.09627,16.53747],[82.09589,16.53747]]]},"properties":{"feature_id":"konaseema-00006","belt":"konaseema","district":"","area_ha":6.52,"lon":82.097409,"lat":16.535445,"source":"obia","sensor":"Sentinel-1 RTC (VV), 10 m","season":"2024 kharif","detected":true,"surveyed":false,"likely_block":true}},{"type":"Feature","geometry":{"type":"Polygon","coordinates":[[[81.9483,16.70821],[81.9483,16.70776],[81.94802,16.70776],[81.94801,16.70767],[81.94745,16.70768],[81.94745,16.70777],[81.94708,16.70777],[81.94708,16.7075],[81.94698,16.7075],[81.94698,16.70741],[81.94689,16.70741],[81.94689,16.70768],[81.9467,16.70768],[81.9467,16.70795],[81.94652,16.70795],[81.94642,16.70813],[81.94614,16.70813],[81.94614,16.70804],[81.94595,16.70804],[81.94595,16.70768],[81.94605,16.70768],[81.94614,16.7075],[81.94633,16.7075],[81.94632,16.70732],[81.94642,16.70732],[81.94642,16.70705],[81.94651,16.70705],[81.94651,16.70696],[81.9466,16.70696],[81.9466,16.70687],[81.94679,16.70677],[81.94679,16.70659],[81.94688,16.70659],[81.94698,16.70641],[81.94735,16.70641],[81.94735,16.7065],[81.94745,16.7065],[81.94745,16.70632],[81.94754,16.70632],[81.94754,16.70623],[81.94744,16.70623],[81.94744,16.70605],[81.94726,16.70605],[81.94726,16.70578],[81.94763,16.70578],[81.94763,16.70587],[81.94782,16.70596],[81.94782,16.70623],[81.94791,16.70623],[81.94791,16.70641],[81.9482,16.70641],[81.9482,16.70668],[81.94839,16.70668],[81.94838,16.7065],[81.94848,16.7065],[81.94848,16.70613],[81.94857,16.70613],[81.94857,16.70604],[81.94894,16.70604],[81.94894,16.70595],[81.94932,16.70595],[81.94932,16.70586],[81.9496,16.70586],[81.9496,16.70631],[81.94998,16.70622],[81.94998,16.7064],[81.95007,16.7064],[81.94998,16.70694],[81.94989,16.70694],[81.94989,16.70703],[81.94961,16.70703],[81.94961,16.70712],[81.94942,16.70703],[81.94942,16.70712],[81.94904,16.70722],[81.94895,16.70758],[81.94867,16.70758],[81.94867,16.70767],[81.94858,16.70767],[81.94858,16.70803],[81.94849,16.70803],[81.94849,16.70812],[81.9483,16.70821]],[[81.94745,16.7074],[81.94754,16.7074],[81.94754,16.70731],[81.94745,16.70731],[81.94745,16.7074]],[[81.94764,16.70722],[81.94783,16.70722],[81.94792,16.70686],[81.94764,16.70686],[81.94764,16.70722]],[[81.94754,16.70686],[81.94764,16.70686],[81.94763,16.70668],[81.94754,16.70668],[81.94754,16.7065],[81.94745,16.7065],[81.94745,16.70677],[81.94754,16.70677],[81.94754,16.70686]],[[81.94848,16.70686],[81.94857,16.70686],[81.94857,16.70677],[81.94848,16.70677],[81.94848,16.70686]],[[81.94914,16.70676],[81.94923,16.70676],[81.94923,16.70667],[81.94914,16.70667],[81.94914,16.70676]]]},"properties":{"feature_id":"konaseema-00007","belt":"konaseema","district":"","area_ha":5.68,"lon":81.948074,"lat":16.706958,"source":"obia","sensor":"Sentinel-1 RTC (VV), 10 m","season":"2024 kharif","detected":true,"surveyed":false,"likely_block":true}},{"type":"Feature","geometry":{"type":"Polygon","coordinates":[[[81.98263,16.7095],[81.98263,16.70923],[81.98254,16.70923],[81.98254,16.70887],[81.98291,16.70878],[81.98291,16.70868],[81.983,16.70868],[81.983,16.7085],[81.98272,16.7085],[81.98272,16.70832],[81.98253,16.70832],[81.98253,16.70823],[81.98244,16.70824],[81.98234,16.70787],[81.98225,16.70787],[81.98225,16.70778],[81.98216,16.70778],[81.98206,16.7076],[81.9815,16.70761],[81.9815,16.70752],[81.98131,16.70743],[81.98131,16.70716],[81.98112,16.70716],[81.98112,16.70698],[81.98074,16.70698],[81.98074,16.70662],[81.98037,16.70662],[81.98037,16.70644],[81.98018,16.70635],[81.98018,16.7059],[81.98027,16.7059],[81.98027,16.7058],[81.98074,16.7058],[81.98083,16.70598],[81.98121,16.70598],[81.98121,16.70607],[81.9814,16.70616],[81.98149,16.70652],[81.98159,16.70652],[81.98159,16.70661],[81.98187,16.70661],[81.98187,16.70679],[81.98196,16.70679],[81.98196,16.70688],[81.98206,16.70688],[81.98215,16.70706],[81.98243,16.70706],[81.98243,16.70715],[81.98281,16.70715],[81.98281,16.70742],[81.98272,16.70742],[81.98272,16.70769],[81.98281,16.70769],[81.98281,16.70778],[81.98328,16.70778],[81.98328,16.70742],[81.98356,16.70742],[81.98356,16.70751],[81.98365,16.70751],[81.98366,16.7076],[81.98375,16.7076],[81.98375,16.70769],[81.98384,16.70769],[81.98384,16.70778],[81.98394,16.70778],[81.98394,16.70787],[81.98413,16.70796],[81.98413,16.70841],[81.98385,16.70841],[81.98385,16.70832],[81.98328,16.70823],[81.98328,16.7085],[81.98347,16.7085],[81.98347,16.70895],[81.98366,16.70895],[81.98366,16.70922],[81.98357,16.70922],[81.98357,16.70931],[81.9832,16.70932],[81.98319,16.70923],[81.9831,16.70923],[81.9831,16.70932],[81.98301,16.70932],[81.98291,16.7095],[81.98263,16.7095]],[[81.98112,16.70689],[81.98121,16.70689],[81.98121,16.70679],[81.98112,16.7068],[81.98112,16.70689]],[[81.98102,16.70643],[81.98112,16.70643],[81.98112,16.70634],[81.98102,16.70634],[81.98102,16.70643]]]},"properties":{"feature_id":"konaseema-00008","belt":"konaseema","district":"","area_ha":4.86,"lon":81.982247,"lat":16.707556,"source":"obia","sensor":"Sentinel-1 RTC (VV), 10 m","season":"2024 kharif","detected":true,"surveyed":false,"likely_block":false}},{"type":"Feature","geometry":{"type":"Polygon","coordinates":[[[82.04065,16.54553],[82.04065,16.54516],[82.04074,16.54516],[82.04074,16.54507],[82.04093,16.54507],[82.04093,16.54498],[82.04112,16.54498],[82.04111,16.5448],[82.04121,16.5448],[82.04121,16.54471],[82.0413,16.54471],[82.0413,16.54462],[82.04149,16.54453],[82.04149,16.54426],[82.04158,16.54426],[82.04158,16.54408],[82.04167,16.54407],[82.04167,16.54398],[82.04177,16.54398],[82.04177,16.54389],[82.04186,16.54389],[82.04195,16.54371],[82.04214,16.54371],[82.04223,16.54353],[82.04242,16.54353],[82.04242,16.54344],[82.04251,16.54344],[82.04251,16.54335],[82.04261,16.54335],[82.04261,16.54326],[82.04279,16.54317],[82.04279,16.54308],[82.0427,16.54308],[82.0427,16.54289],[82.0426,16.5429],[82.0426,16.5428],[82.04242,16.54272],[82.04241,16.54226],[82.04251,16.54226],[82.04251,16.54208],[82.0426,16.54208],[82.0426,16.54199],[82.04279,16.54199],[82.04279,16.5419],[82.04297,16.54181],[82.04297,16.54163],[82.04344,16.54163],[82.04344,16.54172],[82.04353,16.54172],[82.04353,16.54181],[82.04363,16.54181],[82.04363,16.5419],[82.04382,16.54199],[82.04382,16.54217],[82.04391,16.54217],[82.04401,16.54235],[82.04419,16.54235],[82.04419,16.54262],[82.04401,16.54271],[82.04401,16.54289],[82.04382,16.54289],[82.04382,16.54298],[82.04364,16.54307],[82.04364,16.54325],[82.04345,16.54325],[82.04345,16.54334],[82.04326,16.54343],[82.04326,16.54362],[82.04317,16.54362],[82.04317,16.54371],[82.04308,16.54371],[82.04308,16.5438],[82.04298,16.5438],[82.04298,16.54389],[82.04289,16.54389],[82.04289,16.54398],[82.0428,16.54398],[82.0428,16.54407],[82.0427,16.54407],[82.0427,16.54416],[82.04261,16.54416],[82.04261,16.54425],[82.04252,16.54425],[82.04252,16.54434],[82.04242,16.54434],[82.04242,16.54443],[82.04233,16.54443],[82.04233,16.54452],[82.04224,16.54452],[82.04214,16.54471],[82.04196,16.54471],[82.04196,16.5448],[82.04186,16.5448],[82.04186,16.54489],[82.04177,16.54489],[82.04177,16.54498],[82.04168,16.54498],[82.04168,16.54507],[82.04158,16.54507],[82.04149,16.54525],[82.04112,16.54534],[82.04102,16.54552],[82.04065,16.54553]]]},"properties":{"feature_id":"konaseema-00009","belt":"konaseema","district":"","area_ha":4.69,"lon":82.04264,"lat":16.543381,"source":"obia","sensor":"Sentinel-1 RTC (VV), 10 m","season":"2024 kharif","detected":true,"surveyed":false,"likely_block":false}},{"type":"Feature","geometry":{"type":"Polygon","coordinates":[[[81.99573,16.59311],[81.99572,16.59302],[81.99563,16.59302],[81.99563,16.59248],[81.99572,16.59248],[81.99572,16.59239],[81.99563,16.59239],[81.99562,16.59175],[81.99553,16.59175],[81.99553,16.59076],[81.99674,16.59075],[81.99674,16.59066],[81.99702,16.59066],[81.99703,16.59129],[81.99712,16.59129],[81.99712,16.59166],[81.99722,16.59166],[81.99722,16.59193],[81.99713,16.59193],[81.99713,16.59202],[81.99722,16.59202],[81.99722,16.59301],[81.99573,16.59311]]]},"properties":{"feature_id":"konaseema-00010","belt":"konaseema","district":"","area_ha":4.29,"lon":81.996373,"lat":16.591909,"source":"obia","sensor":"Sentinel-1 RTC (VV), 10 m","season":"2024 kharif","detected":true,"surveyed":false,"likely_block":false}},{"type":"Feature","geometry":{"type":"Polygon","coordinates":[[[82.05063,16.67527],[82.05054,16.67491],[82.05035,16.67491],[82.05035,16.67455],[82.05053,16.67455],[82.05053,16.67446],[82.05082,16.67446],[82.05081,16.67437],[82.05091,16.67437],[82.05091,16.67428],[82.0511,16.67427],[82.0511,16.67418],[82.05156,16.67418],[82.05156,16.67409],[82.05335,16.67408],[82.05335,16.67417],[82.05391,16.67417],[82.05391,16.67426],[82.05419,16.67426],[82.05419,16.67435],[82.05466,16.67435],[82.05466,16.67444],[82.05503,16.67443],[82.05504,16.67453],[82.05522,16.67452],[82.05522,16.67461],[82.05513,16.67462],[82.05513,16.6748],[82.05504,16.6748],[82.05504,16.67498],[82.05494,16.67498],[82.05494,16.67507],[82.05476,16.67507],[82.05476,16.67489],[82.0541,16.67489],[82.0541,16.6748],[82.05391,16.6748],[82.05391,16.67489],[82.05354,16.67489],[82.05335,16.67453],[82.05307,16.67454],[82.05307,16.67472],[82.0526,16.67472],[82.0526,16.67445],[82.0525,16.67445],[82.05251,16.67481],[82.05222,16.67481],[82.05222,16.67472],[82.05185,16.67472],[82.05176,16.6749],[82.05147,16.6749],[82.05147,16.67481],[82.05138,16.67481],[82.05138,16.675],[82.05129,16.675],[82.05129,16.67509],[82.0511,16.67509],[82.05101,16.67527],[82.05063,16.67527]]]},"properties":{"feature_id":"konaseema-00011","belt":"konaseema","district":"","area_ha":3.62,"lon":82.052585,"lat":16.674561,"source":"obia","sensor":"Sentinel-1 RTC (VV), 10 m","season":"2024 kharif","detected":true,"surveyed":false,"likely_block":false}},{"type":"Feature","geometry":{"type":"Polygon","coordinates":[[[81.93724,16.72996],[81.93724,16.72941],[81.93733,16.72941],[81.93733,16.72923],[81.93724,16.72923],[81.93724,16.72905],[81.93715,16.72905],[81.93715,16.72896],[81.93724,16.72896],[81.93724,16.72887],[81.93714,16.72887],[81.93714,16.7286],[81.93724,16.7286],[81.93724,16.72842],[81.93733,16.72842],[81.93733,16.72833],[81.93789,16.72833],[81.93789,16.72851],[81.93846,16.7286],[81.93846,16.72851],[81.93883,16.7285],[81.93883,16.72832],[81.93911,16.72832],[81.93911,16.72841],[81.9393,16.72841],[81.9393,16.72823],[81.93958,16.72823],[81.93958,16.7285],[81.93939,16.7285],[81.9394,16.72868],[81.9393,16.72868],[81.9393,16.72932],[81.93921,16.72932],[81.93921,16.7295],[81.9394,16.7295],[81.9394,16.72977],[81.93912,16.72977],[81.93912,16.72968],[81.93893,16.72968],[81.93884,16.72986],[81.93762,16.72987],[81.93762,16.72996],[81.93724,16.72996]],[[81.9378,16.72869],[81.93789,16.72869],[81.93789,16.7286],[81.9378,16.7286],[81.9378,16.72869]]]},"properties":{"feature_id":"konaseema-00012","belt":"konaseema","district":"","area_ha":3.58,"lon":81.938273,"lat":16.729116,"source":"obia","sensor":"Sentinel-1 RTC (VV), 10 m","season":"2024 kharif","detected":true,"surveyed":false,"likely_block":false}},{"type":"Feature","geometry":{"type":"Polygon","coordinates":[[[82.10098,16.64039],[82.10098,16.6403],[82.10041,16.6403],[82.10041,16.64021],[82.10023,16.64022],[82.10022,16.64012],[82.10013,16.64013],[82.10013,16.63931],[82.10003,16.63931],[82.10003,16.63913],[82.09994,16.63913],[82.09994,16.63886],[82.09984,16.63886],[82.09984,16.63859],[82.09975,16.63859],[82.09975,16.63832],[82.09965,16.63832],[82.09965,16.63787],[82.09993,16.63787],[82.09993,16.63778],[82.10087,16.63777],[82.10087,16.63877],[82.10078,16.63877],[82.10078,16.63895],[82.10087,16.63895],[82.10088,16.63931],[82.10106,16.6394],[82.10107,16.63976],[82.10116,16.63976],[82.10116,16.63985],[82.10135,16.63985],[82.10135,16.63994],[82.10144,16.63994],[82.10144,16.64003],[82.10163,16.64012],[82.10163,16.64039],[82.10098,16.64039]],[[82.1006,16.64003],[82.10069,16.64003],[82.10069,16.63985],[82.1005,16.63985],[82.1006,16.64003]]]},"properties":{"feature_id":"konaseema-00013","belt":"konaseema","district":"","area_ha":3.24,"lon":82.100513,"lat":16.639067,"source":"obia","sensor":"Sentinel-1 RTC (VV), 10 m","season":"2024 kharif","detected":true,"surveyed":false,"likely_block":false}},{"type":"Feature","geometry":{"type":"Polygon","coordinates":[[[81.91478,16.60107],[81.91477,16.60098],[81.91459,16.60098],[81.91459,16.60089],[81.91449,16.60089],[81.9144,16.60071],[81.91393,16.60072],[81.91393,16.60062],[81.91384,16.60063],[81.91383,16.60035],[81.91393,16.60035],[81.91393,16.60017],[81.91402,16.60017],[81.91402,16.59999],[81.91411,16.59999],[81.91411,16.59972],[81.91421,16.59972],[81.9143,16.59936],[81.91439,16.59936],[81.91439,16.59927],[81.91458,16.59927],[81.91458,16.59909],[81.91477,16.59908],[81.91477,16.59899],[81.91505,16.59899],[81.91505,16.59908],[81.91523,16.59908],[81.91523,16.59899],[81.91552,16.59899],[81.91551,16.5989],[81.91598,16.5989],[81.91599,16.59944],[81.91589,16.59944],[81.91589,16.59953],[81.91561,16.59953],[81.91561,16.59962],[81.91542,16.59962],[81.91543,16.60062],[81.91524,16.60071],[81.91524,16.60098],[81.91506,16.60098],[81.91506,16.60107],[81.91478,16.60107]]]},"properties":{"feature_id":"konaseema-00014","belt":"konaseema","district":"","area_ha":3.23,"lon":81.91489,"lat":16.599938,"source":"obia","sensor":"Sentinel-1 RTC (VV), 10 m","season":"2024 kharif","detected":true,"surveyed":false,"likely_block":false}},{"type":"Feature","geometry":{"type":"Polygon","coordinates":[[[82.0828,16.70864],[82.0828,16.70855],[82.08261,16.70855],[82.08261,16.70846],[82.08233,16.70846],[82.08233,16.70837],[82.08223,16.70837],[82.08214,16.70819],[82.08186,16.70819],[82.08186,16.7081],[82.08167,16.7081],[82.08167,16.70801],[82.08139,16.70801],[82.08129,16.70765],[82.08092,16.70765],[82.08082,16.70747],[82.08063,16.70747],[82.08063,16.70729],[82.08044,16.70729],[82.08044,16.7072],[82.08035,16.7072],[82.08026,16.70702],[82.08007,16.70703],[82.08007,16.70684],[82.07979,16.70685],[82.07978,16.70676],[82.07969,16.70676],[82.07969,16.70639],[82.07988,16.70639],[82.07988,16.70621],[82.08016,16.70621],[82.08016,16.70657],[82.08007,16.70657],[82.08007,16.70666],[82.08025,16.70666],[82.08025,16.70639],[82.08053,16.70639],[82.08063,16.70657],[82.081,16.70666],[82.0811,16.70684],[82.08129,16.70684],[82.08129,16.70693],[82.08138,16.70693],[82.08138,16.70702],[82.08157,16.70702],[82.08166,16.7072],[82.08185,16.7072],[82.08185,16.70729],[82.08223,16.70738],[82.08223,16.70747],[82.08232,16.70747],[82.08232,16.70756],[82.08251,16.70764],[82.08251,16.70792],[82.08242,16.70792],[82.08242,16.70801],[82.08251,16.70801],[82.08251,16.70819],[82.08261,16.70819],[82.08261,16.70801],[82.0827,16.70801],[82.08279,16.70782],[82.08307,16.70782],[82.08307,16.70791],[82.08317,16.70791],[82.08317,16.70818],[82.08326,16.70818],[82.08326,16.70845],[82.08317,16.70845],[82.08308,16.70864],[82.0828,16.70864]]]},"properties":{"feature_id":"konaseema-00015","belt":"konaseema","district":"","area_ha":3.22,"lon":82.081485,"lat":16.707457,"source":"obia","sensor":"Sentinel-1 RTC (VV), 10 m","season":"2024 kharif","detected":true,"surveyed":false,"likely_block":false}},{"type":"Feature","geometry":{"type":"Polygon","coordinates":[[[82.0263,16.68389],[82.0263,16.68353],[82.02601,16.68353],[82.02601,16.68335],[82.02592,16.68335],[82.02592,16.68281],[82.02582,16.68281],[82.02582,16.68263],[82.02573,16.68263],[82.02572,16.68208],[82.02657,16.68208],[82.02657,16.68217],[82.02676,16.68217],[82.02676,16.68226],[82.02704,16.68226],[82.02704,16.68217],[82.02685,16.68208],[82.02685,16.68163],[82.02675,16.68163],[82.02675,16.68136],[82.02703,16.68135],[82.02703,16.68126],[82.02741,16.68126],[82.02741,16.68117],[82.02788,16.68117],[82.02788,16.68135],[82.02807,16.68144],[82.02807,16.68198],[82.02816,16.68198],[82.02816,16.68234],[82.02788,16.68234],[82.02788,16.68216],[82.0276,16.68217],[82.0276,16.68189],[82.02732,16.6819],[82.02732,16.68199],[82.02722,16.68199],[82.02723,16.68208],[82.02732,16.68208],[82.02732,16.68244],[82.02713,16.68244],[82.02713,16.68253],[82.02676,16.68253],[82.02676,16.68262],[82.02667,16.68262],[82.02667,16.6828],[82.02676,16.6828],[82.02676,16.68307],[82.02667,16.68307],[82.02667,16.68316],[82.02676,16.68316],[82.02676,16.68362],[82.02667,16.68362],[82.02667,16.6838],[82.02658,16.6838],[82.02658,16.68389],[82.0263,16.68389]]]},"properties":{"feature_id":"konaseema-00016","belt":"konaseema","district":"","area_ha":3.16,"lon":82.026835,"lat":16.682353,"source":"obia","sensor":"Sentinel-1 RTC (VV), 10 m","season":"2024 kharif","detected":true,"surveyed":false,"likely_block":false}},{"type":"Feature","geometry":{"type":"Polygon","coordinates":[[[82.06474,16.56457],[82.06474,16.56439],[82.06465,16.56439],[82.06465,16.56421],[82.06455,16.56421],[82.06455,16.56384],[82.06446,16.56384],[82.06446,16.56366],[82.06427,16.56367],[82.06427,16.5633],[82.06436,16.5633],[82.06436,16.56321],[82.06455,16.56312],[82.06455,16.56294],[82.06464,16.56294],[82.06464,16.56285],[82.06473,16.56285],[82.06473,16.56276],[82.06492,16.56267],[82.06492,16.56249],[82.06501,16.56249],[82.06501,16.5624],[82.06511,16.5624],[82.06511,16.56231],[82.0652,16.5623],[82.06529,16.56212],[82.06557,16.56212],[82.06557,16.56221],[82.06567,16.56221],[82.06567,16.56239],[82.06576,16.56239],[82.06576,16.56257],[82.06586,16.56257],[82.06586,16.56266],[82.06605,16.56275],[82.06605,16.56338],[82.06596,16.56339],[82.06596,16.56348],[82.06586,16.56348],[82.06586,16.56366],[82.06577,16.56366],[82.06577,16.56375],[82.06558,16.56384],[82.06558,16.56402],[82.0654,16.56402],[82.0654,16.5642],[82.06521,16.56429],[82.06521,16.56447],[82.06512,16.56447],[82.06512,16.56456],[82.06474,16.56457]]]},"properties":{"feature_id":"konaseema-00017","belt":"konaseema","district":"","area_ha":3.09,"lon":82.06519,"lat":16.563331,"source":"obia","sensor":"Sentinel-1 RTC (VV), 10 m","season":"2024 kharif","detected":true,"surveyed":false,"likely_block":false}},{"type":"Feature","geometry":{"type":"Polygon","coordinates":[[[82.09681,16.53349],[82.09681,16.5334],[82.09671,16.5334],[82.09671,16.53322],[82.09662,16.53322],[82.09662,16.53304],[82.09652,16.53304],[82.09652,16.53295],[82.09634,16.53286],[82.09633,16.53268],[82.09615,16.53259],[82.09605,16.53223],[82.09586,16.53214],[82.09586,16.53178],[82.09595,16.53178],[82.09605,16.53159],[82.09623,16.53159],[82.09623,16.53141],[82.09642,16.53141],[82.09651,16.53123],[82.09679,16.53123],[82.0968,16.53141],[82.09689,16.53141],[82.09689,16.5315],[82.09698,16.5315],[82.09698,16.53159],[82.09717,16.53168],[82.09717,16.53186],[82.09727,16.53186],[82.09736,16.53222],[82.09755,16.53231],[82.09755,16.53249],[82.09774,16.53249],[82.09774,16.53258],[82.09783,16.53258],[82.09784,16.53294],[82.09774,16.53294],[82.09765,16.53312],[82.09746,16.53312],[82.09746,16.53321],[82.09737,16.53321],[82.09728,16.5334],[82.09709,16.5334],[82.09709,16.53349],[82.09681,16.53349]]]},"properties":{"feature_id":"konaseema-00018","belt":"konaseema","district":"","area_ha":2.97,"lon":82.096826,"lat":16.532375,"source":"obia","sensor":"Sentinel-1 RTC (VV), 10 m","season":"2024 kharif","detected":true,"surveyed":false,"likely_block":false}},{"type":"Feature","geometry":{"type":"Polygon","coordinates":[[[81.95278,16.70494],[81.95278,16.70485],[81.95241,16.70485],[81.95241,16.70476],[81.95231,16.70476],[81.95231,16.70458],[81.95222,16.70458],[81.95222,16.7044],[81.95213,16.7044],[81.95212,16.70431],[81.95184,16.70431],[81.95184,16.70413],[81.95147,16.70413],[81.95147,16.70404],[81.95137,16.70404],[81.95137,16.70377],[81.95147,16.70377],[81.95147,16.70368],[81.95156,16.70368],[81.95156,16.70359],[81.95175,16.7035],[81.95174,16.70332],[81.9524,16.70331],[81.9524,16.70313],[81.95249,16.70313],[81.95249,16.70304],[81.95268,16.70304],[81.95268,16.70277],[81.95296,16.70277],[81.95296,16.70268],[81.95334,16.70268],[81.95334,16.70313],[81.95287,16.70313],[81.95287,16.70304],[81.95278,16.70304],[81.95278,16.70322],[81.95306,16.70322],[81.95306,16.70349],[81.95343,16.70349],[81.95344,16.70403],[81.95334,16.70403],[81.95334,16.7043],[81.95325,16.7043],[81.95325,16.70439],[81.95306,16.7044],[81.95306,16.70458],[81.95316,16.70458],[81.95316,16.70485],[81.95307,16.70485],[81.95307,16.70494],[81.95278,16.70494]],[[81.95278,16.7044],[81.95297,16.7044],[81.95297,16.70431],[81.95288,16.70431],[81.95287,16.70394],[81.95278,16.70394],[81.95278,16.70385],[81.95269,16.70385],[81.95269,16.70376],[81.95259,16.70376],[81.95259,16.70404],[81.95278,16.70413],[81.95278,16.7044]],[[81.9525,16.70377],[81.95259,16.70376],[81.95259,16.70367],[81.9525,16.70367],[81.9525,16.70377]]]},"properties":{"feature_id":"konaseema-00019","belt":"konaseema","district":"","area_ha":2.96,"lon":81.952567,"lat":16.703842,"source":"obia","sensor":"Sentinel-1 RTC (VV), 10 m","season":"2024 kharif","detected":true,"surveyed":false,"likely_block":false}},{"type":"Feature","geometry":{"type":"Polygon","coordinates":[[[81.90602,16.53196],[81.90601,16.53124],[81.90629,16.53124],[81.90639,16.53088],[81.9062,16.53088],[81.9062,16.53106],[81.90592,16.53106],[81.90591,16.53052],[81.9062,16.53052],[81.9062,16.53061],[81.90629,16.53061],[81.90629,16.53043],[81.90863,16.53042],[81.90863,16.53069],[81.90854,16.53069],[81.90854,16.53078],[81.90835,16.53078],[81.90826,16.53096],[81.90789,16.53105],[81.90779,16.53123],[81.90742,16.53132],[81.90733,16.53151],[81.90695,16.53151],[81.90695,16.5316],[81.90676,16.5316],[81.90676,16.53169],[81.90639,16.53178],[81.9063,16.53196],[81.90602,16.53196]]]},"properties":{"feature_id":"konaseema-00020","belt":"konaseema","district":"","area_ha":2.9,"lon":81.907045,"lat":16.530977,"source":"obia","sensor":"Sentinel-1 RTC (VV), 10 m","season":"2024 kharif","detected":true,"surveyed":false,"likely_block":false}},{"type":"Feature","geometry":{"type":"Polygon","coordinates":[[[82.04153,16.67496],[82.04153,16.67486],[82.04107,16.67487],[82.04106,16.67478],[82.0406,16.67478],[82.0406,16.67469],[82.04022,16.67469],[82.04022,16.6746],[82.03994,16.6746],[82.03994,16.67451],[82.03947,16.67451],[82.03947,16.67442],[82.03937,16.67442],[82.03937,16.67424],[82.039,16.67415],[82.039,16.67361],[82.03946,16.67361],[82.03947,16.67379],[82.03956,16.67379],[82.03956,16.67388],[82.03984,16.67388],[82.03984,16.67397],[82.03993,16.67397],[82.03994,16.67406],[82.04012,16.67406],[82.04012,16.67415],[82.0404,16.67415],[82.0404,16.67379],[82.0405,16.67379],[82.0405,16.67369],[82.04115,16.67369],[82.04115,16.67378],[82.04143,16.67378],[82.04143,16.67387],[82.04153,16.67387],[82.04162,16.67405],[82.0419,16.67405],[82.04191,16.67414],[82.04209,16.67423],[82.04209,16.67441],[82.04238,16.67441],[82.04238,16.67468],[82.042,16.67468],[82.042,16.6745],[82.04163,16.6745],[82.04163,16.67468],[82.04181,16.67468],[82.04182,16.67495],[82.04153,16.67496]],[[82.04069,16.67433],[82.04078,16.67433],[82.04087,16.67414],[82.04069,16.67415],[82.04069,16.67433]]]},"properties":{"feature_id":"konaseema-00021","belt":"konaseema","district":"","area_ha":2.87,"lon":82.040681,"lat":16.674262,"source":"obia","sensor":"Sentinel-1 RTC (VV), 10 m","season":"2024 kharif","detected":true,"surveyed":false,"likely_block":false}},{"type":"Feature","geometry":{"type":"Polygon","coordinates":[[[81.93876,16.71422],[81.93876,16.71413],[81.93857,16.71413],[81.93857,16.71404],[81.93848,16.71404],[81.93848,16.71368],[81.93857,16.71368],[81.93857,16.71359],[81.93876,16.71359],[81.93876,16.7135],[81.93904,16.7135],[81.93904,16.71377],[81.93895,16.71377],[81.93895,16.71386],[81.93913,16.71386],[81.93913,16.71368],[81.93942,16.71368],[81.93941,16.7135],[81.93951,16.7135],[81.93951,16.71341],[81.93998,16.7134],[81.93998,16.71349],[81.94035,16.71349],[81.94044,16.71259],[81.94072,16.71259],[81.94072,16.71277],[81.94082,16.71277],[81.94082,16.71268],[81.9411,16.71268],[81.9411,16.71277],[81.94119,16.71277],[81.94119,16.71268],[81.94129,16.71267],[81.94129,16.71249],[81.94138,16.71249],[81.94138,16.71258],[81.94157,16.71258],[81.94157,16.71267],[81.94176,16.71267],[81.94176,16.71331],[81.94166,16.71331],[81.94157,16.71349],[81.94138,16.71349],[81.94138,16.71358],[81.9411,16.71358],[81.9411,16.71349],[81.94073,16.7134],[81.94073,16.71376],[81.94054,16.71385],[81.94054,16.71403],[81.94045,16.71403],[81.94036,16.71422],[81.93998,16.71422],[81.93998,16.71404],[81.9397,16.71404],[81.9397,16.71413],[81.93895,16.71413],[81.93895,16.71422],[81.93876,16.71422]],[[81.93885,16.71395],[81.93895,16.71395],[81.93895,16.71386],[81.93885,16.71386],[81.93885,16.71395]]]},"properties":{"feature_id":"konaseema-00022","belt":"konaseema","district":"","area_ha":2.85,"lon":81.940303,"lat":16.713463,"source":"obia","sensor":"Sentinel-1 RTC (VV), 10 m","season":"2024 kharif","detected":true,"surveyed":false,"likely_block":false}},{"type":"Feature","geometry":{"type":"Polygon","coordinates":[[[81.99757,16.69686],[81.99757,16.69632],[81.99738,16.69632],[81.99738,16.69641],[81.99729,16.69641],[81.99729,16.69659],[81.99701,16.6966],[81.99701,16.69642],[81.99692,16.69642],[81.99692,16.6966],[81.99664,16.6966],[81.99663,16.69651],[81.99635,16.69651],[81.99635,16.69615],[81.99654,16.69615],[81.99654,16.69588],[81.99682,16.69587],[81.99682,16.69596],[81.99701,16.69596],[81.99701,16.69632],[81.9971,16.69632],[81.9971,16.69605],[81.99719,16.69605],[81.99729,16.69587],[81.9971,16.69587],[81.9971,16.69578],[81.99701,16.69578],[81.997,16.6956],[81.99691,16.6956],[81.997,16.69506],[81.99719,16.69506],[81.99728,16.69488],[81.99747,16.69488],[81.99747,16.69479],[81.99766,16.69478],[81.99766,16.69469],[81.99841,16.6946],[81.99841,16.69496],[81.99775,16.69497],[81.99775,16.69515],[81.99785,16.69515],[81.99785,16.69524],[81.99813,16.69523],[81.99813,16.69542],[81.99822,16.69541],[81.99823,16.69587],[81.99804,16.69596],[81.99804,16.69632],[81.99785,16.69632],[81.99786,16.69686],[81.99757,16.69686]],[[81.99663,16.69633],[81.99673,16.69633],[81.99673,16.69624],[81.99663,16.69624],[81.99663,16.69633]]]},"properties":{"feature_id":"konaseema-00023","belt":"konaseema","district":"","area_ha":2.66,"lon":81.997476,"lat":16.695733,"source":"obia","sensor":"Sentinel-1 RTC (VV), 10 m","season":"2024 kharif","detected":true,"surveyed":false,"likely_block":false}},{"type":"Feature","geometry":{"type":"Polygon","coordinates":[[[81.98142,16.54536],[81.98142,16.54527],[81.98133,16.54527],[81.98133,16.54509],[81.98086,16.54509],[81.98086,16.54464],[81.98095,16.54464],[81.98095,16.54419],[81.98104,16.54419],[81.98104,16.54392],[81.98123,16.54392],[81.98123,16.54383],[81.9817,16.54382],[81.9817,16.54391],[81.98245,16.54391],[81.98245,16.54445],[81.98254,16.54445],[81.98255,16.5449],[81.98245,16.5449],[81.98245,16.54518],[81.98208,16.54518],[81.98208,16.54527],[81.98189,16.54527],[81.98189,16.54536],[81.98142,16.54536]]]},"properties":{"feature_id":"konaseema-00024","belt":"konaseema","district":"","area_ha":2.45,"lon":81.981712,"lat":16.544576,"source":"obia","sensor":"Sentinel-1 RTC (VV), 10 m","season":"2024 kharif","detected":true,"surveyed":false,"likely_block":false}},{"type":"Feature","geometry":{"type":"Polygon","coordinates":[[[82.0433,16.53358],[82.0433,16.53313],[82.04349,16.53313],[82.04349,16.53304],[82.04358,16.53304],[82.04349,16.53286],[82.0433,16.53286],[82.0433,16.53241],[82.04526,16.5324],[82.04526,16.53249],[82.04545,16.53249],[82.04545,16.53276],[82.04536,16.53276],[82.04536,16.53294],[82.04452,16.53294],[82.04452,16.53285],[82.04396,16.53295],[82.04396,16.53313],[82.04471,16.53312],[82.04471,16.53321],[82.0448,16.53321],[82.0448,16.53312],[82.04536,16.53312],[82.04536,16.53339],[82.04527,16.53339],[82.04527,16.53357],[82.0433,16.53358]]]},"properties":{"feature_id":"konaseema-00025","belt":"konaseema","district":"","area_ha":2.45,"lon":82.044316,"lat":16.532978,"source":"obia","sensor":"Sentinel-1 RTC (VV), 10 m","season":"2024 kharif","detected":true,"surveyed":false,"likely_block":false}},{"type":"Feature","geometry":{"type":"Polygon","coordinates":[[[82.04225,16.54687],[82.04225,16.54651],[82.04244,16.54651],[82.04253,16.54615],[82.04262,16.54615],[82.04262,16.54606],[82.04281,16.54597],[82.04281,16.54579],[82.04299,16.5457],[82.04299,16.54551],[82.0429,16.54552],[82.0429,16.54542],[82.0428,16.54543],[82.0428,16.54533],[82.04271,16.54534],[82.04262,16.54515],[82.04243,16.54516],[82.04243,16.54479],[82.04252,16.54479],[82.04252,16.5447],[82.04261,16.5447],[82.04261,16.54461],[82.04271,16.54461],[82.04271,16.54452],[82.0428,16.54452],[82.04289,16.54434],[82.04308,16.54434],[82.04308,16.54416],[82.04317,16.54416],[82.04317,16.54407],[82.04336,16.54407],[82.04336,16.54389],[82.04345,16.54389],[82.04345,16.54379],[82.04383,16.54379],[82.04383,16.54388],[82.04392,16.54388],[82.04392,16.54433],[82.04383,16.54434],[82.04383,16.54443],[82.04364,16.54452],[82.04364,16.5447],[82.04355,16.5447],[82.04355,16.54488],[82.04364,16.54488],[82.04365,16.54515],[82.04355,16.54515],[82.04355,16.54533],[82.04337,16.54542],[82.04337,16.5456],[82.04318,16.54569],[82.04318,16.54606],[82.04309,16.54606],[82.04309,16.54624],[82.043,16.54624],[82.043,16.54633],[82.0429,16.54633],[82.0429,16.54642],[82.04272,16.54651],[82.04272,16.54669],[82.04262,16.54669],[82.04253,16.54687],[82.04225,16.54687]]]},"properties":{"feature_id":"konaseema-00026","belt":"konaseema","district":"","area_ha":2.41,"lon":82.043099,"lat":16.545112,"source":"obia","sensor":"Sentinel-1 RTC (VV), 10 m","season":"2024 kharif","detected":true,"surveyed":false,"likely_block":false}},{"type":"Feature","geometry":{"type":"Polygon","coordinates":[[[82.02461,16.68453],[82.02461,16.68444],[82.02452,16.68444],[82.02452,16.68399],[82.02433,16.6839],[82.02433,16.68345],[82.02442,16.68345],[82.02442,16.68318],[82.02451,16.68317],[82.02451,16.6829],[82.0246,16.6829],[82.0246,16.68281],[82.02451,16.68281],[82.02451,16.68254],[82.02441,16.68254],[82.02441,16.68218],[82.02469,16.68218],[82.02469,16.68209],[82.02488,16.68209],[82.02497,16.68191],[82.02544,16.6819],[82.02544,16.68236],[82.02535,16.68236],[82.02535,16.68263],[82.02526,16.68263],[82.02526,16.68272],[82.02517,16.68272],[82.02517,16.6829],[82.02507,16.6829],[82.02507,16.68317],[82.02517,16.68317],[82.02517,16.6838],[82.02526,16.6838],[82.02527,16.68398],[82.02536,16.68398],[82.02536,16.68444],[82.02508,16.68444],[82.02508,16.68453],[82.02461,16.68453]]]},"properties":{"feature_id":"konaseema-00027","belt":"konaseema","district":"","area_ha":2.38,"lon":82.024876,"lat":16.683234,"source":"obia","sensor":"Sentinel-1 RTC (VV), 10 m","season":"2024 kharif","detected":true,"surveyed":false,"likely_block":false}},{"type":"Feature","geometry":{"type":"Polygon","coordinates":[[[81.97917,16.71187],[81.97917,16.71178],[81.9788,16.71178],[81.9788,16.71151],[81.97908,16.7115],[81.97908,16.71123],[81.97917,16.71123],[81.97926,16.71105],[81.9802,16.71105],[81.9803,16.71087],[81.98058,16.71087],[81.98058,16.71077],[81.98067,16.71077],[81.98076,16.71059],[81.98104,16.71059],[81.98104,16.7105],[81.98151,16.7105],[81.98151,16.71041],[81.9817,16.71041],[81.9817,16.71032],[81.98217,16.71032],[81.98217,16.71059],[81.98208,16.71059],[81.98208,16.71068],[81.9818,16.71068],[81.9818,16.71077],[81.98151,16.71077],[81.98151,16.71086],[81.98133,16.71086],[81.98133,16.71113],[81.98105,16.71113],[81.98095,16.71095],[81.98058,16.71114],[81.98058,16.71132],[81.98095,16.71141],[81.98096,16.71168],[81.97983,16.71168],[81.97983,16.71177],[81.97955,16.71177],[81.97955,16.71186],[81.97917,16.71187]],[[81.9802,16.71141],[81.98039,16.71141],[81.98039,16.71132],[81.9802,16.71132],[81.9802,16.71141]]]},"properties":{"feature_id":"konaseema-00028","belt":"konaseema","district":"","area_ha":2.28,"lon":81.980375,"lat":16.711169,"source":"obia","sensor":"Sentinel-1 RTC (VV), 10 m","season":"2024 kharif","detected":true,"surveyed":false,"likely_block":false}},{"type":"Feature","geometry":{"type":"Polygon","coordinates":[[[81.96167,16.53144],[81.96167,16.53135],[81.96158,16.53135],[81.96158,16.53126],[81.96139,16.53117],[81.96139,16.53099],[81.9612,16.53099],[81.9612,16.53081],[81.96111,16.53081],[81.96111,16.53072],[81.96092,16.53072],[81.96092,16.53054],[81.96083,16.53054],[81.96083,16.53045],[81.96064,16.53045],[81.96064,16.53018],[81.96307,16.53017],[81.96308,16.53044],[81.96279,16.53044],[81.96279,16.53053],[81.9627,16.53053],[81.9627,16.53062],[81.96251,16.53072],[81.96252,16.5309],[81.96233,16.5309],[81.96233,16.53108],[81.96224,16.53108],[81.96224,16.53117],[81.96205,16.53126],[81.96205,16.53144],[81.96167,16.53144]]]},"properties":{"feature_id":"konaseema-00029","belt":"konaseema","district":"","area_ha":2.12,"lon":81.961828,"lat":16.530631,"source":"obia","sensor":"Sentinel-1 RTC (VV), 10 m","season":"2024 kharif","detected":true,"surveyed":false,"likely_block":false}},{"type":"Feature","geometry":{"type":"Polygon","coordinates":[[[81.899,16.63612],[81.899,16.63603],[81.89891,16.63603],[81.89891,16.63576],[81.89881,16.63576],[81.89881,16.63558],[81.89862,16.63549],[81.89862,16.63531],[81.89853,16.63531],[81.89853,16.63513],[81.89844,16.63513],[81.89843,16.63495],[81.89834,16.63495],[81.89834,16.63441],[81.89843,16.63441],[81.89843,16.63432],[81.89881,16.63432],[81.89881,16.63441],[81.89937,16.6344],[81.89937,16.63449],[81.89946,16.63449],[81.89947,16.63486],[81.89956,16.63485],[81.89956,16.63513],[81.89965,16.63513],[81.89966,16.63603],[81.89938,16.63603],[81.89938,16.63612],[81.899,16.63612]]]},"properties":{"feature_id":"konaseema-00030","belt":"konaseema","district":"","area_ha":2.02,"lon":81.899051,"lat":16.635162,"source":"obia","sensor":"Sentinel-1 RTC (VV), 10 m","season":"2024 kharif","detected":true,"surveyed":false,"likely_block":false}},{"type":"Feature","geometry":{"type":"Polygon","coordinates":[[[82.00474,16.70343],[82.00474,16.70334],[82.00455,16.70325],[82.00464,16.70307],[82.00436,16.70307],[82.00436,16.70298],[82.00417,16.70298],[82.00426,16.70262],[82.00454,16.70262],[82.00454,16.70271],[82.00464,16.70271],[82.00464,16.70207],[82.00473,16.70207],[82.00473,16.70189],[82.00501,16.70189],[82.00501,16.7018],[82.0052,16.7018],[82.0052,16.70171],[82.00529,16.70171],[82.00529,16.70162],[82.00548,16.70153],[82.00548,16.70135],[82.00557,16.70134],[82.00557,16.70125],[82.00576,16.70125],[82.00576,16.70116],[82.00622,16.70116],[82.00623,16.70143],[82.00613,16.70143],[82.00604,16.70161],[82.00585,16.70161],[82.00585,16.70171],[82.00576,16.70171],[82.00576,16.7018],[82.00567,16.7018],[82.00567,16.70189],[82.00557,16.70189],[82.00557,16.70198],[82.00548,16.70198],[82.00548,16.70207],[82.00529,16.70216],[82.00529,16.70225],[82.00548,16.70225],[82.00548,16.70243],[82.00567,16.70243],[82.00567,16.70261],[82.00558,16.70261],[82.00558,16.7027],[82.00539,16.70279],[82.00539,16.70252],[82.00529,16.70252],[82.0053,16.7027],[82.00501,16.7027],[82.00501,16.70279],[82.00483,16.70289],[82.00483,16.70307],[82.0052,16.70306],[82.0052,16.70315],[82.00539,16.70315],[82.00539,16.70324],[82.0053,16.70324],[82.00521,16.70343],[82.00474,16.70343]]]},"properties":{"feature_id":"konaseema-00031","belt":"konaseema","district":"","area_ha":1.92,"lon":82.005155,"lat":16.702314,"source":"obia","sensor":"Sentinel-1 RTC (VV), 10 m","season":"2024 kharif","detected":true,"surveyed":false,"likely_block":false}},{"type":"Feature","geometry":{"type":"Polygon","coordinates":[[[82.07794,16.71156],[82.07794,16.71147],[82.07784,16.71147],[82.07784,16.7111],[82.07775,16.7111],[82.07774,16.71038],[82.07784,16.71038],[82.07784,16.71029],[82.07802,16.71029],[82.07802,16.7102],[82.07821,16.71011],[82.07821,16.70984],[82.0783,16.70984],[82.0783,16.70975],[82.07849,16.70974],[82.07858,16.70956],[82.07886,16.70956],[82.07887,16.71038],[82.07877,16.71038],[82.07877,16.71047],[82.07849,16.71047],[82.07849,16.71029],[82.0784,16.71029],[82.0784,16.71047],[82.07821,16.71047],[82.07821,16.71056],[82.07849,16.71056],[82.07859,16.71074],[82.07887,16.71074],[82.07887,16.71083],[82.07896,16.71083],[82.07897,16.7111],[82.07868,16.7111],[82.07869,16.71146],[82.07794,16.71156]],[[82.07822,16.71119],[82.07831,16.71119],[82.07831,16.71092],[82.07821,16.71092],[82.07822,16.71119]],[[82.07859,16.7111],[82.07868,16.7111],[82.07868,16.71101],[82.07859,16.71101],[82.07859,16.7111]]]},"properties":{"feature_id":"konaseema-00032","belt":"konaseema","district":"","area_ha":1.8,"lon":82.078344,"lat":16.710641,"source":"obia","sensor":"Sentinel-1 RTC (VV), 10 m","season":"2024 kharif","detected":true,"surveyed":false,"likely_block":false}},{"type":"Feature","geometry":{"type":"Polygon","coordinates":[[[82.05562,16.69567],[82.05562,16.69513],[82.05534,16.69513],[82.05534,16.69504],[82.05543,16.69504],[82.05543,16.69486],[82.05552,16.69486],[82.05552,16.69477],[82.05562,16.69477],[82.05562,16.69504],[82.0558,16.69504],[82.0558,16.6945],[82.05561,16.6945],[82.05561,16.69423],[82.05571,16.69423],[82.0558,16.69404],[82.05617,16.69404],[82.05617,16.69413],[82.05627,16.69413],[82.05636,16.69431],[82.05683,16.69431],[82.05683,16.6944],[82.05702,16.6944],[82.05702,16.69458],[82.05711,16.69458],[82.05712,16.69485],[82.05693,16.69485],[82.05693,16.69494],[82.05674,16.69494],[82.05674,16.69503],[82.05646,16.69504],[82.05646,16.69531],[82.05637,16.69531],[82.05637,16.6954],[82.05599,16.6954],[82.05599,16.69549],[82.0559,16.69549],[82.0559,16.69567],[82.05562,16.69567]]]},"properties":{"feature_id":"konaseema-00033","belt":"konaseema","district":"","area_ha":1.76,"lon":82.056194,"lat":16.694787,"source":"obia","sensor":"Sentinel-1 RTC (VV), 10 m","season":"2024 kharif","detected":true,"surveyed":false,"likely_block":false}},{"type":"Feature","geometry":{"type":"Polygon","coordinates":[[[82.03848,16.70046],[82.03848,16.70019],[82.03839,16.70019],[82.03839,16.69974],[82.03848,16.69974],[82.03848,16.69965],[82.03857,16.69965],[82.03867,16.69946],[82.03895,16.69946],[82.03895,16.69937],[82.0396,16.69937],[82.0396,16.69946],[82.0397,16.69946],[82.0397,16.69955],[82.03989,16.69964],[82.03998,16.7],[82.04008,16.7],[82.04008,16.70036],[82.03998,16.70036],[82.03998,16.70045],[82.0397,16.70045],[82.0397,16.70036],[82.03961,16.70036],[82.03961,16.70045],[82.03905,16.70046],[82.03905,16.70037],[82.03848,16.70046]],[[82.03904,16.70009],[82.03923,16.70009],[82.03923,16.69982],[82.03904,16.69982],[82.03904,16.70009]]]},"properties":{"feature_id":"konaseema-00034","belt":"konaseema","district":"","area_ha":1.72,"lon":82.039221,"lat":16.699952,"source":"obia","sensor":"Sentinel-1 RTC (VV), 10 m","season":"2024 kharif","detected":true,"surveyed":false,"likely_block":false}},{"type":"Feature","geometry":{"type":"Polygon","coordinates":[[[81.96636,16.70063],[81.96636,16.70036],[81.96617,16.70036],[81.96617,16.70027],[81.96589,16.70027],[81.96589,16.70018],[81.9658,16.70018],[81.9658,16.70009],[81.9657,16.70009],[81.9657,16.7],[81.96561,16.7],[81.96561,16.69991],[81.96551,16.69991],[81.96542,16.69973],[81.96523,16.69973],[81.96523,16.69964],[81.96514,16.69964],[81.96514,16.69955],[81.96495,16.69946],[81.96495,16.69928],[81.96476,16.69928],[81.96476,16.69919],[81.96457,16.6991],[81.96457,16.69892],[81.96448,16.69892],[81.96448,16.69865],[81.96466,16.69865],[81.96466,16.69856],[81.96495,16.69856],[81.96495,16.69865],[81.96513,16.69874],[81.96513,16.69892],[81.96523,16.69892],[81.96523,16.69901],[81.96532,16.69901],[81.96532,16.6991],[81.96542,16.6991],[81.96542,16.69919],[81.96551,16.69919],[81.96551,16.69928],[81.96561,16.69928],[81.96561,16.69937],[81.9657,16.69937],[81.9657,16.69946],[81.96579,16.69946],[81.96579,16.69955],[81.96598,16.69964],[81.96598,16.69982],[81.96617,16.69982],[81.96617,16.69991],[81.96627,16.69991],[81.96636,16.70009],[81.96655,16.70008],[81.96655,16.70018],[81.96692,16.70017],[81.96692,16.70026],[81.96711,16.70026],[81.96711,16.70053],[81.96636,16.70063]]]},"properties":{"feature_id":"konaseema-00035","belt":"konaseema","district":"","area_ha":1.69,"lon":81.965662,"lat":16.699634,"source":"obia","sensor":"Sentinel-1 RTC (VV), 10 m","season":"2024 kharif","detected":true,"surveyed":false,"likely_block":false}},{"type":"Feature","geometry":{"type":"Polygon","coordinates":[[[81.97517,16.53174],[81.97517,16.53165],[81.97479,16.53156],[81.97479,16.5312],[81.9747,16.5312],[81.9747,16.53111],[81.9746,16.53111],[81.9746,16.53102],[81.97442,16.53093],[81.97441,16.53048],[81.97451,16.53048],[81.9746,16.5303],[81.97479,16.5303],[81.97479,16.53021],[81.97526,16.53021],[81.97526,16.5303],[81.97563,16.53038],[81.97563,16.53102],[81.97554,16.53102],[81.97554,16.53147],[81.97545,16.53147],[81.97545,16.53174],[81.97517,16.53174]]]},"properties":{"feature_id":"konaseema-00036","belt":"konaseema","district":"","area_ha":1.61,"lon":81.975076,"lat":16.530893,"source":"obia","sensor":"Sentinel-1 RTC (VV), 10 m","season":"2024 kharif","detected":true,"surveyed":false,"likely_block":false}},{"type":"Feature","geometry":{"type":"Polygon","coordinates":[[[81.97292,16.71705],[81.97273,16.71633],[81.97235,16.71633],[81.97235,16.71588],[81.97272,16.71587],[81.97272,16.71596],[81.97291,16.71596],[81.97301,16.71614],[81.97329,16.71614],[81.97329,16.71605],[81.97366,16.71605],[81.97366,16.71587],[81.97347,16.71587],[81.97347,16.71578],[81.97338,16.71578],[81.97338,16.71551],[81.97366,16.71551],[81.97366,16.7156],[81.97404,16.71569],[81.97404,16.71605],[81.97413,16.71605],[81.97413,16.71614],[81.97404,16.71614],[81.97404,16.71632],[81.97395,16.71632],[81.97385,16.7165],[81.97366,16.7165],[81.97367,16.71677],[81.97357,16.71677],[81.97357,16.71686],[81.97329,16.71687],[81.97329,16.71705],[81.97292,16.71705]]]},"properties":{"feature_id":"konaseema-00037","belt":"konaseema","district":"","area_ha":1.59,"lon":81.973282,"lat":16.716284,"source":"obia","sensor":"Sentinel-1 RTC (VV), 10 m","season":"2024 kharif","detected":true,"surveyed":false,"likely_block":false}},{"type":"Feature","geometry":{"type":"Polygon","coordinates":[[[81.90069,16.67562],[81.90069,16.67543],[81.90059,16.67544],[81.90059,16.67534],[81.90022,16.67535],[81.90021,16.67471],[81.90012,16.67471],[81.90012,16.67417],[81.9004,16.67417],[81.90049,16.67435],[81.90087,16.67435],[81.90087,16.67426],[81.90096,16.67426],[81.90096,16.67408],[81.90134,16.67408],[81.90134,16.67426],[81.90143,16.67426],[81.90143,16.67462],[81.90134,16.67462],[81.90134,16.67471],[81.90125,16.67471],[81.90125,16.6748],[81.90106,16.67489],[81.90106,16.67507],[81.90115,16.67507],[81.90116,16.67543],[81.90106,16.67543],[81.90097,16.67561],[81.90069,16.67562]]]},"properties":{"feature_id":"konaseema-00038","belt":"konaseema","district":"","area_ha":1.58,"lon":81.900748,"lat":16.674783,"source":"obia","sensor":"Sentinel-1 RTC (VV), 10 m","season":"2024 kharif","detected":true,"surveyed":false,"likely_block":false}},{"type":"Feature","geometry":{"type":"Polygon","coordinates":[[[81.95153,16.65984],[81.95153,16.65966],[81.95144,16.65966],[81.95143,16.65948],[81.95134,16.65948],[81.95134,16.65903],[81.95153,16.65903],[81.95153,16.65894],[81.95199,16.65894],[81.95199,16.65903],[81.95209,16.65903],[81.95218,16.65884],[81.95293,16.65884],[81.95293,16.65893],[81.95303,16.65893],[81.95303,16.65947],[81.95293,16.65947],[81.95284,16.65965],[81.95256,16.65966],[81.95256,16.65975],[81.95181,16.65975],[81.95181,16.65984],[81.95153,16.65984]]]},"properties":{"feature_id":"konaseema-00039","belt":"konaseema","district":"","area_ha":1.58,"lon":81.952189,"lat":16.65931,"source":"obia","sensor":"Sentinel-1 RTC (VV), 10 m","season":"2024 kharif","detected":true,"surveyed":false,"likely_block":false}},{"type":"Feature","geometry":{"type":"Polygon","coordinates":[[[82.08187,16.7109],[82.08187,16.71081],[82.0815,16.71081],[82.08149,16.71045],[82.08084,16.71046],[82.08084,16.71018],[82.08074,16.71019],[82.08074,16.71009],[82.08046,16.7101],[82.08046,16.70973],[82.08121,16.70973],[82.0813,16.70991],[82.08158,16.70991],[82.08159,16.71],[82.08177,16.71],[82.08177,16.71009],[82.08187,16.71009],[82.08187,16.71],[82.08243,16.71],[82.08243,16.71009],[82.08252,16.71009],[82.08253,16.71045],[82.08243,16.71045],[82.08243,16.71063],[82.08215,16.71063],[82.08215,16.7109],[82.08187,16.7109]],[[82.08206,16.71054],[82.08215,16.71054],[82.08215,16.71045],[82.08206,16.71045],[82.08206,16.71054]],[[82.08196,16.71045],[82.08206,16.71045],[82.08206,16.71027],[82.08196,16.71027],[82.08196,16.71045]]]},"properties":{"feature_id":"konaseema-00040","belt":"konaseema","district":"","area_ha":1.56,"lon":82.08155,"lat":16.710252,"source":"obia","sensor":"Sentinel-1 RTC (VV), 10 m","season":"2024 kharif","detected":true,"surveyed":false,"likely_block":false}},{"type":"Feature","geometry":{"type":"Polygon","coordinates":[[[82.01366,16.6891],[82.01366,16.68901],[82.01348,16.68901],[82.01348,16.68892],[82.01338,16.68892],[82.01338,16.68883],[82.01319,16.68874],[82.01319,16.68847],[82.01338,16.68847],[82.01338,16.68838],[82.01347,16.68838],[82.01347,16.68829],[82.01357,16.68829],[82.01357,16.6882],[82.01366,16.6882],[82.01375,16.68802],[82.01422,16.68802],[82.01422,16.68811],[82.01441,16.6882],[82.01441,16.68838],[82.01469,16.68838],[82.01479,16.68856],[82.01507,16.68855],[82.01507,16.68883],[82.01488,16.68883],[82.01488,16.6891],[82.0146,16.6891],[82.01441,16.68874],[82.01413,16.68874],[82.01413,16.68883],[82.01423,16.68883],[82.01423,16.6891],[82.01366,16.6891]],[[82.01347,16.68847],[82.01366,16.68847],[82.01366,16.68838],[82.01347,16.68838],[82.01347,16.68847]]]},"properties":{"feature_id":"konaseema-00041","belt":"konaseema","district":"","area_ha":1.5,"lon":82.014085,"lat":16.688611,"source":"obia","sensor":"Sentinel-1 RTC (VV), 10 m","season":"2024 kharif","detected":true,"surveyed":false,"likely_block":false}},{"type":"Feature","geometry":{"type":"Polygon","coordinates":[[[82.04064,16.54444],[82.04064,16.54435],[82.04055,16.54435],[82.04055,16.54426],[82.04036,16.54417],[82.04036,16.5439],[82.04045,16.5439],[82.04055,16.54372],[82.04073,16.54372],[82.04073,16.54363],[82.04083,16.54363],[82.04083,16.54354],[82.04092,16.54354],[82.04092,16.54345],[82.04101,16.54345],[82.04111,16.54326],[82.04129,16.54326],[82.04129,16.54317],[82.04139,16.54317],[82.04139,16.54308],[82.04148,16.54308],[82.04148,16.54299],[82.04157,16.54299],[82.04167,16.54281],[82.04213,16.54281],[82.04213,16.5429],[82.04223,16.5429],[82.04223,16.54317],[82.04214,16.54317],[82.04204,16.54335],[82.04186,16.54335],[82.04186,16.54344],[82.04167,16.54344],[82.04167,16.54353],[82.04148,16.54362],[82.04148,16.5438],[82.04139,16.54381],[82.04139,16.5439],[82.0412,16.54399],[82.0412,16.54417],[82.04111,16.54417],[82.04111,16.54435],[82.04102,16.54435],[82.04102,16.54444],[82.04064,16.54444]]]},"properties":{"feature_id":"konaseema-00042","belt":"konaseema","district":"","area_ha":1.46,"lon":82.041249,"lat":16.543614,"source":"obia","sensor":"Sentinel-1 RTC (VV), 10 m","season":"2024 kharif","detected":true,"surveyed":false,"likely_block":false}},{"type":"Feature","geometry":{"type":"Polygon","coordinates":[[[82.07622,16.70695],[82.07622,16.70686],[82.07603,16.70677],[82.07603,16.7065],[82.07613,16.7065],[82.07613,16.70641],[82.07631,16.70641],[82.07631,16.70632],[82.07659,16.70632],[82.07659,16.70623],[82.07678,16.70614],[82.07678,16.70596],[82.07706,16.70596],[82.07706,16.70587],[82.07725,16.70586],[82.07725,16.70577],[82.07772,16.70577],[82.07772,16.70586],[82.07781,16.70586],[82.07781,16.70622],[82.07762,16.70622],[82.07763,16.70641],[82.07725,16.7065],[82.07725,16.70668],[82.07716,16.70668],[82.07716,16.70677],[82.07697,16.70677],[82.07688,16.70695],[82.07622,16.70695]]]},"properties":{"feature_id":"konaseema-00043","belt":"konaseema","district":"","area_ha":1.4,"lon":82.076941,"lat":16.706384,"source":"obia","sensor":"Sentinel-1 RTC (VV), 10 m","season":"2024 kharif","detected":true,"surveyed":false,"likely_block":false}},{"type":"Feature","geometry":{"type":"Polygon","coordinates":[[[82.05568,16.70733],[82.05568,16.70715],[82.05559,16.70715],[82.05559,16.70679],[82.0554,16.7067],[82.0554,16.70643],[82.0553,16.70643],[82.0553,16.70589],[82.05596,16.70588],[82.05596,16.70606],[82.05615,16.70615],[82.05615,16.70634],[82.05624,16.70633],[82.05624,16.70652],[82.05634,16.70651],[82.05634,16.7067],[82.05643,16.7067],[82.05643,16.70715],[82.05634,16.70715],[82.05625,16.70733],[82.05568,16.70733]]]},"properties":{"feature_id":"konaseema-00044","belt":"konaseema","district":"","area_ha":1.38,"lon":82.05586,"lat":16.706606,"source":"obia","sensor":"Sentinel-1 RTC (VV), 10 m","season":"2024 kharif","detected":true,"surveyed":false,"likely_block":false}},{"type":"Feature","geometry":{"type":"Polygon","coordinates":[[[82.04457,16.681],[82.04457,16.68072],[82.04466,16.68072],[82.04466,16.68063],[82.04485,16.68063],[82.04485,16.68054],[82.04513,16.68054],[82.04522,16.68036],[82.0456,16.68036],[82.0456,16.68018],[82.04578,16.68018],[82.04578,16.6799],[82.04597,16.6799],[82.04597,16.67981],[82.04625,16.67981],[82.04625,16.67999],[82.04634,16.67999],[82.04644,16.68017],[82.04663,16.68017],[82.04663,16.68071],[82.04625,16.68072],[82.04625,16.68063],[82.04616,16.68063],[82.04616,16.68072],[82.04588,16.68072],[82.04588,16.68081],[82.04532,16.68081],[82.04532,16.6809],[82.04485,16.6809],[82.04485,16.68099],[82.04457,16.681]]]},"properties":{"feature_id":"konaseema-00045","belt":"konaseema","district":"","area_ha":1.38,"lon":82.045747,"lat":16.680472,"source":"obia","sensor":"Sentinel-1 RTC (VV), 10 m","season":"2024 kharif","detected":true,"surveyed":false,"likely_block":false}},{"type":"Feature","geometry":{"type":"Polygon","coordinates":[[[82.07743,16.70415],[82.07742,16.70397],[82.07733,16.70397],[82.07733,16.70388],[82.07714,16.70379],[82.07714,16.70361],[82.07705,16.70361],[82.07705,16.70334],[82.07695,16.70334],[82.07695,16.70325],[82.07686,16.70325],[82.07686,16.70306],[82.07667,16.70298],[82.07667,16.7027],[82.07723,16.70261],[82.07732,16.70279],[82.07751,16.70279],[82.07751,16.70297],[82.07798,16.70297],[82.07798,16.70351],[82.07789,16.70351],[82.07789,16.7036],[82.0777,16.70369],[82.07771,16.70415],[82.07743,16.70415]]]},"properties":{"feature_id":"konaseema-00046","belt":"konaseema","district":"","area_ha":1.33,"lon":82.077375,"lat":16.703291,"source":"obia","sensor":"Sentinel-1 RTC (VV), 10 m","season":"2024 kharif","detected":true,"surveyed":false,"likely_block":false}},{"type":"Feature","geometry":{"type":"Polygon","coordinates":[[[82.02347,16.68219],[82.02347,16.68191],[82.02338,16.68191],[82.02338,16.68182],[82.02319,16.68183],[82.02319,16.68174],[82.023,16.68174],[82.023,16.68165],[82.02291,16.68165],[82.02291,16.68156],[82.02281,16.68156],[82.02281,16.68147],[82.02263,16.68138],[82.02262,16.68111],[82.02291,16.6811],[82.023,16.68092],[82.02356,16.68092],[82.02356,16.68101],[82.02375,16.68101],[82.02375,16.68137],[82.02394,16.68146],[82.02394,16.68182],[82.02385,16.68182],[82.02385,16.68191],[82.02394,16.68191],[82.02394,16.68218],[82.02347,16.68219]]]},"properties":{"feature_id":"konaseema-00047","belt":"konaseema","district":"","area_ha":1.24,"lon":82.023379,"lat":16.681482,"source":"obia","sensor":"Sentinel-1 RTC (VV), 10 m","season":"2024 kharif","detected":true,"surveyed":false,"likely_block":false}},{"type":"Feature","geometry":{"type":"Polygon","coordinates":[[[82.0996,16.72726],[82.0996,16.72699],[82.09997,16.72699],[82.09997,16.7269],[82.10035,16.72689],[82.10035,16.7268],[82.10081,16.7268],[82.10081,16.72671],[82.101,16.72671],[82.101,16.72662],[82.10213,16.72652],[82.10213,16.72679],[82.10203,16.72679],[82.10204,16.72706],[82.10194,16.72707],[82.10194,16.72716],[82.10166,16.72716],[82.10166,16.72707],[82.10138,16.72707],[82.10138,16.72716],[82.10082,16.72707],[82.10082,16.72716],[82.10007,16.72717],[82.10007,16.72726],[82.0996,16.72726]]]},"properties":{"feature_id":"konaseema-00048","belt":"konaseema","district":"","area_ha":1.22,"lon":82.101028,"lat":16.726915,"source":"obia","sensor":"Sentinel-1 RTC (VV), 10 m","season":"2024 kharif","detected":true,"surveyed":false,"likely_block":false}},{"type":"Feature","geometry":{"type":"Polygon","coordinates":[[[82.04329,16.60083],[82.04329,16.60074],[82.04291,16.60065],[82.04282,16.60047],[82.04263,16.60047],[82.04263,16.60011],[82.04272,16.60011],[82.04272,16.59993],[82.04282,16.59993],[82.04282,16.59984],[82.04328,16.59984],[82.04329,16.59993],[82.04366,16.59992],[82.04366,16.60001],[82.04385,16.60001],[82.04385,16.6001],[82.04394,16.6001],[82.04395,16.60074],[82.04385,16.60074],[82.04385,16.60083],[82.04329,16.60083]]]},"properties":{"feature_id":"konaseema-00049","belt":"konaseema","district":"","area_ha":1.21,"lon":82.043323,"lat":16.600328,"source":"obia","sensor":"Sentinel-1 RTC (VV), 10 m","season":"2024 kharif","detected":true,"surveyed":false,"likely_block":false}},{"type":"Feature","geometry":{"type":"Polygon","coordinates":[[[81.90454,16.57735],[81.90454,16.57726],[81.90445,16.57726],[81.90444,16.57689],[81.90435,16.57689],[81.90435,16.57635],[81.90425,16.57635],[81.90425,16.57554],[81.90453,16.57554],[81.90453,16.5759],[81.90463,16.5759],[81.90463,16.57608],[81.90482,16.57617],[81.90482,16.57653],[81.90519,16.57662],[81.90519,16.5768],[81.90529,16.5768],[81.90529,16.57707],[81.9052,16.57707],[81.9051,16.57725],[81.90491,16.57725],[81.90492,16.57734],[81.90454,16.57735]]]},"properties":{"feature_id":"konaseema-00050","belt":"konaseema","district":"","area_ha":1.19,"lon":81.904675,"lat":16.576592,"source":"obia","sensor":"Sentinel-1 RTC (VV), 10 m","season":"2024 kharif","detected":true,"surveyed":false,"likely_block":false}},{"type":"Feature","geometry":{"type":"Polygon","coordinates":[[[82.07322,16.63918],[82.07312,16.639],[82.07275,16.63891],[82.07275,16.63846],[82.07284,16.63846],[82.07284,16.63828],[82.07312,16.63828],[82.07312,16.6381],[82.07331,16.6381],[82.07331,16.63801],[82.07377,16.638],[82.07378,16.63855],[82.07387,16.63855],[82.07387,16.63882],[82.07378,16.63882],[82.07369,16.63918],[82.07322,16.63918]]]},"properties":{"feature_id":"konaseema-00051","belt":"konaseema","district":"","area_ha":1.17,"lon":82.07334,"lat":16.638602,"source":"obia","sensor":"Sentinel-1 RTC (VV), 10 m","season":"2024 kharif","detected":true,"surveyed":false,"likely_block":false}},{"type":"Feature","geometry":{"type":"Polygon","coordinates":[[[82.00067,16.7152],[82.00067,16.71447],[82.00095,16.71447],[82.00095,16.71429],[82.00142,16.71429],[82.00151,16.71393],[82.00179,16.71393],[82.00179,16.71402],[82.00188,16.71402],[82.00179,16.71492],[82.0017,16.71492],[82.00161,16.7151],[82.00142,16.7151],[82.00142,16.71492],[82.00123,16.71483],[82.00105,16.7152],[82.00067,16.7152]]]},"properties":{"feature_id":"konaseema-00052","belt":"konaseema","district":"","area_ha":1.15,"lon":82.001298,"lat":16.714617,"source":"obia","sensor":"Sentinel-1 RTC (VV), 10 m","season":"2024 kharif","detected":true,"surveyed":false,"likely_block":false}},{"type":"Feature","geometry":{"type":"Polygon","coordinates":[[[81.91672,16.61498],[81.91671,16.61435],[81.91681,16.61435],[81.91681,16.61417],[81.9169,16.61417],[81.9169,16.6139],[81.91774,16.6139],[81.91775,16.6148],[81.91728,16.6148],[81.91728,16.61489],[81.91709,16.61489],[81.91709,16.61498],[81.91672,16.61498]]]},"properties":{"feature_id":"konaseema-00053","belt":"konaseema","district":"","area_ha":1.12,"lon":81.917236,"lat":16.614416,"source":"obia","sensor":"Sentinel-1 RTC (VV), 10 m","season":"2024 kharif","detected":true,"surveyed":false,"likely_block":false}},{"type":"Feature","geometry":{"type":"Polygon","coordinates":[[[82.06415,16.54107],[82.06415,16.54098],[82.06405,16.54098],[82.06405,16.54071],[82.06386,16.54071],[82.06386,16.54062],[82.06377,16.54062],[82.06377,16.54026],[82.06386,16.54026],[82.06386,16.54008],[82.06405,16.54008],[82.06405,16.53999],[82.06414,16.53998],[82.06423,16.5398],[82.06451,16.5398],[82.06451,16.53989],[82.06461,16.53989],[82.06461,16.54025],[82.0647,16.54025],[82.0647,16.54034],[82.06489,16.54043],[82.06489,16.54079],[82.0648,16.54079],[82.0648,16.54089],[82.06461,16.54089],[82.06452,16.54107],[82.06415,16.54107]],[[82.06424,16.54062],[82.06433,16.54062],[82.06433,16.54053],[82.06424,16.54053],[82.06424,16.54062]]]},"properties":{"feature_id":"konaseema-00054","belt":"konaseema","district":"","area_ha":1.12,"lon":82.064331,"lat":16.540463,"source":"obia","sensor":"Sentinel-1 RTC (VV), 10 m","season":"2024 kharif","detected":true,"surveyed":false,"likely_block":false}},{"type":"Feature","geometry":{"type":"Polygon","coordinates":[[[81.98013,16.6419],[81.98013,16.64145],[81.98032,16.64145],[81.98032,16.64136],[81.98041,16.64136],[81.98041,16.64127],[81.9805,16.64127],[81.9806,16.64109],[81.98088,16.64108],[81.98088,16.64099],[81.98097,16.64099],[81.98097,16.64081],[81.98106,16.64081],[81.98106,16.64054],[81.98134,16.64054],[81.98144,16.64072],[81.98172,16.64072],[81.98172,16.64099],[81.98153,16.64108],[81.98153,16.64126],[81.98125,16.64126],[81.98125,16.64135],[81.98107,16.64136],[81.98107,16.64154],[81.98088,16.64154],[81.98088,16.64163],[81.98079,16.64163],[81.98069,16.64181],[81.98013,16.6419]]]},"properties":{"feature_id":"konaseema-00055","belt":"konaseema","district":"","area_ha":1.1,"lon":81.980922,"lat":16.641233,"source":"obia","sensor":"Sentinel-1 RTC (VV), 10 m","season":"2024 kharif","detected":true,"surveyed":false,"likely_block":false}},{"type":"Feature","geometry":{"type":"Polygon","coordinates":[[[82.09975,16.54007],[82.09975,16.53998],[82.09966,16.53998],[82.09965,16.5398],[82.09947,16.53971],[82.09946,16.53935],[82.09956,16.53935],[82.09965,16.53917],[82.09993,16.53917],[82.09993,16.53899],[82.10002,16.53898],[82.10002,16.53889],[82.10031,16.53889],[82.10031,16.53898],[82.1004,16.53898],[82.1004,16.53916],[82.10049,16.53916],[82.10049,16.53925],[82.10068,16.53934],[82.10068,16.53961],[82.10059,16.53961],[82.10059,16.53971],[82.1004,16.53971],[82.10031,16.53989],[82.10012,16.53989],[82.10003,16.54007],[82.09975,16.54007]],[[82.10003,16.53935],[82.10012,16.53935],[82.10012,16.53926],[82.10003,16.53926],[82.10003,16.53935]]]},"properties":{"feature_id":"konaseema-00056","belt":"konaseema","district":"","area_ha":1.07,"lon":82.100052,"lat":16.539492,"source":"obia","sensor":"Sentinel-1 RTC (VV), 10 m","season":"2024 kharif","detected":true,"surveyed":false,"likely_block":false}},{"type":"Feature","geometry":{"type":"Polygon","coordinates":[[[81.94615,16.70931],[81.94614,16.70859],[81.94586,16.70859],[81.94586,16.70868],[81.94539,16.70868],[81.94539,16.70841],[81.94549,16.70841],[81.94549,16.70832],[81.94577,16.70832],[81.94577,16.70823],[81.94605,16.70822],[81.94605,16.70831],[81.94652,16.70831],[81.94652,16.70822],[81.9467,16.70822],[81.9467,16.70813],[81.94708,16.70813],[81.94708,16.7084],[81.94699,16.7084],[81.94699,16.70849],[81.9468,16.70849],[81.9468,16.70858],[81.94671,16.70858],[81.94671,16.70885],[81.94652,16.70894],[81.94652,16.70931],[81.94615,16.70931]]]},"properties":{"feature_id":"konaseema-00057","belt":"konaseema","district":"","area_ha":1.06,"lon":81.946289,"lat":16.7086,"source":"obia","sensor":"Sentinel-1 RTC (VV), 10 m","season":"2024 kharif","detected":true,"surveyed":false,"likely_block":false}},{"type":"Feature","geometry":{"type":"Polygon","coordinates":[[[81.95845,16.69289],[81.95845,16.6928],[81.95826,16.6928],[81.95826,16.69271],[81.95751,16.69262],[81.95741,16.69244],[81.95685,16.69245],[81.95685,16.69236],[81.95666,16.69236],[81.95666,16.69227],[81.95619,16.69227],[81.95619,16.692],[81.95694,16.69199],[81.95694,16.69208],[81.95722,16.69208],[81.95722,16.69217],[81.95741,16.69217],[81.95741,16.69226],[81.95807,16.69226],[81.95807,16.69235],[81.95826,16.69235],[81.95826,16.69244],[81.95872,16.69244],[81.95873,16.69289],[81.95845,16.69289]]]},"properties":{"feature_id":"konaseema-00058","belt":"konaseema","district":"","area_ha":1.06,"lon":81.957544,"lat":16.692395,"source":"obia","sensor":"Sentinel-1 RTC (VV), 10 m","season":"2024 kharif","detected":true,"surveyed":false,"likely_block":false}},{"type":"Feature","geometry":{"type":"Polygon","coordinates":[[[82.07403,16.53171],[82.07403,16.53162],[82.07393,16.53162],[82.07393,16.53144],[82.07384,16.53144],[82.07384,16.53117],[82.07393,16.53117],[82.07402,16.53099],[82.0743,16.53098],[82.0743,16.53089],[82.07459,16.53089],[82.07458,16.5308],[82.07496,16.5308],[82.07505,16.53098],[82.07543,16.53107],[82.07543,16.53134],[82.07524,16.53134],[82.07524,16.53143],[82.07468,16.53134],[82.07468,16.53143],[82.07459,16.53143],[82.07459,16.53153],[82.0745,16.53153],[82.0744,16.53171],[82.07403,16.53171]]]},"properties":{"feature_id":"konaseema-00059","belt":"konaseema","district":"","area_ha":1.04,"lon":82.074565,"lat":16.531229,"source":"obia","sensor":"Sentinel-1 RTC (VV), 10 m","season":"2024 kharif","detected":true,"surveyed":false,"likely_block":false}},{"type":"Feature","geometry":{"type":"Polygon","coordinates":[[[82.00883,16.66183],[82.00883,16.6612],[82.00874,16.6612],[82.00873,16.66075],[82.00883,16.66075],[82.00882,16.6602],[82.00901,16.6602],[82.00901,16.66011],[82.00929,16.66011],[82.00929,16.6602],[82.00948,16.66029],[82.00948,16.66092],[82.00939,16.66092],[82.00939,16.66101],[82.0093,16.66101],[82.0093,16.6611],[82.00911,16.6612],[82.00911,16.66147],[82.00921,16.66147],[82.00921,16.66183],[82.00883,16.66183]]]},"properties":{"feature_id":"konaseema-00060","belt":"konaseema","district":"","area_ha":1.03,"lon":82.009084,"lat":16.660881,"source":"obia","sensor":"Sentinel-1 RTC (VV), 10 m","season":"2024 kharif","detected":true,"surveyed":false,"likely_block":false}},{"type":"Feature","geometry":{"type":"Polygon","coordinates":[[[81.98162,16.71231],[81.98162,16.71222],[81.98115,16.71222],[81.98115,16.71213],[81.98096,16.71213],[81.98096,16.71186],[81.98124,16.71186],[81.98124,16.71177],[81.98133,16.71177],[81.98133,16.71168],[81.98152,16.71167],[81.98152,16.71158],[81.98199,16.71158],[81.98208,16.71194],[81.98227,16.71194],[81.98227,16.71167],[81.98264,16.71167],[81.98265,16.71203],[81.98255,16.71203],[81.98255,16.71221],[81.98237,16.71221],[81.98237,16.7123],[81.98199,16.7123],[81.98199,16.71221],[81.9819,16.71221],[81.9819,16.71231],[81.98162,16.71231]]]},"properties":{"feature_id":"konaseema-00061","belt":"konaseema","district":"","area_ha":1.02,"lon":81.981834,"lat":16.711964,"source":"obia","sensor":"Sentinel-1 RTC (VV), 10 m","season":"2024 kharif","detected":true,"surveyed":false,"likely_block":false}},{"type":"Feature","geometry":{"type":"Polygon","coordinates":[[[82.02479,16.68173],[82.02478,16.68164],[82.0246,16.68164],[82.0246,16.68146],[82.0245,16.68146],[82.0245,16.68082],[82.02469,16.68082],[82.02469,16.68073],[82.02497,16.68073],[82.02497,16.68064],[82.02534,16.68064],[82.02534,16.68091],[82.02553,16.681],[82.02553,16.68127],[82.02535,16.68127],[82.02535,16.68163],[82.02525,16.68163],[82.02525,16.68172],[82.02479,16.68173]]]},"properties":{"feature_id":"konaseema-00062","belt":"konaseema","district":"","area_ha":1.02,"lon":82.024985,"lat":16.681185,"source":"obia","sensor":"Sentinel-1 RTC (VV), 10 m","season":"2024 kharif","detected":true,"surveyed":false,"likely_block":false}},{"type":"Feature","geometry":{"type":"Polygon","coordinates":[[[82.04728,16.54106],[82.04728,16.54079],[82.04737,16.54079],[82.04737,16.5407],[82.04756,16.5407],[82.04756,16.54061],[82.04775,16.54061],[82.04774,16.54052],[82.04803,16.54052],[82.04803,16.54043],[82.04821,16.54043],[82.04821,16.54034],[82.0484,16.54034],[82.0484,16.54025],[82.04896,16.54015],[82.04896,16.54006],[82.04915,16.54006],[82.04915,16.53997],[82.04933,16.53997],[82.04933,16.53988],[82.04962,16.53988],[82.04961,16.53979],[82.04999,16.53979],[82.04999,16.54006],[82.04943,16.54015],[82.04943,16.54024],[82.04924,16.54024],[82.04924,16.54033],[82.04896,16.54033],[82.04896,16.54042],[82.04877,16.54042],[82.04878,16.54051],[82.04859,16.54052],[82.04859,16.54061],[82.0484,16.54061],[82.0484,16.5407],[82.04812,16.5407],[82.04812,16.54079],[82.04793,16.54079],[82.04793,16.54088],[82.04775,16.54088],[82.04775,16.54097],[82.04756,16.54097],[82.04756,16.54106],[82.04728,16.54106]]]},"properties":{"feature_id":"konaseema-00063","belt":"konaseema","district":"","area_ha":1.02,"lon":82.048586,"lat":16.540404,"source":"obia","sensor":"Sentinel-1 RTC (VV), 10 m","season":"2024 kharif","detected":true,"surveyed":false,"likely_block":false}},{"type":"Feature","geometry":{"type":"Polygon","coordinates":[[[82.07866,16.70622],[82.07866,16.70604],[82.07847,16.70604],[82.07847,16.70577],[82.07818,16.70577],[82.07818,16.7055],[82.07781,16.7055],[82.07781,16.70523],[82.0779,16.70523],[82.07799,16.70505],[82.07837,16.70505],[82.07837,16.70514],[82.07846,16.70514],[82.07846,16.70495],[82.07856,16.70495],[82.07856,16.70486],[82.07884,16.70486],[82.07884,16.70504],[82.07893,16.70504],[82.07893,16.70531],[82.07875,16.70531],[82.07875,16.70568],[82.07884,16.70568],[82.07894,16.70622],[82.07866,16.70622]]]},"properties":{"feature_id":"konaseema-00064","belt":"konaseema","district":"","area_ha":0.97,"lon":82.078475,"lat":16.705458,"source":"obia","sensor":"Sentinel-1 RTC (VV), 10 m","season":"2024 kharif","detected":true,"surveyed":false,"likely_block":false}},{"type":"Feature","geometry":{"type":"Polygon","coordinates":[[[82.04221,16.67893],[82.04221,16.67866],[82.04249,16.67866],[82.04249,16.67848],[82.04259,16.67847],[82.04258,16.67838],[82.04277,16.67838],[82.04277,16.67829],[82.04287,16.67829],[82.04296,16.67811],[82.04315,16.67811],[82.04315,16.67802],[82.04324,16.67802],[82.04324,16.67793],[82.04333,16.67793],[82.04343,16.67775],[82.04361,16.67775],[82.04361,16.67766],[82.0438,16.67756],[82.0438,16.67738],[82.04389,16.67738],[82.04398,16.6772],[82.04436,16.6772],[82.04436,16.67747],[82.04417,16.67747],[82.04417,16.67756],[82.04399,16.67765],[82.04399,16.67793],[82.04371,16.67793],[82.04371,16.67802],[82.04361,16.67802],[82.04361,16.67811],[82.04352,16.67811],[82.04343,16.67829],[82.04324,16.67829],[82.04324,16.67838],[82.04315,16.67838],[82.04315,16.67847],[82.04305,16.67847],[82.04296,16.67865],[82.04277,16.67865],[82.04277,16.67875],[82.04249,16.67875],[82.04249,16.67893],[82.04221,16.67893]]]},"properties":{"feature_id":"konaseema-00065","belt":"konaseema","district":"","area_ha":0.96,"lon":82.043339,"lat":16.678059,"source":"obia","sensor":"Sentinel-1 RTC (VV), 10 m","season":"2024 kharif","detected":true,"surveyed":false,"likely_block":false}},{"type":"Feature","geometry":{"type":"Polygon","coordinates":[[[82.04091,16.68083],[82.04091,16.68074],[82.04072,16.68074],[82.04072,16.68047],[82.04081,16.68047],[82.04081,16.68038],[82.04091,16.68038],[82.04091,16.6802],[82.041,16.6802],[82.041,16.68011],[82.04109,16.68011],[82.04109,16.68002],[82.04128,16.67993],[82.04128,16.67975],[82.04137,16.67975],[82.04137,16.67957],[82.04147,16.67957],[82.04147,16.67947],[82.04165,16.67938],[82.04165,16.6792],[82.04193,16.6792],[82.04193,16.67947],[82.04184,16.67947],[82.04184,16.67965],[82.04175,16.67965],[82.04175,16.68002],[82.04156,16.68011],[82.04156,16.68038],[82.04138,16.68047],[82.04138,16.68065],[82.04128,16.68065],[82.04119,16.68083],[82.04091,16.68083]]]},"properties":{"feature_id":"konaseema-00066","belt":"konaseema","district":"","area_ha":0.95,"lon":82.041343,"lat":16.680098,"source":"obia","sensor":"Sentinel-1 RTC (VV), 10 m","season":"2024 kharif","detected":true,"surveyed":false,"likely_block":false}},{"type":"Feature","geometry":{"type":"Polygon","coordinates":[[[82.06517,16.54025],[82.06517,16.53989],[82.06536,16.5398],[82.06536,16.53962],[82.06554,16.53953],[82.06554,16.53934],[82.06564,16.53934],[82.06564,16.53925],[82.06582,16.53916],[82.06582,16.53898],[82.0662,16.53898],[82.0662,16.53907],[82.06629,16.53907],[82.06629,16.53925],[82.06639,16.53925],[82.06639,16.53952],[82.0662,16.53952],[82.0662,16.5397],[82.06611,16.5397],[82.06611,16.53979],[82.06592,16.53979],[82.06592,16.53989],[82.06583,16.53989],[82.06583,16.53998],[82.06573,16.53998],[82.06564,16.54016],[82.06545,16.54016],[82.06545,16.54025],[82.06517,16.54025]]]},"properties":{"feature_id":"konaseema-00067","belt":"konaseema","district":"","area_ha":0.94,"lon":82.065783,"lat":16.5396,"source":"obia","sensor":"Sentinel-1 RTC (VV), 10 m","season":"2024 kharif","detected":true,"surveyed":false,"likely_block":false}},{"type":"Feature","geometry":{"type":"Polygon","coordinates":[[[81.99549,16.61986],[81.99549,16.61977],[81.99521,16.61978],[81.99521,16.61969],[81.99455,16.61969],[81.99455,16.61933],[81.99464,16.61933],[81.99464,16.61915],[81.99502,16.61914],[81.99502,16.61905],[81.9952,16.61905],[81.9952,16.61896],[81.99558,16.61896],[81.99558,16.61932],[81.99577,16.61941],[81.99577,16.61986],[81.99549,16.61986]]]},"properties":{"feature_id":"konaseema-00068","belt":"konaseema","district":"","area_ha":0.9,"lon":81.995199,"lat":16.619422,"source":"obia","sensor":"Sentinel-1 RTC (VV), 10 m","season":"2024 kharif","detected":true,"surveyed":false,"likely_block":false}},{"type":"Feature","geometry":{"type":"Polygon","coordinates":[[[82.09783,16.53186],[82.09783,16.53177],[82.09764,16.53168],[82.09755,16.53132],[82.09736,16.53123],[82.09736,16.53105],[82.09717,16.53096],[82.09717,16.53059],[82.09726,16.53059],[82.09726,16.5305],[82.09763,16.5305],[82.09773,16.53086],[82.09782,16.53086],[82.09782,16.53095],[82.09801,16.53095],[82.09801,16.53122],[82.09811,16.53122],[82.09811,16.5314],[82.0982,16.5314],[82.0982,16.53176],[82.09811,16.53176],[82.09811,16.53185],[82.09783,16.53186]]]},"properties":{"feature_id":"konaseema-00069","belt":"konaseema","district":"","area_ha":0.9,"lon":82.097696,"lat":16.531167,"source":"obia","sensor":"Sentinel-1 RTC (VV), 10 m","season":"2024 kharif","detected":true,"surveyed":false,"likely_block":false}},{"type":"Feature","geometry":{"type":"Polygon","coordinates":[[[81.99372,16.69489],[81.99372,16.69462],[81.99381,16.69462],[81.99381,16.69444],[81.994,16.69435],[81.994,16.69417],[81.99418,16.69417],[81.99418,16.69408],[81.99456,16.69408],[81.99465,16.6939],[81.99484,16.69389],[81.99484,16.6938],[81.99512,16.6938],[81.99512,16.69416],[81.99503,16.69416],[81.99503,16.69426],[81.99493,16.69426],[81.99484,16.69444],[81.99465,16.69444],[81.99466,16.69471],[81.99437,16.69471],[81.99437,16.69462],[81.99419,16.69462],[81.99419,16.6948],[81.994,16.6948],[81.994,16.69489],[81.99372,16.69489]]]},"properties":{"feature_id":"konaseema-00070","belt":"konaseema","district":"","area_ha":0.89,"lon":81.994425,"lat":16.69435,"source":"obia","sensor":"Sentinel-1 RTC (VV), 10 m","season":"2024 kharif","detected":true,"surveyed":false,"likely_block":false}},{"type":"Feature","geometry":{"type":"Polygon","coordinates":[[[81.98006,16.5723],[81.98006,16.57221],[81.97997,16.57221],[81.97996,16.57167],[81.97987,16.57167],[81.97987,16.57131],[81.98024,16.57131],[81.98024,16.5714],[81.98043,16.5714],[81.98043,16.57149],[81.98062,16.57149],[81.98062,16.57158],[81.98081,16.57167],[81.98081,16.5723],[81.98006,16.5723]]]},"properties":{"feature_id":"konaseema-00071","belt":"konaseema","district":"","area_ha":0.89,"lon":81.980337,"lat":16.571841,"source":"obia","sensor":"Sentinel-1 RTC (VV), 10 m","season":"2024 kharif","detected":true,"surveyed":false,"likely_block":false}},{"type":"Feature","geometry":{"type":"Polygon","coordinates":[[[81.95606,16.70384],[81.95606,16.70375],[81.95597,16.70375],[81.95597,16.70348],[81.95606,16.70348],[81.95606,16.70321],[81.95615,16.70321],[81.95615,16.70312],[81.95634,16.70311],[81.95643,16.70293],[81.95681,16.70293],[81.95681,16.70302],[81.957,16.70302],[81.957,16.70311],[81.95709,16.70311],[81.95709,16.70356],[81.957,16.70356],[81.957,16.70365],[81.95672,16.70366],[81.95672,16.70375],[81.95634,16.70375],[81.95634,16.70384],[81.95606,16.70384]]]},"properties":{"feature_id":"konaseema-00072","belt":"konaseema","district":"","area_ha":0.88,"lon":81.956538,"lat":16.703388,"source":"obia","sensor":"Sentinel-1 RTC (VV), 10 m","season":"2024 kharif","detected":true,"surveyed":false,"likely_block":false}},{"type":"Feature","geometry":{"type":"Polygon","coordinates":[[[82.0746,16.53279],[82.0746,16.5327],[82.0745,16.5327],[82.0745,16.53252],[82.07441,16.53252],[82.07441,16.53234],[82.07431,16.53234],[82.07431,16.53207],[82.0744,16.53207],[82.0744,16.53198],[82.0745,16.53198],[82.0745,16.53189],[82.07459,16.53189],[82.07468,16.53171],[82.07496,16.5317],[82.07497,16.53179],[82.07515,16.53188],[82.07515,16.53206],[82.07525,16.53206],[82.07525,16.53252],[82.07516,16.53252],[82.07516,16.53261],[82.07506,16.53261],[82.07497,16.53279],[82.0746,16.53279]]]},"properties":{"feature_id":"konaseema-00073","belt":"konaseema","district":"","area_ha":0.88,"lon":82.074802,"lat":16.532259,"source":"obia","sensor":"Sentinel-1 RTC (VV), 10 m","season":"2024 kharif","detected":true,"surveyed":false,"likely_block":false}},{"type":"Feature","geometry":{"type":"Polygon","coordinates":[[[82.07545,16.53423],[82.07544,16.53378],[82.07554,16.53378],[82.07554,16.53369],[82.07573,16.53369],[82.07572,16.53351],[82.07582,16.53351],[82.07582,16.53342],[82.07601,16.53342],[82.076,16.53333],[82.0761,16.53333],[82.0761,16.53323],[82.07619,16.53323],[82.07619,16.53314],[82.07628,16.53314],[82.07638,16.53296],[82.07675,16.53296],[82.07675,16.53323],[82.07657,16.53332],[82.07657,16.5335],[82.07638,16.5335],[82.07638,16.53369],[82.07629,16.53369],[82.07629,16.53378],[82.07619,16.53378],[82.07619,16.53387],[82.0761,16.53387],[82.0761,16.53396],[82.07601,16.53396],[82.07601,16.53405],[82.07591,16.53405],[82.07582,16.53423],[82.07545,16.53423]]]},"properties":{"feature_id":"konaseema-00074","belt":"konaseema","district":"","area_ha":0.87,"lon":82.076064,"lat":16.533605,"source":"obia","sensor":"Sentinel-1 RTC (VV), 10 m","season":"2024 kharif","detected":true,"surveyed":false,"likely_block":false}},{"type":"Feature","geometry":{"type":"Polygon","coordinates":[[[81.97788,16.71504],[81.97788,16.71495],[81.9775,16.71486],[81.9775,16.71477],[81.97769,16.71477],[81.97769,16.71458],[81.97778,16.71458],[81.97778,16.71449],[81.9775,16.7145],[81.9775,16.71422],[81.97731,16.71422],[81.97731,16.71395],[81.9775,16.71395],[81.9775,16.71377],[81.97778,16.71377],[81.97778,16.71404],[81.97787,16.71404],[81.97788,16.71449],[81.97844,16.71449],[81.97844,16.71458],[81.97863,16.71458],[81.97863,16.71467],[81.97853,16.71467],[81.97853,16.71485],[81.97844,16.71485],[81.97844,16.71503],[81.97788,16.71504]]]},"properties":{"feature_id":"konaseema-00075","belt":"konaseema","district":"","area_ha":0.86,"lon":81.977905,"lat":16.714507,"source":"obia","sensor":"Sentinel-1 RTC (VV), 10 m","season":"2024 kharif","detected":true,"surveyed":false,"likely_block":false}},{"type":"Feature","geometry":{"type":"Polygon","coordinates":[[[82.07355,16.53081],[82.07355,16.53036],[82.07346,16.53036],[82.07346,16.53008],[82.07364,16.53008],[82.07364,16.52999],[82.07383,16.52999],[82.07383,16.5299],[82.07421,16.5299],[82.07421,16.53017],[82.07449,16.53017],[82.07449,16.53026],[82.07458,16.53026],[82.07458,16.53053],[82.07421,16.53062],[82.07412,16.5308],[82.07355,16.53081]]]},"properties":{"feature_id":"konaseema-00076","belt":"konaseema","district":"","area_ha":0.85,"lon":82.073973,"lat":16.530368,"source":"obia","sensor":"Sentinel-1 RTC (VV), 10 m","season":"2024 kharif","detected":true,"surveyed":false,"likely_block":false}},{"type":"Feature","geometry":{"type":"Polygon","coordinates":[[[82.04611,16.53357],[82.04611,16.53348],[82.04574,16.53348],[82.04574,16.53312],[82.04611,16.53312],[82.04611,16.53294],[82.04583,16.53294],[82.04583,16.53239],[82.04639,16.53239],[82.04639,16.53248],[82.04648,16.53248],[82.04649,16.53348],[82.04639,16.53348],[82.0464,16.53357],[82.04611,16.53357]]]},"properties":{"feature_id":"konaseema-00077","belt":"konaseema","district":"","area_ha":0.84,"lon":82.046153,"lat":16.532973,"source":"obia","sensor":"Sentinel-1 RTC (VV), 10 m","season":"2024 kharif","detected":true,"surveyed":false,"likely_block":false}},{"type":"Feature","geometry":{"type":"Polygon","coordinates":[[[82.04921,16.53337],[82.0492,16.53265],[82.04939,16.53265],[82.04939,16.53256],[82.04948,16.53256],[82.04948,16.53238],[82.04939,16.53238],[82.04938,16.53174],[82.04948,16.53174],[82.04948,16.53165],[82.04976,16.53165],[82.04976,16.53265],[82.04967,16.53265],[82.04967,16.53274],[82.04976,16.53274],[82.04977,16.53301],[82.04967,16.53301],[82.04967,16.53337],[82.04921,16.53337]]]},"properties":{"feature_id":"konaseema-00078","belt":"konaseema","district":"","area_ha":0.84,"lon":82.049519,"lat":16.532582,"source":"obia","sensor":"Sentinel-1 RTC (VV), 10 m","season":"2024 kharif","detected":true,"surveyed":false,"likely_block":false}},{"type":"Feature","geometry":{"type":"Polygon","coordinates":[[[82.00341,16.66448],[82.00341,16.66439],[82.00322,16.6643],[82.00322,16.66412],[82.00312,16.66412],[82.00312,16.66403],[82.00303,16.66403],[82.00303,16.66394],[82.00284,16.66385],[82.00284,16.66358],[82.00293,16.66358],[82.00293,16.66349],[82.00312,16.66348],[82.00312,16.66339],[82.00359,16.66339],[82.00359,16.66348],[82.00368,16.66348],[82.00369,16.66402],[82.00378,16.66402],[82.00378,16.66448],[82.00341,16.66448]]]},"properties":{"feature_id":"konaseema-00079","belt":"konaseema","district":"","area_ha":0.83,"lon":82.003369,"lat":16.663891,"source":"obia","sensor":"Sentinel-1 RTC (VV), 10 m","season":"2024 kharif","detected":true,"surveyed":false,"likely_block":false}},{"type":"Feature","geometry":{"type":"Polygon","coordinates":[[[81.90524,16.54697],[81.90524,16.54688],[81.90515,16.54688],[81.90515,16.5467],[81.90505,16.5467],[81.90505,16.54652],[81.90496,16.54652],[81.90496,16.54607],[81.90514,16.54607],[81.90514,16.54598],[81.90561,16.54598],[81.90561,16.54607],[81.90571,16.54607],[81.90571,16.54634],[81.9059,16.54643],[81.9059,16.54679],[81.90571,16.54679],[81.90571,16.54688],[81.90552,16.54688],[81.90552,16.54697],[81.90524,16.54697]]]},"properties":{"feature_id":"konaseema-00080","belt":"konaseema","district":"","area_ha":0.83,"lon":81.90541,"lat":16.546456,"source":"obia","sensor":"Sentinel-1 RTC (VV), 10 m","season":"2024 kharif","detected":true,"surveyed":false,"likely_block":false}},{"type":"Feature","geometry":{"type":"Polygon","coordinates":[[[81.95728,16.70356],[81.95728,16.70311],[81.95765,16.70311],[81.95765,16.70329],[81.95775,16.70329],[81.95775,16.7032],[81.95793,16.7032],[81.95803,16.70302],[81.95831,16.70302],[81.95831,16.70311],[81.9585,16.7032],[81.9585,16.70301],[81.95859,16.70301],[81.95859,16.70292],[81.95906,16.70292],[81.95906,16.70319],[81.95897,16.70319],[81.95897,16.70328],[81.95878,16.70328],[81.95878,16.70337],[81.9585,16.70338],[81.9585,16.70347],[81.95794,16.70347],[81.95794,16.70356],[81.95728,16.70356]]]},"properties":{"feature_id":"konaseema-00081","belt":"konaseema","district":"","area_ha":0.82,"lon":81.95814,"lat":16.703259,"source":"obia","sensor":"Sentinel-1 RTC (VV), 10 m","season":"2024 kharif","detected":true,"surveyed":false,"likely_block":false}},{"type":"Feature","geometry":{"type":"Polygon","coordinates":[[[82.06039,16.55636],[82.06039,16.55627],[82.06029,16.55627],[82.06029,16.55618],[82.0602,16.55618],[82.0602,16.55609],[82.06011,16.55609],[82.0601,16.556],[82.06001,16.556],[82.06001,16.55591],[82.05982,16.55582],[82.05982,16.55564],[82.05963,16.55564],[82.05963,16.55546],[82.05945,16.55537],[82.05944,16.5551],[82.05982,16.5551],[82.05982,16.55519],[82.05991,16.55519],[82.05991,16.55528],[82.06001,16.55528],[82.06001,16.55537],[82.0601,16.55537],[82.0601,16.55546],[82.0602,16.55546],[82.0602,16.55555],[82.06029,16.55555],[82.06029,16.55564],[82.06038,16.55564],[82.06038,16.55573],[82.06048,16.55573],[82.06048,16.55582],[82.06067,16.55591],[82.06067,16.55609],[82.06076,16.55609],[82.06076,16.55636],[82.06039,16.55636]]]},"properties":{"feature_id":"konaseema-00082","belt":"konaseema","district":"","area_ha":0.82,"lon":82.060114,"lat":16.555735,"source":"obia","sensor":"Sentinel-1 RTC (VV), 10 m","season":"2024 kharif","detected":true,"surveyed":false,"likely_block":false}},{"type":"Feature","geometry":{"type":"Polygon","coordinates":[[[81.9774,16.71269],[81.9774,16.7126],[81.9773,16.7126],[81.9773,16.71233],[81.97749,16.71233],[81.97749,16.71215],[81.97768,16.71214],[81.97777,16.71196],[81.97805,16.71196],[81.97805,16.71178],[81.97852,16.71178],[81.97852,16.71223],[81.97824,16.71223],[81.97824,16.7125],[81.97805,16.7125],[81.97796,16.71269],[81.9774,16.71269]]]},"properties":{"feature_id":"konaseema-00083","belt":"konaseema","district":"","area_ha":0.8,"lon":81.977934,"lat":16.712256,"source":"obia","sensor":"Sentinel-1 RTC (VV), 10 m","season":"2024 kharif","detected":true,"surveyed":false,"likely_block":false}},{"type":"Feature","geometry":{"type":"Polygon","coordinates":[[[81.99552,16.69859],[81.99552,16.69832],[81.99533,16.69832],[81.99533,16.69841],[81.99505,16.69841],[81.99505,16.69814],[81.99514,16.69814],[81.99514,16.69796],[81.99542,16.69796],[81.99542,16.69805],[81.99552,16.69805],[81.99552,16.69778],[81.99533,16.69778],[81.99533,16.69751],[81.99561,16.69751],[81.99561,16.69778],[81.99608,16.69778],[81.99608,16.69787],[81.99627,16.69786],[81.99627,16.69814],[81.99571,16.69823],[81.99571,16.69832],[81.99589,16.69832],[81.9959,16.69859],[81.99552,16.69859]]]},"properties":{"feature_id":"konaseema-00084","belt":"konaseema","district":"","area_ha":0.78,"lon":81.995636,"lat":16.698083,"source":"obia","sensor":"Sentinel-1 RTC (VV), 10 m","season":"2024 kharif","detected":true,"surveyed":false,"likely_block":false}},{"type":"Feature","geometry":{"type":"Polygon","coordinates":[[[81.99381,16.71225],[81.99381,16.71216],[81.99371,16.71216],[81.99371,16.71198],[81.99362,16.71198],[81.99362,16.71189],[81.99353,16.71189],[81.99352,16.71171],[81.99343,16.71171],[81.99343,16.71144],[81.99352,16.71144],[81.99352,16.71126],[81.99362,16.71125],[81.99362,16.71116],[81.9939,16.71116],[81.9939,16.71125],[81.99408,16.71125],[81.99409,16.71134],[81.99418,16.71134],[81.99418,16.71152],[81.99427,16.71152],[81.99428,16.71207],[81.99418,16.71207],[81.99418,16.71225],[81.99381,16.71225]],[[81.99381,16.71171],[81.99399,16.7117],[81.99399,16.71152],[81.9939,16.71152],[81.99381,16.71171]]]},"properties":{"feature_id":"konaseema-00085","belt":"konaseema","district":"","area_ha":0.77,"lon":81.993881,"lat":16.7117,"source":"obia","sensor":"Sentinel-1 RTC (VV), 10 m","season":"2024 kharif","detected":true,"surveyed":false,"likely_block":false}},{"type":"Feature","geometry":{"type":"Polygon","coordinates":[[[81.90908,16.6067],[81.90908,16.60643],[81.90927,16.60634],[81.90927,16.60607],[81.90936,16.60607],[81.90936,16.60589],[81.90974,16.60589],[81.90983,16.60607],[81.91002,16.60607],[81.91002,16.60616],[81.91011,16.60616],[81.91011,16.60661],[81.91002,16.60661],[81.91002,16.6067],[81.90908,16.6067]]]},"properties":{"feature_id":"konaseema-00086","belt":"konaseema","district":"","area_ha":0.77,"lon":81.909621,"lat":16.606351,"source":"obia","sensor":"Sentinel-1 RTC (VV), 10 m","season":"2024 kharif","detected":true,"surveyed":false,"likely_block":false}},{"type":"Feature","geometry":{"type":"Polygon","coordinates":[[[82.09848,16.53131],[82.09848,16.53122],[82.09839,16.53122],[82.09839,16.53113],[82.0982,16.53104],[82.0982,16.53086],[82.0981,16.53086],[82.0981,16.53068],[82.09801,16.53068],[82.09801,16.5305],[82.09792,16.5305],[82.09791,16.53023],[82.0981,16.53023],[82.0981,16.53014],[82.09838,16.53014],[82.09838,16.53032],[82.09848,16.53032],[82.09848,16.53041],[82.09866,16.5305],[82.09867,16.53068],[82.09876,16.53068],[82.09876,16.53086],[82.09885,16.53086],[82.09886,16.53122],[82.09876,16.53122],[82.09876,16.53131],[82.09848,16.53131]]]},"properties":{"feature_id":"konaseema-00087","belt":"konaseema","district":"","area_ha":0.77,"lon":82.098401,"lat":16.530723,"source":"obia","sensor":"Sentinel-1 RTC (VV), 10 m","season":"2024 kharif","detected":true,"surveyed":false,"likely_block":false}},{"type":"Feature","geometry":{"type":"Polygon","coordinates":[[[82.08682,16.70744],[82.08673,16.70726],[82.08645,16.70726],[82.08644,16.70681],[82.08635,16.70681],[82.08635,16.70645],[82.08644,16.70645],[82.08644,16.70618],[82.08672,16.70618],[82.08672,16.70627],[82.08682,16.70627],[82.08682,16.70654],[82.08701,16.70663],[82.08701,16.70708],[82.0871,16.70708],[82.0871,16.70744],[82.08682,16.70744]]]},"properties":{"feature_id":"konaseema-00088","belt":"konaseema","district":"","area_ha":0.75,"lon":82.086713,"lat":16.706832,"source":"obia","sensor":"Sentinel-1 RTC (VV), 10 m","season":"2024 kharif","detected":true,"surveyed":false,"likely_block":false}},{"type":"Feature","geometry":{"type":"Polygon","coordinates":[[[82.03521,16.66803],[82.03521,16.66794],[82.03512,16.66794],[82.03512,16.66785],[82.03493,16.66776],[82.03493,16.66758],[82.03484,16.66758],[82.03484,16.66749],[82.03465,16.66749],[82.03465,16.66731],[82.03446,16.66731],[82.03446,16.66713],[82.03437,16.66713],[82.03437,16.66704],[82.03418,16.66695],[82.03418,16.66668],[82.03446,16.66668],[82.03446,16.66677],[82.03455,16.66676],[82.03455,16.66686],[82.03465,16.66685],[82.03465,16.66695],[82.03474,16.66694],[82.03474,16.66704],[82.03483,16.66703],[82.03493,16.66721],[82.03512,16.66721],[82.03512,16.6673],[82.03521,16.6673],[82.03521,16.66739],[82.0354,16.66748],[82.0355,16.66803],[82.03521,16.66803]]]},"properties":{"feature_id":"konaseema-00089","belt":"konaseema","district":"","area_ha":0.75,"lon":82.03487,"lat":16.667351,"source":"obia","sensor":"Sentinel-1 RTC (VV), 10 m","season":"2024 kharif","detected":true,"surveyed":false,"likely_block":false}},{"type":"Feature","geometry":{"type":"Polygon","coordinates":[[[82.08867,16.60213],[82.08867,16.60204],[82.08857,16.60204],[82.08857,16.60177],[82.08866,16.60177],[82.08876,16.60159],[82.08904,16.60159],[82.08904,16.6015],[82.08913,16.6015],[82.08913,16.60141],[82.08932,16.60141],[82.08941,16.60123],[82.08988,16.60122],[82.08988,16.60149],[82.08969,16.60159],[82.0897,16.60186],[82.08913,16.60186],[82.08913,16.60204],[82.08895,16.60204],[82.08895,16.60213],[82.08867,16.60213]]]},"properties":{"feature_id":"konaseema-00090","belt":"konaseema","district":"","area_ha":0.75,"lon":82.089236,"lat":16.601669,"source":"obia","sensor":"Sentinel-1 RTC (VV), 10 m","season":"2024 kharif","detected":true,"surveyed":false,"likely_block":false}},{"type":"Feature","geometry":{"type":"Polygon","coordinates":[[[82.04595,16.53755],[82.04595,16.53746],[82.04576,16.53746],[82.04576,16.537],[82.04707,16.537],[82.04707,16.53745],[82.04642,16.53745],[82.04642,16.53754],[82.04595,16.53755]]]},"properties":{"feature_id":"konaseema-00091","belt":"konaseema","district":"","area_ha":0.75,"lon":82.046399,"lat":16.537245,"source":"obia","sensor":"Sentinel-1 RTC (VV), 10 m","season":"2024 kharif","detected":true,"surveyed":false,"likely_block":false}},{"type":"Feature","geometry":{"type":"Polygon","coordinates":[[[82.0977,16.5418],[82.0976,16.54144],[82.09751,16.54144],[82.09751,16.54135],[82.09732,16.54135],[82.09732,16.54108],[82.09741,16.54108],[82.09741,16.54099],[82.09751,16.54099],[82.0976,16.54081],[82.09788,16.5408],[82.09798,16.54117],[82.09816,16.54116],[82.09816,16.54125],[82.09835,16.54134],[82.09835,16.54161],[82.09826,16.54162],[82.09826,16.54171],[82.09807,16.54171],[82.09807,16.5418],[82.0977,16.5418]]]},"properties":{"feature_id":"konaseema-00092","belt":"konaseema","district":"","area_ha":0.74,"lon":82.097834,"lat":16.541327,"source":"obia","sensor":"Sentinel-1 RTC (VV), 10 m","season":"2024 kharif","detected":true,"surveyed":false,"likely_block":false}},{"type":"Feature","geometry":{"type":"Polygon","coordinates":[[[82.09385,16.5401],[82.09384,16.53965],[82.09394,16.53965],[82.09394,16.53956],[82.09375,16.53956],[82.09375,16.5392],[82.09384,16.5392],[82.09393,16.53902],[82.09422,16.53902],[82.09422,16.53938],[82.09469,16.53937],[82.09469,16.53965],[82.09459,16.53965],[82.09459,16.53974],[82.0945,16.53974],[82.0945,16.53983],[82.09441,16.53983],[82.09441,16.53992],[82.09431,16.53992],[82.09422,16.5401],[82.09385,16.5401]],[[82.09412,16.53947],[82.09422,16.53947],[82.09422,16.53938],[82.09412,16.53938],[82.09412,16.53947]]]},"properties":{"feature_id":"konaseema-00093","belt":"konaseema","district":"","area_ha":0.74,"lon":82.09415,"lat":16.539578,"source":"obia","sensor":"Sentinel-1 RTC (VV), 10 m","season":"2024 kharif","detected":true,"surveyed":false,"likely_block":false}},{"type":"Feature","geometry":{"type":"Polygon","coordinates":[[[82.06637,16.53663],[82.06637,16.53636],[82.06656,16.53636],[82.06656,16.53618],[82.06665,16.53618],[82.06665,16.53609],[82.06684,16.53608],[82.06684,16.53599],[82.06693,16.53599],[82.06693,16.53581],[82.06712,16.53581],[82.06721,16.53563],[82.06758,16.53563],[82.06758,16.53572],[82.06768,16.53572],[82.06768,16.53608],[82.06749,16.53608],[82.06749,16.53617],[82.0674,16.53617],[82.0674,16.53626],[82.06721,16.53626],[82.06712,16.53644],[82.06665,16.53645],[82.06665,16.53663],[82.06637,16.53663]]]},"properties":{"feature_id":"konaseema-00094","belt":"konaseema","district":"","area_ha":0.74,"lon":82.067079,"lat":16.536105,"source":"obia","sensor":"Sentinel-1 RTC (VV), 10 m","season":"2024 kharif","detected":true,"surveyed":false,"likely_block":false}},{"type":"Feature","geometry":{"type":"Polygon","coordinates":[[[82.09632,16.72737],[82.09632,16.72728],[82.09603,16.72728],[82.09603,16.72719],[82.09585,16.72719],[82.09585,16.7271],[82.09566,16.7271],[82.09566,16.72701],[82.09538,16.72701],[82.09528,16.72683],[82.095,16.72683],[82.095,16.72674],[82.09481,16.72674],[82.09481,16.72647],[82.09509,16.72647],[82.09509,16.72656],[82.09528,16.72656],[82.09528,16.72665],[82.09584,16.72665],[82.09584,16.72674],[82.09603,16.72674],[82.09603,16.72683],[82.09612,16.72683],[82.09613,16.72692],[82.09622,16.72691],[82.09631,16.7271],[82.0966,16.72709],[82.0966,16.72736],[82.09632,16.72737]]]},"properties":{"feature_id":"konaseema-00095","belt":"konaseema","district":"","area_ha":0.72,"lon":82.095719,"lat":16.726905,"source":"obia","sensor":"Sentinel-1 RTC (VV), 10 m","season":"2024 kharif","detected":true,"surveyed":false,"likely_block":false}},{"type":"Feature","geometry":{"type":"Polygon","coordinates":[[[81.94315,16.71095],[81.94315,16.71086],[81.94306,16.71086],[81.94306,16.71041],[81.94315,16.71041],[81.94324,16.71023],[81.94306,16.71023],[81.94305,16.70986],[81.94362,16.70986],[81.94362,16.7104],[81.94381,16.7104],[81.94381,16.71067],[81.94372,16.71068],[81.94372,16.71077],[81.94353,16.71077],[81.94344,16.71095],[81.94315,16.71095]]]},"properties":{"feature_id":"konaseema-00096","belt":"konaseema","district":"","area_ha":0.72,"lon":81.943378,"lat":16.710399,"source":"obia","sensor":"Sentinel-1 RTC (VV), 10 m","season":"2024 kharif","detected":true,"surveyed":false,"likely_block":false}},{"type":"Feature","geometry":{"type":"Polygon","coordinates":[[[82.08545,16.59754],[82.08545,16.59745],[82.08536,16.59745],[82.08536,16.59718],[82.08545,16.59718],[82.08545,16.597],[82.08554,16.597],[82.08554,16.59682],[82.08564,16.59682],[82.08573,16.59645],[82.0861,16.59645],[82.0861,16.59654],[82.08629,16.59654],[82.08629,16.59681],[82.08611,16.59681],[82.08611,16.59709],[82.08601,16.59709],[82.08592,16.59745],[82.08583,16.59745],[82.08583,16.59754],[82.08545,16.59754]]]},"properties":{"feature_id":"konaseema-00097","belt":"konaseema","district":"","area_ha":0.72,"lon":82.085806,"lat":16.596993,"source":"obia","sensor":"Sentinel-1 RTC (VV), 10 m","season":"2024 kharif","detected":true,"surveyed":false,"likely_block":false}},{"type":"Feature","geometry":{"type":"Polygon","coordinates":[[[82.08575,16.61634],[82.08565,16.61616],[82.08546,16.61616],[82.08546,16.61589],[82.08593,16.61589],[82.08593,16.6158],[82.08602,16.6158],[82.08602,16.61571],[82.08584,16.61571],[82.08584,16.61562],[82.08574,16.61562],[82.08574,16.61535],[82.08612,16.61534],[82.08612,16.61543],[82.0864,16.61543],[82.0864,16.61579],[82.08621,16.61589],[82.08621,16.61607],[82.08631,16.61607],[82.08631,16.61634],[82.08575,16.61634]]]},"properties":{"feature_id":"konaseema-00098","belt":"konaseema","district":"","area_ha":0.7,"lon":82.085988,"lat":16.615872,"source":"obia","sensor":"Sentinel-1 RTC (VV), 10 m","season":"2024 kharif","detected":true,"surveyed":false,"likely_block":false}},{"type":"Feature","geometry":{"type":"Polygon","coordinates":[[[82.07742,16.53467],[82.07742,16.53458],[82.07723,16.53458],[82.07723,16.53431],[82.07713,16.53431],[82.07713,16.53422],[82.07704,16.53422],[82.07704,16.53413],[82.07685,16.53404],[82.07685,16.53368],[82.07741,16.53377],[82.07741,16.53386],[82.07751,16.53386],[82.07751,16.53404],[82.0776,16.53404],[82.0776,16.53413],[82.0777,16.53413],[82.0777,16.53422],[82.07788,16.53431],[82.07789,16.53467],[82.07742,16.53467]]]},"properties":{"feature_id":"konaseema-00099","belt":"konaseema","district":"","area_ha":0.7,"lon":82.077373,"lat":16.534196,"source":"obia","sensor":"Sentinel-1 RTC (VV), 10 m","season":"2024 kharif","detected":true,"surveyed":false,"likely_block":false}},{"type":"Feature","geometry":{"type":"Polygon","coordinates":[[[81.99879,16.69568],[81.99879,16.69532],[81.99897,16.69523],[81.99897,16.69487],[81.99888,16.69487],[81.99888,16.6946],[81.99897,16.6946],[81.99897,16.69442],[81.99925,16.69442],[81.99925,16.69414],[81.99953,16.69414],[81.99953,16.6945],[81.99944,16.69451],[81.99944,16.69487],[81.99925,16.69496],[81.99925,16.69532],[81.99916,16.69532],[81.99907,16.69568],[81.99879,16.69568]]]},"properties":{"feature_id":"konaseema-00100","belt":"konaseema","district":"","area_ha":0.69,"lon":81.999146,"lat":16.69488,"source":"obia","sensor":"Sentinel-1 RTC (VV), 10 m","season":"2024 kharif","detected":true,"surveyed":false,"likely_block":false}},{"type":"Feature","geometry":{"type":"Polygon","coordinates":[[[82.06666,16.53789],[82.06666,16.53771],[82.06656,16.53771],[82.06656,16.53744],[82.06647,16.53744],[82.06647,16.53717],[82.06656,16.53717],[82.06665,16.53699],[82.06712,16.53699],[82.06712,16.53708],[82.06731,16.53717],[82.06731,16.53753],[82.06722,16.53753],[82.06722,16.53762],[82.06713,16.53762],[82.06713,16.53771],[82.06703,16.53771],[82.06694,16.53789],[82.06666,16.53789]]]},"properties":{"feature_id":"konaseema-00101","belt":"konaseema","district":"","area_ha":0.67,"lon":82.066885,"lat":16.537399,"source":"obia","sensor":"Sentinel-1 RTC (VV), 10 m","season":"2024 kharif","detected":true,"surveyed":false,"likely_block":false}},{"type":"Feature","geometry":{"type":"Polygon","coordinates":[[[82.07046,16.53064],[82.07046,16.53055],[82.07037,16.53055],[82.07037,16.53037],[82.07027,16.53037],[82.07027,16.53019],[82.07018,16.53019],[82.07017,16.52965],[82.07074,16.52965],[82.07074,16.52983],[82.07093,16.52992],[82.07093,16.53028],[82.07074,16.53037],[82.07074,16.53064],[82.07046,16.53064]]]},"properties":{"feature_id":"konaseema-00102","belt":"konaseema","district":"","area_ha":0.67,"lon":82.070538,"lat":16.530095,"source":"obia","sensor":"Sentinel-1 RTC (VV), 10 m","season":"2024 kharif","detected":true,"surveyed":false,"likely_block":false}},{"type":"Feature","geometry":{"type":"Polygon","coordinates":[[[82.03465,16.5442],[82.03464,16.54411],[82.03455,16.54411],[82.03455,16.54402],[82.03446,16.54402],[82.03446,16.54393],[82.03436,16.54393],[82.03436,16.54384],[82.03427,16.54384],[82.03427,16.54375],[82.03417,16.54375],[82.03417,16.54366],[82.03399,16.54357],[82.03398,16.54312],[82.03426,16.54312],[82.03426,16.54321],[82.03445,16.5433],[82.03445,16.54348],[82.03464,16.54348],[82.03464,16.54357],[82.03474,16.54357],[82.03474,16.54366],[82.03483,16.54366],[82.03483,16.54375],[82.03502,16.54384],[82.03502,16.54411],[82.03493,16.54411],[82.03493,16.5442],[82.03465,16.5442]]]},"properties":{"feature_id":"konaseema-00103","belt":"konaseema","district":"","area_ha":0.66,"lon":82.034478,"lat":16.543677,"source":"obia","sensor":"Sentinel-1 RTC (VV), 10 m","season":"2024 kharif","detected":true,"surveyed":false,"likely_block":false}},{"type":"Feature","geometry":{"type":"Polygon","coordinates":[[[82.02197,16.68102],[82.02197,16.68093],[82.02187,16.68093],[82.02187,16.68057],[82.02197,16.68057],[82.02196,16.68039],[82.02187,16.68039],[82.02187,16.67993],[82.02196,16.67993],[82.02196,16.67984],[82.02224,16.67984],[82.02224,16.6802],[82.02215,16.6802],[82.02215,16.68029],[82.02225,16.68029],[82.02225,16.68038],[82.02234,16.68038],[82.02234,16.68047],[82.02253,16.68056],[82.02253,16.68092],[82.02244,16.68093],[82.02244,16.68102],[82.02197,16.68102]]]},"properties":{"feature_id":"konaseema-00104","belt":"konaseema","district":"","area_ha":0.64,"lon":82.022149,"lat":16.68051,"source":"obia","sensor":"Sentinel-1 RTC (VV), 10 m","season":"2024 kharif","detected":true,"surveyed":false,"likely_block":false}},{"type":"Feature","geometry":{"type":"Polygon","coordinates":[[[82.03511,16.54366],[82.03511,16.54357],[82.03492,16.54357],[82.03492,16.54339],[82.03483,16.54339],[82.03483,16.5433],[82.03473,16.5433],[82.03464,16.54312],[82.03445,16.54312],[82.03445,16.54303],[82.03436,16.54303],[82.03436,16.54267],[82.03473,16.54266],[82.03473,16.54275],[82.03482,16.54275],[82.03483,16.54284],[82.03492,16.54284],[82.03492,16.54293],[82.03501,16.54293],[82.03501,16.54302],[82.03511,16.54302],[82.0352,16.5432],[82.03539,16.5432],[82.03539,16.54329],[82.03548,16.54329],[82.03549,16.54356],[82.03539,16.54356],[82.03539,16.54365],[82.03511,16.54366]]]},"properties":{"feature_id":"konaseema-00105","belt":"konaseema","district":"","area_ha":0.64,"lon":82.034913,"lat":16.543158,"source":"obia","sensor":"Sentinel-1 RTC (VV), 10 m","season":"2024 kharif","detected":true,"surveyed":false,"likely_block":false}},{"type":"Feature","geometry":{"type":"Polygon","coordinates":[[[82.01597,16.60973],[82.01596,16.60946],[82.01615,16.60946],[82.01615,16.60937],[82.01643,16.60937],[82.01643,16.60928],[82.01737,16.60927],[82.01737,16.60954],[82.01728,16.60955],[82.01728,16.60964],[82.01709,16.60964],[82.01709,16.60973],[82.01653,16.60973],[82.01653,16.60964],[82.01643,16.60964],[82.01643,16.60973],[82.01597,16.60973]]]},"properties":{"feature_id":"konaseema-00106","belt":"konaseema","district":"","area_ha":0.63,"lon":82.01669,"lat":16.609507,"source":"obia","sensor":"Sentinel-1 RTC (VV), 10 m","season":"2024 kharif","detected":true,"surveyed":false,"likely_block":false}},{"type":"Feature","geometry":{"type":"Polygon","coordinates":[[[82.01007,16.55734],[82.01007,16.55725],[82.00997,16.55725],[82.00997,16.55689],[82.01007,16.55688],[82.01006,16.5567],[82.01016,16.5567],[82.01016,16.55661],[82.01025,16.55661],[82.01025,16.55652],[82.01034,16.55652],[82.01044,16.55634],[82.01062,16.55634],[82.01062,16.55625],[82.01091,16.55625],[82.01091,16.55652],[82.01081,16.55652],[82.01081,16.55661],[82.01063,16.5567],[82.01063,16.55688],[82.01053,16.55688],[82.01053,16.55706],[82.01035,16.55715],[82.01035,16.55734],[82.01007,16.55734]]]},"properties":{"feature_id":"konaseema-00107","belt":"konaseema","district":"","area_ha":0.62,"lon":82.0104,"lat":16.55678,"source":"obia","sensor":"Sentinel-1 RTC (VV), 10 m","season":"2024 kharif","detected":true,"surveyed":false,"likely_block":false}},{"type":"Feature","geometry":{"type":"Polygon","coordinates":[[[82.03973,16.53107],[82.03973,16.53089],[82.03963,16.53089],[82.03963,16.53062],[82.03954,16.53062],[82.03954,16.53053],[82.03935,16.53044],[82.03935,16.53017],[82.03944,16.53017],[82.03954,16.52999],[82.03982,16.52998],[82.03982,16.53016],[82.03991,16.53016],[82.03991,16.53044],[82.03982,16.53044],[82.03982,16.53053],[82.0401,16.53052],[82.0401,16.53062],[82.04019,16.53061],[82.0402,16.53098],[82.0401,16.53098],[82.0401,16.53107],[82.03973,16.53107]]]},"properties":{"feature_id":"konaseema-00108","belt":"konaseema","district":"","area_ha":0.62,"lon":82.039779,"lat":16.530542,"source":"obia","sensor":"Sentinel-1 RTC (VV), 10 m","season":"2024 kharif","detected":true,"surveyed":false,"likely_block":false}},{"type":"Feature","geometry":{"type":"Polygon","coordinates":[[[82.0307,16.66516],[82.0306,16.66498],[82.03004,16.66498],[82.03004,16.66471],[82.03032,16.66471],[82.03032,16.66462],[82.0306,16.66462],[82.0306,16.66471],[82.0307,16.66471],[82.0307,16.66461],[82.03126,16.6647],[82.03126,16.66488],[82.03135,16.66488],[82.03135,16.66515],[82.0307,16.66516]]]},"properties":{"feature_id":"konaseema-00109","belt":"konaseema","district":"","area_ha":0.61,"lon":82.030749,"lat":16.66488,"source":"obia","sensor":"Sentinel-1 RTC (VV), 10 m","season":"2024 kharif","detected":true,"surveyed":false,"likely_block":false}},{"type":"Feature","geometry":{"type":"Polygon","coordinates":[[[82.07658,16.53486],[82.07657,16.53468],[82.07648,16.53468],[82.07648,16.53459],[82.07629,16.5345],[82.07629,16.53414],[82.07638,16.53414],[82.07638,16.53405],[82.07666,16.53405],[82.07666,16.53414],[82.07676,16.53414],[82.07676,16.53423],[82.07685,16.53423],[82.07695,16.53441],[82.07713,16.5344],[82.07714,16.53459],[82.07723,16.53458],[82.07723,16.53486],[82.07658,16.53486]]]},"properties":{"feature_id":"konaseema-00110","belt":"konaseema","district":"","area_ha":0.6,"lon":82.076732,"lat":16.534492,"source":"obia","sensor":"Sentinel-1 RTC (VV), 10 m","season":"2024 kharif","detected":true,"surveyed":false,"likely_block":false}},{"type":"Feature","geometry":{"type":"Polygon","coordinates":[[[82.00516,16.53232],[82.00516,16.53205],[82.00497,16.53205],[82.00497,16.53196],[82.00488,16.53196],[82.00487,16.53169],[82.00506,16.5316],[82.00506,16.53151],[82.00487,16.53151],[82.00487,16.53124],[82.00497,16.53124],[82.00496,16.53115],[82.00543,16.53115],[82.00544,16.53151],[82.00525,16.5316],[82.00525,16.53169],[82.00544,16.53169],[82.00544,16.53196],[82.00534,16.53196],[82.00534,16.53205],[82.00544,16.53205],[82.00544,16.53232],[82.00516,16.53232]]]},"properties":{"feature_id":"konaseema-00111","belt":"konaseema","district":"","area_ha":0.6,"lon":82.00518,"lat":16.531681,"source":"obia","sensor":"Sentinel-1 RTC (VV), 10 m","season":"2024 kharif","detected":true,"surveyed":false,"likely_block":false}},{"type":"Feature","geometry":{"type":"Polygon","coordinates":[[[82.06353,16.53059],[82.06362,16.53004],[82.06343,16.53005],[82.06343,16.52996],[82.06334,16.52996],[82.06333,16.52968],[82.0638,16.52968],[82.0638,16.52995],[82.0639,16.52995],[82.0639,16.52986],[82.06427,16.52986],[82.06427,16.53013],[82.06418,16.53013],[82.06418,16.53031],[82.06399,16.53031],[82.06399,16.53049],[82.06381,16.5305],[82.06381,16.53059],[82.06353,16.53059]]]},"properties":{"feature_id":"konaseema-00112","belt":"konaseema","district":"","area_ha":0.6,"lon":82.063794,"lat":16.530096,"source":"obia","sensor":"Sentinel-1 RTC (VV), 10 m","season":"2024 kharif","detected":true,"surveyed":false,"likely_block":false}},{"type":"Feature","geometry":{"type":"Polygon","coordinates":[[[82.05209,16.58099],[82.05209,16.5809],[82.05171,16.5809],[82.05171,16.58081],[82.05152,16.58081],[82.05152,16.58072],[82.05134,16.58063],[82.05133,16.58036],[82.05143,16.58036],[82.05143,16.58027],[82.0518,16.58027],[82.0518,16.58036],[82.0519,16.58036],[82.05199,16.58054],[82.05218,16.58054],[82.05218,16.58063],[82.05246,16.58063],[82.05246,16.58099],[82.05209,16.58099]]]},"properties":{"feature_id":"konaseema-00113","belt":"konaseema","district":"","area_ha":0.59,"lon":82.051876,"lat":16.580646,"source":"obia","sensor":"Sentinel-1 RTC (VV), 10 m","season":"2024 kharif","detected":true,"surveyed":false,"likely_block":false}},{"type":"Feature","geometry":{"type":"Polygon","coordinates":[[[82.06212,16.53078],[82.06212,16.53059],[82.06203,16.5306],[82.06203,16.53032],[82.06212,16.53032],[82.06212,16.53023],[82.06221,16.53023],[82.06221,16.53014],[82.06231,16.53014],[82.0624,16.52996],[82.06277,16.52996],[82.06277,16.53005],[82.06287,16.53005],[82.06287,16.5305],[82.06278,16.5305],[82.06278,16.53059],[82.06259,16.53059],[82.06259,16.53068],[82.0624,16.53068],[82.0624,16.53077],[82.06212,16.53078]]]},"properties":{"feature_id":"konaseema-00114","belt":"konaseema","district":"","area_ha":0.59,"lon":82.062466,"lat":16.530361,"source":"obia","sensor":"Sentinel-1 RTC (VV), 10 m","season":"2024 kharif","detected":true,"surveyed":false,"likely_block":false}},{"type":"Feature","geometry":{"type":"Polygon","coordinates":[[[82.08365,16.7099],[82.08365,16.70972],[82.08355,16.70972],[82.08355,16.70936],[82.08364,16.70936],[82.08364,16.70927],[82.08393,16.70926],[82.08402,16.70944],[82.08411,16.70944],[82.08411,16.70926],[82.08439,16.70926],[82.0844,16.70935],[82.08458,16.70935],[82.08458,16.70971],[82.0844,16.70971],[82.0844,16.7098],[82.08412,16.70981],[82.08412,16.70972],[82.08393,16.70972],[82.08393,16.7099],[82.08365,16.7099]]]},"properties":{"feature_id":"konaseema-00115","belt":"konaseema","district":"","area_ha":0.58,"lon":82.084044,"lat":16.709553,"source":"obia","sensor":"Sentinel-1 RTC (VV), 10 m","season":"2024 kharif","detected":true,"surveyed":false,"likely_block":false}},{"type":"Feature","geometry":{"type":"Polygon","coordinates":[[[82.09939,16.70728],[82.09939,16.70701],[82.09929,16.70701],[82.09929,16.70692],[82.09892,16.70693],[82.09892,16.70684],[82.09882,16.70684],[82.09882,16.70656],[82.09939,16.70656],[82.09939,16.70665],[82.09948,16.70665],[82.09948,16.70674],[82.09967,16.70683],[82.09967,16.70701],[82.09976,16.70701],[82.09976,16.70692],[82.10004,16.70692],[82.10005,16.70728],[82.09939,16.70728]]]},"properties":{"feature_id":"konaseema-00116","belt":"konaseema","district":"","area_ha":0.57,"lon":82.099445,"lat":16.706926,"source":"obia","sensor":"Sentinel-1 RTC (VV), 10 m","season":"2024 kharif","detected":true,"surveyed":false,"likely_block":false}},{"type":"Feature","geometry":{"type":"Polygon","coordinates":[[[82.00667,16.64214],[82.00666,16.64105],[82.00704,16.64105],[82.00704,16.64141],[82.00713,16.64141],[82.00713,16.64177],[82.00723,16.64177],[82.00723,16.64204],[82.00667,16.64214]]]},"properties":{"feature_id":"konaseema-00117","belt":"konaseema","district":"","area_ha":0.57,"lon":82.006897,"lat":16.641617,"source":"obia","sensor":"Sentinel-1 RTC (VV), 10 m","season":"2024 kharif","detected":true,"surveyed":false,"likely_block":false}},{"type":"Feature","geometry":{"type":"Polygon","coordinates":[[[82.02526,16.5945],[82.02526,16.59414],[82.02535,16.59414],[82.02535,16.59387],[82.02544,16.59387],[82.02544,16.59333],[82.02553,16.59333],[82.02553,16.59314],[82.02581,16.59314],[82.02581,16.59323],[82.02591,16.59323],[82.02591,16.59369],[82.02582,16.59369],[82.02582,16.59387],[82.02563,16.59387],[82.02563,16.59423],[82.02554,16.59423],[82.02554,16.5945],[82.02526,16.5945]]]},"properties":{"feature_id":"konaseema-00118","belt":"konaseema","district":"","area_ha":0.57,"lon":82.025583,"lat":16.593773,"source":"obia","sensor":"Sentinel-1 RTC (VV), 10 m","season":"2024 kharif","detected":true,"surveyed":false,"likely_block":false}},{"type":"Feature","geometry":{"type":"Polygon","coordinates":[[[82.09675,16.54063],[82.09675,16.54036],[82.09657,16.54036],[82.09656,16.54027],[82.09638,16.54018],[82.09638,16.54],[82.09628,16.54],[82.09628,16.53982],[82.09619,16.53982],[82.09619,16.53955],[82.09647,16.53955],[82.09647,16.53964],[82.09656,16.53964],[82.09656,16.53973],[82.09666,16.53973],[82.09666,16.53982],[82.09684,16.53991],[82.09684,16.54009],[82.09694,16.54009],[82.09694,16.54018],[82.09713,16.54027],[82.09713,16.54054],[82.09703,16.54054],[82.09704,16.54063],[82.09675,16.54063]]]},"properties":{"feature_id":"konaseema-00119","belt":"konaseema","district":"","area_ha":0.57,"lon":82.096655,"lat":16.540087,"source":"obia","sensor":"Sentinel-1 RTC (VV), 10 m","season":"2024 kharif","detected":true,"surveyed":false,"likely_block":false}},{"type":"Feature","geometry":{"type":"Polygon","coordinates":[[[82.09731,16.70522],[82.09731,16.70486],[82.09703,16.70486],[82.09703,16.7045],[82.09712,16.70449],[82.09712,16.70431],[82.0974,16.70431],[82.0974,16.7044],[82.09759,16.70449],[82.09759,16.70476],[82.09741,16.70476],[82.09741,16.70485],[82.09788,16.70485],[82.09788,16.70494],[82.09797,16.70494],[82.09797,16.70521],[82.09731,16.70522]]]},"properties":{"feature_id":"konaseema-00120","belt":"konaseema","district":"","area_ha":0.56,"lon":82.097456,"lat":16.704813,"source":"obia","sensor":"Sentinel-1 RTC (VV), 10 m","season":"2024 kharif","detected":true,"surveyed":false,"likely_block":false}},{"type":"Feature","geometry":{"type":"Polygon","coordinates":[[[82.04782,16.64121],[82.04782,16.64076],[82.04791,16.64076],[82.04791,16.64067],[82.0481,16.64067],[82.0481,16.64058],[82.04866,16.64057],[82.04866,16.64066],[82.04876,16.64066],[82.04876,16.64093],[82.04866,16.64093],[82.04866,16.64102],[82.04848,16.64103],[82.04848,16.64112],[82.04829,16.64112],[82.04829,16.64121],[82.04782,16.64121]]]},"properties":{"feature_id":"konaseema-00121","belt":"konaseema","district":"","area_ha":0.56,"lon":82.04826,"lat":16.640878,"source":"obia","sensor":"Sentinel-1 RTC (VV), 10 m","season":"2024 kharif","detected":true,"surveyed":false,"likely_block":false}},{"type":"Feature","geometry":{"type":"Polygon","coordinates":[[[82.04797,16.5303],[82.04797,16.53021],[82.04769,16.53022],[82.04769,16.52994],[82.04778,16.52994],[82.04787,16.52976],[82.04862,16.52976],[82.04862,16.52985],[82.04872,16.52985],[82.04872,16.53021],[82.04844,16.53021],[82.04844,16.5303],[82.04797,16.5303]]]},"properties":{"feature_id":"konaseema-00122","belt":"konaseema","district":"","area_ha":0.56,"lon":82.048219,"lat":16.530022,"source":"obia","sensor":"Sentinel-1 RTC (VV), 10 m","season":"2024 kharif","detected":true,"surveyed":false,"likely_block":false}},{"type":"Feature","geometry":{"type":"Polygon","coordinates":[[[82.06479,16.53953],[82.06479,16.53926],[82.06489,16.53926],[82.06489,16.53917],[82.06498,16.53917],[82.06498,16.53908],[82.06517,16.53899],[82.06516,16.5388],[82.06526,16.5388],[82.06526,16.53871],[82.06535,16.53871],[82.06535,16.53862],[82.06545,16.53862],[82.06554,16.53844],[82.06582,16.53844],[82.06582,16.53871],[82.06573,16.53871],[82.06573,16.53889],[82.06554,16.53889],[82.06554,16.53898],[82.06545,16.53898],[82.06545,16.53916],[82.06526,16.53926],[82.06526,16.53944],[82.06517,16.53944],[82.06517,16.53953],[82.06479,16.53953]]]},"properties":{"feature_id":"konaseema-00123","belt":"konaseema","district":"","area_ha":0.55,"lon":82.065309,"lat":16.538998,"source":"obia","sensor":"Sentinel-1 RTC (VV), 10 m","season":"2024 kharif","detected":true,"surveyed":false,"likely_block":false}},{"type":"Feature","geometry":{"type":"Polygon","coordinates":[[[81.93726,16.71468],[81.93726,16.71459],[81.93707,16.71459],[81.93707,16.71405],[81.93735,16.71405],[81.93735,16.71396],[81.93782,16.71396],[81.93782,16.71441],[81.93773,16.71441],[81.93773,16.71459],[81.93754,16.71459],[81.93754,16.71468],[81.93726,16.71468]]]},"properties":{"feature_id":"konaseema-00124","belt":"konaseema","district":"","area_ha":0.54,"lon":81.937447,"lat":16.714301,"source":"obia","sensor":"Sentinel-1 RTC (VV), 10 m","season":"2024 kharif","detected":true,"surveyed":false,"likely_block":false}},{"type":"Feature","geometry":{"type":"Polygon","coordinates":[[[82.07835,16.68525],[82.07835,16.68507],[82.07826,16.68507],[82.07816,16.68471],[82.07825,16.68471],[82.07835,16.68453],[82.07853,16.68453],[82.07853,16.68444],[82.079,16.68443],[82.07901,16.68489],[82.07882,16.68489],[82.07882,16.68507],[82.07863,16.68507],[82.07863,16.68516],[82.07844,16.68516],[82.07844,16.68525],[82.07835,16.68525]]]},"properties":{"feature_id":"konaseema-00125","belt":"konaseema","district":"","area_ha":0.54,"lon":82.078601,"lat":16.684786,"source":"obia","sensor":"Sentinel-1 RTC (VV), 10 m","season":"2024 kharif","detected":true,"surveyed":false,"likely_block":false}},{"type":"Feature","geometry":{"type":"Polygon","coordinates":[[[82.074,16.67768],[82.07399,16.67759],[82.0739,16.67759],[82.0739,16.6775],[82.07381,16.6775],[82.07371,16.67732],[82.0739,16.67732],[82.07399,16.67714],[82.07427,16.67714],[82.07427,16.67705],[82.07493,16.67704],[82.07493,16.67722],[82.07484,16.67723],[82.07484,16.67732],[82.07474,16.67732],[82.07465,16.6775],[82.07437,16.6775],[82.07437,16.67759],[82.074,16.67768]]]},"properties":{"feature_id":"konaseema-00126","belt":"konaseema","district":"","area_ha":0.54,"lon":82.074333,"lat":16.67732,"source":"obia","sensor":"Sentinel-1 RTC (VV), 10 m","season":"2024 kharif","detected":true,"surveyed":false,"likely_block":false}},{"type":"Feature","geometry":{"type":"Polygon","coordinates":[[[82.03287,16.54457],[82.03287,16.54448],[82.03277,16.54448],[82.03277,16.54412],[82.03296,16.54412],[82.03296,16.54403],[82.03305,16.54403],[82.03305,16.54376],[82.03314,16.54376],[82.03314,16.54367],[82.03342,16.54366],[82.03342,16.54375],[82.03361,16.54384],[82.03361,16.54412],[82.03352,16.54412],[82.03352,16.54421],[82.03333,16.54421],[82.03315,16.54457],[82.03287,16.54457]]]},"properties":{"feature_id":"konaseema-00127","belt":"konaseema","district":"","area_ha":0.54,"lon":82.033181,"lat":16.544115,"source":"obia","sensor":"Sentinel-1 RTC (VV), 10 m","season":"2024 kharif","detected":true,"surveyed":false,"likely_block":false}},{"type":"Feature","geometry":{"type":"Polygon","coordinates":[[[81.99919,16.53723],[81.99919,16.53714],[81.99881,16.53714],[81.99881,16.53705],[81.99862,16.53705],[81.99862,16.5366],[81.99937,16.53669],[81.99937,16.53678],[81.99956,16.53687],[81.99956,16.53723],[81.99919,16.53723]]]},"properties":{"feature_id":"konaseema-00128","belt":"konaseema","district":"","area_ha":0.53,"lon":81.999088,"lat":16.53692,"source":"obia","sensor":"Sentinel-1 RTC (VV), 10 m","season":"2024 kharif","detected":true,"surveyed":false,"likely_block":false}},{"type":"Feature","geometry":{"type":"Polygon","coordinates":[[[82.08826,16.61398],[82.08826,16.61361],[82.08817,16.61362],[82.08817,16.6138],[82.08808,16.6138],[82.08808,16.61389],[82.0878,16.61389],[82.08779,16.61353],[82.08798,16.61344],[82.08798,16.61325],[82.08835,16.61325],[82.08835,16.61343],[82.08873,16.61343],[82.08873,16.6137],[82.08854,16.6137],[82.08855,16.61397],[82.08826,16.61398]]]},"properties":{"feature_id":"konaseema-00129","belt":"konaseema","district":"","area_ha":0.52,"lon":82.08824,"lat":16.613612,"source":"obia","sensor":"Sentinel-1 RTC (VV), 10 m","season":"2024 kharif","detected":true,"surveyed":false,"likely_block":false}},{"type":"Feature","geometry":{"type":"Polygon","coordinates":[[[81.90311,16.67289],[81.90311,16.67244],[81.9032,16.67244],[81.9032,16.67235],[81.90377,16.67235],[81.90377,16.67226],[81.90414,16.67226],[81.90414,16.67253],[81.90405,16.67253],[81.90405,16.67262],[81.90386,16.67262],[81.90386,16.67271],[81.90358,16.67271],[81.90358,16.6728],[81.90339,16.6728],[81.90339,16.67289],[81.90311,16.67289]]]},"properties":{"feature_id":"konaseema-00130","belt":"konaseema","district":"","area_ha":0.51,"lon":81.903581,"lat":16.672546,"source":"obia","sensor":"Sentinel-1 RTC (VV), 10 m","season":"2024 kharif","detected":true,"surveyed":false,"likely_block":false}},{"type":"Feature","geometry":{"type":"Polygon","coordinates":[[[82.07709,16.71111],[82.07709,16.71066],[82.07718,16.71066],[82.07718,16.71057],[82.07709,16.71057],[82.07708,16.7102],[82.07699,16.7102],[82.07699,16.70993],[82.07746,16.70993],[82.07746,16.7102],[82.07737,16.7102],[82.07737,16.71038],[82.07746,16.71038],[82.07746,16.71093],[82.07737,16.71093],[82.07737,16.71111],[82.07709,16.71111]]]},"properties":{"feature_id":"konaseema-00131","belt":"konaseema","district":"","area_ha":0.5,"lon":82.077251,"lat":16.71048,"source":"obia","sensor":"Sentinel-1 RTC (VV), 10 m","season":"2024 kharif","detected":true,"surveyed":false,"likely_block":false}},{"type":"Feature","geometry":{"type":"Polygon","coordinates":[[[82.07971,16.71001],[82.07971,16.70992],[82.07952,16.70992],[82.07952,16.70983],[82.07933,16.70983],[82.07933,16.70974],[82.07924,16.70974],[82.07924,16.70947],[82.0798,16.70947],[82.0798,16.70956],[82.08027,16.70955],[82.08027,16.70992],[82.08008,16.70992],[82.08008,16.71001],[82.07971,16.71001]]]},"properties":{"feature_id":"konaseema-00132","belt":"konaseema","district":"","area_ha":0.5,"lon":82.07977,"lat":16.70972,"source":"obia","sensor":"Sentinel-1 RTC (VV), 10 m","season":"2024 kharif","detected":true,"surveyed":false,"likely_block":false}},{"type":"Feature","geometry":{"type":"Polygon","coordinates":[[[82.00444,16.66483],[82.00444,16.6642],[82.00463,16.6642],[82.00462,16.66411],[82.00491,16.66411],[82.00491,16.6642],[82.005,16.6642],[82.005,16.66429],[82.00519,16.66438],[82.00519,16.66465],[82.005,16.66465],[82.005,16.66474],[82.00482,16.66474],[82.00482,16.66483],[82.00444,16.66483]]]},"properties":{"feature_id":"konaseema-00133","belt":"konaseema","district":"","area_ha":0.5,"lon":82.004768,"lat":16.66448,"source":"obia","sensor":"Sentinel-1 RTC (VV), 10 m","season":"2024 kharif","detected":true,"surveyed":false,"likely_block":false}},{"type":"Feature","geometry":{"type":"Polygon","coordinates":[[[82.0603,16.72746],[82.06029,16.72692],[82.06039,16.72692],[82.06039,16.72683],[82.06029,16.72683],[82.06029,16.72656],[82.0602,16.72656],[82.0602,16.7262],[82.06048,16.7262],[82.06048,16.72638],[82.06057,16.72638],[82.06058,16.72683],[82.06067,16.72683],[82.06067,16.7271],[82.06058,16.7271],[82.06058,16.72719],[82.06067,16.72719],[82.06067,16.72746],[82.0603,16.72746]]]},"properties":{"feature_id":"konaseema-00134","belt":"konaseema","district":"","area_ha":0.49,"lon":82.060441,"lat":16.726854,"source":"obia","sensor":"Sentinel-1 RTC (VV), 10 m","season":"2024 kharif","detected":true,"surveyed":false,"likely_block":false}},{"type":"Feature","geometry":{"type":"Polygon","coordinates":[[[82.08732,16.61362],[82.08732,16.61344],[82.08695,16.61344],[82.08695,16.61308],[82.08685,16.61308],[82.08685,16.61317],[82.08657,16.61317],[82.08657,16.6129],[82.08666,16.6129],[82.08666,16.61281],[82.08695,16.61281],[82.08695,16.61299],[82.08732,16.61299],[82.08732,16.61317],[82.0876,16.61317],[82.08761,16.61362],[82.08732,16.61362]]]},"properties":{"feature_id":"konaseema-00135","belt":"konaseema","district":"","area_ha":0.49,"lon":82.087128,"lat":16.613205,"source":"obia","sensor":"Sentinel-1 RTC (VV), 10 m","season":"2024 kharif","detected":true,"surveyed":false,"likely_block":false}},{"type":"Feature","geometry":{"type":"Polygon","coordinates":[[[82.06618,16.53582],[82.06618,16.53573],[82.06609,16.53573],[82.06608,16.53536],[82.06618,16.53536],[82.06618,16.53527],[82.06636,16.53527],[82.06646,16.53509],[82.06683,16.53509],[82.06683,16.53518],[82.06693,16.53518],[82.06693,16.53545],[82.06683,16.53545],[82.06683,16.53554],[82.06665,16.53554],[82.06665,16.53563],[82.06655,16.53563],[82.06646,16.53581],[82.06618,16.53582]]]},"properties":{"feature_id":"konaseema-00136","belt":"konaseema","district":"","area_ha":0.49,"lon":82.066486,"lat":16.535436,"source":"obia","sensor":"Sentinel-1 RTC (VV), 10 m","season":"2024 kharif","detected":true,"surveyed":false,"likely_block":false}},{"type":"Feature","geometry":{"type":"Polygon","coordinates":[[[82.0715,16.53127],[82.07149,16.53118],[82.0714,16.53118],[82.0714,16.531],[82.07131,16.531],[82.0713,16.53055],[82.0714,16.53055],[82.0714,16.53046],[82.07168,16.53046],[82.07168,16.53055],[82.07187,16.53064],[82.07196,16.53118],[82.07187,16.53118],[82.07187,16.53127],[82.0715,16.53127]]]},"properties":{"feature_id":"konaseema-00137","belt":"konaseema","district":"","area_ha":0.49,"lon":82.071616,"lat":16.530875,"source":"obia","sensor":"Sentinel-1 RTC (VV), 10 m","season":"2024 kharif","detected":true,"surveyed":false,"likely_block":false}},{"type":"Feature","geometry":{"type":"Polygon","coordinates":[[[82.01739,16.72018],[82.01739,16.72009],[82.0172,16.72009],[82.0172,16.71982],[82.01739,16.71973],[82.01739,16.71945],[82.0173,16.71946],[82.01729,16.71909],[82.01757,16.71909],[82.01758,16.71945],[82.01767,16.71945],[82.01767,16.71963],[82.01776,16.71963],[82.01777,16.72009],[82.01767,16.72009],[82.01767,16.72018],[82.01739,16.72018]]]},"properties":{"feature_id":"konaseema-00138","belt":"konaseema","district":"","area_ha":0.48,"lon":82.017493,"lat":16.719701,"source":"obia","sensor":"Sentinel-1 RTC (VV), 10 m","season":"2024 kharif","detected":true,"surveyed":false,"likely_block":false}},{"type":"Feature","geometry":{"type":"Polygon","coordinates":[[[82.07619,16.68391],[82.07619,16.68364],[82.07609,16.68364],[82.07609,16.68346],[82.076,16.68346],[82.076,16.68337],[82.07609,16.68337],[82.07609,16.68327],[82.07618,16.68327],[82.07618,16.68318],[82.07628,16.68318],[82.07637,16.683],[82.07646,16.683],[82.07646,16.68309],[82.07674,16.68309],[82.07675,16.68354],[82.07656,16.68354],[82.07656,16.68372],[82.07647,16.68372],[82.07637,16.68391],[82.07619,16.68391]]]},"properties":{"feature_id":"konaseema-00139","belt":"konaseema","district":"","area_ha":0.48,"lon":82.076401,"lat":16.683433,"source":"obia","sensor":"Sentinel-1 RTC (VV), 10 m","season":"2024 kharif","detected":true,"surveyed":false,"likely_block":false}},{"type":"Feature","geometry":{"type":"Polygon","coordinates":[[[82.0031,16.53387],[82.0031,16.53378],[82.00273,16.53378],[82.00273,16.53369],[82.00217,16.53369],[82.00217,16.53342],[82.0031,16.53342],[82.0031,16.53351],[82.00348,16.5336],[82.00348,16.53387],[82.0031,16.53387]]]},"properties":{"feature_id":"konaseema-00140","belt":"konaseema","district":"","area_ha":0.48,"lon":82.002847,"lat":16.533615,"source":"obia","sensor":"Sentinel-1 RTC (VV), 10 m","season":"2024 kharif","detected":true,"surveyed":false,"likely_block":false}},{"type":"Feature","geometry":{"type":"Polygon","coordinates":[[[82.02591,16.68136],[82.02591,16.68127],[82.02572,16.68118],[82.02572,16.68046],[82.0259,16.68046],[82.0259,16.68037],[82.02618,16.68036],[82.02619,16.68064],[82.026,16.68064],[82.026,16.68073],[82.02609,16.68073],[82.02609,16.68091],[82.02619,16.68091],[82.02619,16.68136],[82.02591,16.68136]]]},"properties":{"feature_id":"konaseema-00141","belt":"konaseema","district":"","area_ha":0.46,"lon":82.025954,"lat":16.680864,"source":"obia","sensor":"Sentinel-1 RTC (VV), 10 m","season":"2024 kharif","detected":true,"surveyed":false,"likely_block":false}},{"type":"Feature","geometry":{"type":"Polygon","coordinates":[[[81.98829,16.71481],[81.98829,16.71472],[81.98819,16.71472],[81.98819,16.71463],[81.98829,16.71462],[81.98829,16.71435],[81.9881,16.71426],[81.9881,16.71408],[81.98819,16.71408],[81.98828,16.7139],[81.98856,16.7139],[81.98857,16.71399],[81.98875,16.71399],[81.98875,16.71426],[81.98866,16.71426],[81.98866,16.71462],[81.98838,16.71462],[81.98838,16.71471],[81.98857,16.71471],[81.98857,16.7148],[81.98829,16.71481]]]},"properties":{"feature_id":"konaseema-00142","belt":"konaseema","district":"","area_ha":0.45,"lon":81.988439,"lat":16.714299,"source":"obia","sensor":"Sentinel-1 RTC (VV), 10 m","season":"2024 kharif","detected":true,"surveyed":false,"likely_block":false}},{"type":"Feature","geometry":{"type":"Polygon","coordinates":[[[82.07043,16.71096],[82.07043,16.71069],[82.07052,16.71069],[82.07052,16.71051],[82.07061,16.71051],[82.07061,16.71042],[82.07052,16.71042],[82.07052,16.71015],[82.07108,16.71014],[82.07108,16.71033],[82.07118,16.71033],[82.07118,16.71042],[82.07108,16.71042],[82.07108,16.7106],[82.07099,16.7106],[82.0709,16.71078],[82.07071,16.71078],[82.07062,16.71096],[82.07043,16.71096]]]},"properties":{"feature_id":"konaseema-00143","belt":"konaseema","district":"","area_ha":0.45,"lon":82.070765,"lat":16.710496,"source":"obia","sensor":"Sentinel-1 RTC (VV), 10 m","season":"2024 kharif","detected":true,"surveyed":false,"likely_block":false}},{"type":"Feature","geometry":{"type":"Polygon","coordinates":[[[81.9846,16.70949],[81.98451,16.70895],[81.9846,16.70895],[81.98469,16.70859],[81.98497,16.70858],[81.98497,16.70886],[81.98507,16.70886],[81.98507,16.70931],[81.98498,16.70931],[81.98488,16.70949],[81.9846,16.70949]]]},"properties":{"feature_id":"konaseema-00144","belt":"konaseema","district":"","area_ha":0.45,"lon":81.984803,"lat":16.709054,"source":"obia","sensor":"Sentinel-1 RTC (VV), 10 m","season":"2024 kharif","detected":true,"surveyed":false,"likely_block":false}},{"type":"Feature","geometry":{"type":"Polygon","coordinates":[[[82.02828,16.68668],[82.02828,16.68632],[82.02856,16.68632],[82.02856,16.68623],[82.02875,16.68623],[82.02875,16.68614],[82.02893,16.68614],[82.02893,16.68605],[82.02912,16.68604],[82.02912,16.68595],[82.02922,16.68595],[82.02922,16.68613],[82.02912,16.68613],[82.02912,16.68641],[82.02903,16.68641],[82.02903,16.68659],[82.02884,16.68659],[82.02884,16.68668],[82.02828,16.68668]]]},"properties":{"feature_id":"konaseema-00145","belt":"konaseema","district":"","area_ha":0.45,"lon":82.028741,"lat":16.686393,"source":"obia","sensor":"Sentinel-1 RTC (VV), 10 m","season":"2024 kharif","detected":true,"surveyed":false,"likely_block":false}},{"type":"Feature","geometry":{"type":"Polygon","coordinates":[[[82.05191,16.53173],[82.05191,16.53164],[82.05182,16.53164],[82.05182,16.5311],[82.05219,16.5311],[82.05219,16.53119],[82.05247,16.53119],[82.05248,16.53173],[82.05191,16.53173]]]},"properties":{"feature_id":"konaseema-00146","belt":"konaseema","district":"","area_ha":0.45,"lon":82.05214,"lat":16.531426,"source":"obia","sensor":"Sentinel-1 RTC (VV), 10 m","season":"2024 kharif","detected":true,"surveyed":false,"likely_block":false}},{"type":"Feature","geometry":{"type":"Polygon","coordinates":[[[82.06759,16.53698],[82.06759,16.53689],[82.0675,16.53689],[82.0675,16.53653],[82.06768,16.53653],[82.06778,16.53635],[82.06824,16.53635],[82.06825,16.5368],[82.06806,16.5368],[82.06806,16.53689],[82.06787,16.53689],[82.06787,16.53698],[82.06759,16.53698]]]},"properties":{"feature_id":"konaseema-00147","belt":"konaseema","district":"","area_ha":0.44,"lon":82.067877,"lat":16.536654,"source":"obia","sensor":"Sentinel-1 RTC (VV), 10 m","season":"2024 kharif","detected":true,"surveyed":false,"likely_block":false}},{"type":"Feature","geometry":{"type":"Polygon","coordinates":[[[82.01926,16.66548],[82.01926,16.66521],[82.01907,16.66512],[82.01907,16.66458],[82.01954,16.66458],[82.01954,16.66548],[82.01926,16.66548]]]},"properties":{"feature_id":"konaseema-00148","belt":"konaseema","district":"","area_ha":0.43,"lon":82.019328,"lat":16.664985,"source":"obia","sensor":"Sentinel-1 RTC (VV), 10 m","season":"2024 kharif","detected":true,"surveyed":false,"likely_block":false}},{"type":"Feature","geometry":{"type":"Polygon","coordinates":[[[81.90843,16.60752],[81.90843,16.60698],[81.90852,16.60698],[81.90852,16.6068],[81.90862,16.60679],[81.90861,16.6067],[81.90899,16.6067],[81.90899,16.60697],[81.9089,16.60697],[81.9089,16.60743],[81.90881,16.60743],[81.90881,16.60752],[81.90843,16.60752]]]},"properties":{"feature_id":"konaseema-00149","belt":"konaseema","district":"","area_ha":0.43,"lon":81.908694,"lat":16.607111,"source":"obia","sensor":"Sentinel-1 RTC (VV), 10 m","season":"2024 kharif","detected":true,"surveyed":false,"likely_block":false}},{"type":"Feature","geometry":{"type":"Polygon","coordinates":[[[82.09744,16.72772],[82.09744,16.72763],[82.09697,16.72763],[82.09697,16.72736],[82.09707,16.72736],[82.09707,16.72727],[82.09753,16.72727],[82.09763,16.72745],[82.09772,16.72745],[82.09772,16.72736],[82.098,16.72736],[82.09801,16.72763],[82.09791,16.72763],[82.09791,16.72772],[82.09744,16.72772]]]},"properties":{"feature_id":"konaseema-00150","belt":"konaseema","district":"","area_ha":0.42,"lon":82.097484,"lat":16.727498,"source":"obia","sensor":"Sentinel-1 RTC (VV), 10 m","season":"2024 kharif","detected":true,"surveyed":false,"likely_block":false}},{"type":"Feature","geometry":{"type":"Polygon","coordinates":[[[82.02328,16.71518],[82.02327,16.71454],[82.02337,16.71454],[82.02337,16.71445],[82.02365,16.71445],[82.02365,16.71454],[82.02374,16.71454],[82.02374,16.71472],[82.02384,16.71472],[82.02384,16.71508],[82.02374,16.71508],[82.02374,16.71518],[82.02328,16.71518]]]},"properties":{"feature_id":"konaseema-00151","belt":"konaseema","district":"","area_ha":0.42,"lon":82.023535,"lat":16.714838,"source":"obia","sensor":"Sentinel-1 RTC (VV), 10 m","season":"2024 kharif","detected":true,"surveyed":false,"likely_block":false}},{"type":"Feature","geometry":{"type":"Polygon","coordinates":[[[82.00641,16.70116],[82.00641,16.70107],[82.00613,16.70107],[82.00613,16.7008],[82.00622,16.7008],[82.00622,16.70071],[82.00641,16.70071],[82.0065,16.70053],[82.00678,16.70053],[82.00679,16.70071],[82.00688,16.70071],[82.00688,16.70089],[82.00697,16.70089],[82.00697,16.70098],[82.00679,16.70098],[82.00679,16.70116],[82.00641,16.70116]]]},"properties":{"feature_id":"konaseema-00152","belt":"konaseema","district":"","area_ha":0.42,"lon":82.006543,"lat":16.700866,"source":"obia","sensor":"Sentinel-1 RTC (VV), 10 m","season":"2024 kharif","detected":true,"surveyed":false,"likely_block":false}},{"type":"Feature","geometry":{"type":"Polygon","coordinates":[[[82.08247,16.61789],[82.08238,16.61771],[82.08229,16.61771],[82.08229,16.6178],[82.08191,16.61781],[82.08191,16.61753],[82.0821,16.61744],[82.0821,16.61717],[82.08238,16.61717],[82.08238,16.61753],[82.08275,16.61753],[82.08276,16.61789],[82.08247,16.61789]]]},"properties":{"feature_id":"konaseema-00153","belt":"konaseema","district":"","area_ha":0.42,"lon":82.082318,"lat":16.617585,"source":"obia","sensor":"Sentinel-1 RTC (VV), 10 m","season":"2024 kharif","detected":true,"surveyed":false,"likely_block":false}},{"type":"Feature","geometry":{"type":"Polygon","coordinates":[[[82.06698,16.56184],[82.06698,16.56175],[82.06688,16.56175],[82.06688,16.56166],[82.0667,16.56157],[82.06669,16.56139],[82.0666,16.56139],[82.0666,16.56112],[82.06697,16.56112],[82.06697,16.56121],[82.06707,16.56121],[82.06707,16.5613],[82.06716,16.5613],[82.06716,16.56139],[82.06735,16.56148],[82.06735,16.56175],[82.06726,16.56175],[82.06726,16.56184],[82.06698,16.56184]]]},"properties":{"feature_id":"konaseema-00154","belt":"konaseema","district":"","area_ha":0.42,"lon":82.066976,"lat":16.561476,"source":"obia","sensor":"Sentinel-1 RTC (VV), 10 m","season":"2024 kharif","detected":true,"surveyed":false,"likely_block":false}},{"type":"Feature","geometry":{"type":"Polygon","coordinates":[[[82.05,16.59338],[82.05,16.59329],[82.04944,16.59321],[82.04943,16.59294],[82.04953,16.59293],[82.04953,16.59284],[82.04981,16.59284],[82.04981,16.59293],[82.05037,16.59302],[82.05037,16.59338],[82.05,16.59338]]]},"properties":{"feature_id":"konaseema-00155","belt":"konaseema","district":"","area_ha":0.41,"lon":82.049914,"lat":16.593119,"source":"obia","sensor":"Sentinel-1 RTC (VV), 10 m","season":"2024 kharif","detected":true,"surveyed":false,"likely_block":false}},{"type":"Feature","geometry":{"type":"Polygon","coordinates":[[[82.0518,16.54583],[82.0518,16.54574],[82.05171,16.54574],[82.05161,16.54556],[82.05143,16.54556],[82.05142,16.5452],[82.05208,16.5452],[82.05208,16.54583],[82.0518,16.54583]]]},"properties":{"feature_id":"konaseema-00156","belt":"konaseema","district":"","area_ha":0.4,"lon":82.051794,"lat":16.545471,"source":"obia","sensor":"Sentinel-1 RTC (VV), 10 m","season":"2024 kharif","detected":true,"surveyed":false,"likely_block":false}},{"type":"Feature","geometry":{"type":"Polygon","coordinates":[[[82.06,16.53702],[82.06,16.53693],[82.05991,16.53693],[82.05991,16.53657],[82.06009,16.53657],[82.06009,16.53639],[82.06037,16.53639],[82.06037,16.53648],[82.06056,16.53657],[82.06056,16.53693],[82.06047,16.53693],[82.06047,16.53702],[82.06,16.53702]]]},"properties":{"feature_id":"konaseema-00157","belt":"konaseema","district":"","area_ha":0.4,"lon":82.060239,"lat":16.536733,"source":"obia","sensor":"Sentinel-1 RTC (VV), 10 m","season":"2024 kharif","detected":true,"surveyed":false,"likely_block":false}},{"type":"Feature","geometry":{"type":"Polygon","coordinates":[[[82.04919,16.53012],[82.04919,16.52976],[82.05012,16.52975],[82.05012,16.53011],[82.04919,16.53012]]]},"properties":{"feature_id":"konaseema-00158","belt":"konaseema","district":"","area_ha":0.4,"lon":82.049655,"lat":16.529935,"source":"obia","sensor":"Sentinel-1 RTC (VV), 10 m","season":"2024 kharif","detected":true,"surveyed":false,"likely_block":false}},{"type":"Feature","geometry":{"type":"Polygon","coordinates":[[[82.02626,16.64141],[82.02625,16.64077],[82.02672,16.64077],[82.02672,16.64104],[82.02682,16.64104],[82.02682,16.6414],[82.02626,16.64141]]]},"properties":{"feature_id":"konaseema-00159","belt":"konaseema","district":"","area_ha":0.39,"lon":82.02652,"lat":16.641104,"source":"obia","sensor":"Sentinel-1 RTC (VV), 10 m","season":"2024 kharif","detected":true,"surveyed":false,"likely_block":false}},{"type":"Feature","geometry":{"type":"Polygon","coordinates":[[[82.08284,16.61581],[82.08284,16.61572],[82.08274,16.61572],[82.08274,16.61545],[82.08293,16.61536],[82.08293,16.61509],[82.08302,16.61509],[82.08302,16.615],[82.0834,16.615],[82.0834,16.61536],[82.08321,16.61536],[82.08321,16.61554],[82.08312,16.61554],[82.08312,16.61581],[82.08284,16.61581]]]},"properties":{"feature_id":"konaseema-00160","belt":"konaseema","district":"","area_ha":0.39,"lon":82.083067,"lat":16.615384,"source":"obia","sensor":"Sentinel-1 RTC (VV), 10 m","season":"2024 kharif","detected":true,"surveyed":false,"likely_block":false}},{"type":"Feature","geometry":{"type":"Polygon","coordinates":[[[82.08723,16.61281],[82.08722,16.61245],[82.08704,16.61245],[82.08703,16.61208],[82.08713,16.61208],[82.08713,16.6119],[82.08741,16.6119],[82.08741,16.61226],[82.0876,16.61226],[82.0876,16.61253],[82.08751,16.61253],[82.08751,16.61281],[82.08723,16.61281]]]},"properties":{"feature_id":"konaseema-00161","belt":"konaseema","district":"","area_ha":0.39,"lon":82.087312,"lat":16.612348,"source":"obia","sensor":"Sentinel-1 RTC (VV), 10 m","season":"2024 kharif","detected":true,"surveyed":false,"likely_block":false}},{"type":"Feature","geometry":{"type":"Polygon","coordinates":[[[81.9106,16.5512],[81.9106,16.55056],[81.91069,16.55056],[81.91069,16.55029],[81.91097,16.55029],[81.91097,16.55038],[81.91107,16.55038],[81.91107,16.55074],[81.91098,16.55074],[81.91098,16.55101],[81.91088,16.55101],[81.91088,16.5512],[81.9106,16.5512]]]},"properties":{"feature_id":"konaseema-00162","belt":"konaseema","district":"","area_ha":0.39,"lon":81.910816,"lat":16.550731,"source":"obia","sensor":"Sentinel-1 RTC (VV), 10 m","season":"2024 kharif","detected":true,"surveyed":false,"likely_block":false}},{"type":"Feature","geometry":{"type":"Polygon","coordinates":[[[82.05935,16.53766],[82.05935,16.53757],[82.05925,16.53757],[82.05925,16.53703],[82.05972,16.53702],[82.05972,16.53711],[82.05981,16.53711],[82.05982,16.53757],[82.05972,16.53757],[82.05972,16.53766],[82.05935,16.53766]]]},"properties":{"feature_id":"konaseema-00163","belt":"konaseema","district":"","area_ha":0.39,"lon":82.059528,"lat":16.537335,"source":"obia","sensor":"Sentinel-1 RTC (VV), 10 m","season":"2024 kharif","detected":true,"surveyed":false,"likely_block":false}},{"type":"Feature","geometry":{"type":"Polygon","coordinates":[[[82.06373,16.5342],[82.06373,16.53411],[82.06364,16.53411],[82.06364,16.53402],[82.06355,16.53402],[82.06345,16.53384],[82.06326,16.53384],[82.06326,16.53357],[82.06373,16.53357],[82.06373,16.53366],[82.06382,16.53366],[82.06383,16.53375],[82.06392,16.53375],[82.06392,16.53384],[82.06411,16.53393],[82.06411,16.5342],[82.06373,16.5342]]]},"properties":{"feature_id":"konaseema-00164","belt":"konaseema","district":"","area_ha":0.39,"lon":82.063701,"lat":16.533873,"source":"obia","sensor":"Sentinel-1 RTC (VV), 10 m","season":"2024 kharif","detected":true,"surveyed":false,"likely_block":false}},{"type":"Feature","geometry":{"type":"Polygon","coordinates":[[[81.93968,16.72967],[81.93968,16.7294],[81.93987,16.7294],[81.93987,16.72931],[81.94024,16.72931],[81.94024,16.72922],[81.94052,16.72922],[81.94052,16.72931],[81.94062,16.72931],[81.94062,16.72958],[81.94034,16.72958],[81.94034,16.72967],[81.93968,16.72967]]]},"properties":{"feature_id":"konaseema-00165","belt":"konaseema","district":"","area_ha":0.38,"lon":81.940162,"lat":16.729471,"source":"obia","sensor":"Sentinel-1 RTC (VV), 10 m","season":"2024 kharif","detected":true,"surveyed":false,"likely_block":false}},{"type":"Feature","geometry":{"type":"Polygon","coordinates":[[[82.00375,16.71166],[82.00375,16.7113],[82.00393,16.7112],[82.00393,16.71093],[82.00431,16.71093],[82.00431,16.71138],[82.00422,16.71138],[82.00422,16.71166],[82.00375,16.71166]]]},"properties":{"feature_id":"konaseema-00166","belt":"konaseema","district":"","area_ha":0.38,"lon":82.004044,"lat":16.711314,"source":"obia","sensor":"Sentinel-1 RTC (VV), 10 m","season":"2024 kharif","detected":true,"surveyed":false,"likely_block":false}},{"type":"Feature","geometry":{"type":"Polygon","coordinates":[[[82.08496,16.61029],[82.08496,16.6102],[82.08459,16.6102],[82.08459,16.60984],[82.08468,16.60984],[82.08468,16.60975],[82.08505,16.60974],[82.08515,16.60993],[82.08534,16.60992],[82.08534,16.61029],[82.08496,16.61029]]]},"properties":{"feature_id":"konaseema-00167","belt":"konaseema","district":"","area_ha":0.38,"lon":82.084956,"lat":16.610023,"source":"obia","sensor":"Sentinel-1 RTC (VV), 10 m","season":"2024 kharif","detected":true,"surveyed":false,"likely_block":false}},{"type":"Feature","geometry":{"type":"Polygon","coordinates":[[[82.05869,16.53703],[82.05869,16.53658],[82.05878,16.53658],[82.05887,16.5364],[82.05915,16.53639],[82.05915,16.53648],[82.05925,16.53648],[82.05925,16.53703],[82.05869,16.53703]]]},"properties":{"feature_id":"konaseema-00168","belt":"konaseema","district":"","area_ha":0.38,"lon":82.058979,"lat":16.536737,"source":"obia","sensor":"Sentinel-1 RTC (VV), 10 m","season":"2024 kharif","detected":true,"surveyed":false,"likely_block":false}},{"type":"Feature","geometry":{"type":"Polygon","coordinates":[[[82.10047,16.53555],[82.10047,16.53546],[82.10038,16.53546],[82.10038,16.53528],[82.10028,16.53528],[82.10028,16.5351],[82.10019,16.5351],[82.10019,16.53483],[82.10028,16.53483],[82.10028,16.53474],[82.10056,16.53473],[82.10056,16.53482],[82.10066,16.53482],[82.10066,16.53519],[82.10075,16.53518],[82.10075,16.53555],[82.10047,16.53555]]]},"properties":{"feature_id":"konaseema-00169","belt":"konaseema","district":"","area_ha":0.38,"lon":82.100486,"lat":16.535129,"source":"obia","sensor":"Sentinel-1 RTC (VV), 10 m","season":"2024 kharif","detected":true,"surveyed":false,"likely_block":false}},{"type":"Feature","geometry":{"type":"Polygon","coordinates":[[[82.04339,16.53195],[82.04339,16.53159],[82.04432,16.53159],[82.04432,16.53186],[82.04414,16.53186],[82.04414,16.53195],[82.04339,16.53195]]]},"properties":{"feature_id":"konaseema-00170","belt":"konaseema","district":"","area_ha":0.38,"lon":82.043836,"lat":16.531764,"source":"obia","sensor":"Sentinel-1 RTC (VV), 10 m","season":"2024 kharif","detected":true,"surveyed":false,"likely_block":false}},{"type":"Feature","geometry":{"type":"Polygon","coordinates":[[[81.977,16.70835],[81.977,16.70826],[81.97691,16.70826],[81.9769,16.70808],[81.97681,16.70808],[81.97681,16.70781],[81.97747,16.70781],[81.97747,16.70826],[81.97737,16.70826],[81.97737,16.70835],[81.977,16.70835]]]},"properties":{"feature_id":"konaseema-00171","belt":"konaseema","district":"","area_ha":0.37,"lon":81.977159,"lat":16.708056,"source":"obia","sensor":"Sentinel-1 RTC (VV), 10 m","season":"2024 kharif","detected":true,"surveyed":false,"likely_block":false}},{"type":"Feature","geometry":{"type":"Polygon","coordinates":[[[82.01898,16.54148],[82.01898,16.54139],[82.01879,16.54139],[82.01879,16.5413],[82.0187,16.5413],[82.0187,16.54121],[82.01851,16.54112],[82.01851,16.54085],[82.01888,16.54084],[82.01888,16.54093],[82.01907,16.54093],[82.01907,16.54111],[82.01926,16.5412],[82.01926,16.54147],[82.01898,16.54148]]]},"properties":{"feature_id":"konaseema-00172","belt":"konaseema","district":"","area_ha":0.36,"lon":82.018888,"lat":16.541147,"source":"obia","sensor":"Sentinel-1 RTC (VV), 10 m","season":"2024 kharif","detected":true,"surveyed":false,"likely_block":false}},{"type":"Feature","geometry":{"type":"Polygon","coordinates":[[[82.04507,16.53032],[82.04506,16.53005],[82.04516,16.53005],[82.04516,16.52987],[82.04525,16.52987],[82.04525,16.52978],[82.04563,16.52977],[82.04563,16.52986],[82.04572,16.52986],[82.04572,16.53023],[82.04563,16.53023],[82.04563,16.53032],[82.04507,16.53032]]]},"properties":{"feature_id":"konaseema-00173","belt":"konaseema","district":"","area_ha":0.36,"lon":82.045405,"lat":16.530064,"source":"obia","sensor":"Sentinel-1 RTC (VV), 10 m","season":"2024 kharif","detected":true,"surveyed":false,"likely_block":false}},{"type":"Feature","geometry":{"type":"Polygon","coordinates":[[[81.99009,16.70043],[81.99009,16.69979],[81.99046,16.69979],[81.99046,16.70006],[81.99065,16.70006],[81.99065,16.70033],[81.99056,16.70033],[81.99056,16.70042],[81.99009,16.70043]]]},"properties":{"feature_id":"konaseema-00174","belt":"konaseema","district":"","area_ha":0.35,"lon":81.990331,"lat":16.700131,"source":"obia","sensor":"Sentinel-1 RTC (VV), 10 m","season":"2024 kharif","detected":true,"surveyed":false,"likely_block":false}},{"type":"Feature","geometry":{"type":"Polygon","coordinates":[[[82.06536,16.69309],[82.06536,16.693],[82.06527,16.693],[82.06526,16.69291],[82.06517,16.69291],[82.06517,16.69282],[82.06498,16.69273],[82.06498,16.69246],[82.06554,16.69246],[82.06554,16.69255],[82.06573,16.69264],[82.06573,16.69273],[82.06555,16.69282],[82.06555,16.693],[82.06536,16.69309]]]},"properties":{"feature_id":"konaseema-00175","belt":"konaseema","district":"","area_ha":0.35,"lon":82.065338,"lat":16.692705,"source":"obia","sensor":"Sentinel-1 RTC (VV), 10 m","season":"2024 kharif","detected":true,"surveyed":false,"likely_block":false}},{"type":"Feature","geometry":{"type":"Polygon","coordinates":[[[82.09553,16.53919],[82.09553,16.5391],[82.09543,16.5391],[82.09543,16.53892],[82.09534,16.53892],[82.09534,16.53865],[82.09543,16.53865],[82.09543,16.53856],[82.09581,16.53856],[82.09581,16.53874],[82.0959,16.53874],[82.0959,16.53919],[82.09553,16.53919]]]},"properties":{"feature_id":"konaseema-00176","belt":"konaseema","district":"","area_ha":0.35,"lon":82.095637,"lat":16.53887,"source":"obia","sensor":"Sentinel-1 RTC (VV), 10 m","season":"2024 kharif","detected":true,"surveyed":false,"likely_block":false}},{"type":"Feature","geometry":{"type":"Polygon","coordinates":[[[82.00968,16.53637],[82.00967,16.53574],[82.01014,16.53573],[82.01015,16.53637],[82.00968,16.53637]]]},"properties":{"feature_id":"konaseema-00177","belt":"konaseema","district":"","area_ha":0.35,"lon":82.00991,"lat":16.536051,"source":"obia","sensor":"Sentinel-1 RTC (VV), 10 m","season":"2024 kharif","detected":true,"surveyed":false,"likely_block":false}},{"type":"Feature","geometry":{"type":"Polygon","coordinates":[[[82.01701,16.7181],[82.01701,16.71801],[82.01682,16.71792],[82.01682,16.71747],[82.01719,16.71747],[82.01719,16.71765],[82.01738,16.71774],[82.01738,16.7181],[82.01701,16.7181]]]},"properties":{"feature_id":"konaseema-00178","belt":"konaseema","district":"","area_ha":0.34,"lon":82.017088,"lat":16.717792,"source":"obia","sensor":"Sentinel-1 RTC (VV), 10 m","season":"2024 kharif","detected":true,"surveyed":false,"likely_block":false}},{"type":"Feature","geometry":{"type":"Polygon","coordinates":[[[82.05167,16.65891],[82.05167,16.65882],[82.05157,16.65882],[82.05157,16.65827],[82.05204,16.65827],[82.05204,16.6589],[82.05167,16.65891]]]},"properties":{"feature_id":"konaseema-00179","belt":"konaseema","district":"","area_ha":0.34,"lon":82.051812,"lat":16.658581,"source":"obia","sensor":"Sentinel-1 RTC (VV), 10 m","season":"2024 kharif","detected":true,"surveyed":false,"likely_block":false}},{"type":"Feature","geometry":{"type":"Polygon","coordinates":[[[81.94585,16.59117],[81.94585,16.59108],[81.94566,16.59108],[81.94566,16.59099],[81.94557,16.59099],[81.94557,16.59072],[81.94631,16.59072],[81.94632,16.59099],[81.94622,16.59099],[81.94622,16.59117],[81.94585,16.59117]]]},"properties":{"feature_id":"konaseema-00180","belt":"konaseema","district":"","area_ha":0.34,"lon":81.945952,"lat":16.590919,"source":"obia","sensor":"Sentinel-1 RTC (VV), 10 m","season":"2024 kharif","detected":true,"surveyed":false,"likely_block":false}},{"type":"Feature","geometry":{"type":"Polygon","coordinates":[[[82.04754,16.53781],[82.04754,16.53709],[82.04782,16.53708],[82.04782,16.53717],[82.04791,16.53717],[82.04792,16.53754],[82.04801,16.53754],[82.04801,16.53781],[82.04754,16.53781]]]},"properties":{"feature_id":"konaseema-00181","belt":"konaseema","district":"","area_ha":0.34,"lon":82.047745,"lat":16.537476,"source":"obia","sensor":"Sentinel-1 RTC (VV), 10 m","season":"2024 kharif","detected":true,"surveyed":false,"likely_block":false}},{"type":"Feature","geometry":{"type":"Polygon","coordinates":[[[82.06119,16.53123],[82.06119,16.53114],[82.06109,16.53114],[82.06109,16.53087],[82.06128,16.53087],[82.06137,16.53069],[82.06175,16.53069],[82.06175,16.53114],[82.06156,16.53114],[82.06156,16.53123],[82.06119,16.53123]]]},"properties":{"feature_id":"konaseema-00182","belt":"konaseema","district":"","area_ha":0.34,"lon":82.061446,"lat":16.530967,"source":"obia","sensor":"Sentinel-1 RTC (VV), 10 m","season":"2024 kharif","detected":true,"surveyed":false,"likely_block":false}},{"type":"Feature","geometry":{"type":"Polygon","coordinates":[[[82.0829,16.71035],[82.0829,16.71017],[82.08271,16.71017],[82.08271,16.7099],[82.0828,16.7099],[82.0828,16.70972],[82.08327,16.70972],[82.08327,16.71008],[82.08318,16.71008],[82.08318,16.71035],[82.0829,16.71035]]]},"properties":{"feature_id":"konaseema-00183","belt":"konaseema","district":"","area_ha":0.33,"lon":82.083008,"lat":16.710007,"source":"obia","sensor":"Sentinel-1 RTC (VV), 10 m","season":"2024 kharif","detected":true,"surveyed":false,"likely_block":false}},{"type":"Feature","geometry":{"type":"Polygon","coordinates":[[[81.98934,16.7007],[81.98934,16.70043],[81.98943,16.70043],[81.98943,16.70025],[81.99,16.70024],[81.99,16.7007],[81.98934,16.7007]]]},"properties":{"feature_id":"konaseema-00184","belt":"konaseema","district":"","area_ha":0.33,"lon":81.989685,"lat":16.700481,"source":"obia","sensor":"Sentinel-1 RTC (VV), 10 m","season":"2024 kharif","detected":true,"surveyed":false,"likely_block":false}},{"type":"Feature","geometry":{"type":"Polygon","coordinates":[[[82.03703,16.67498],[82.03703,16.67462],[82.03713,16.67462],[82.03712,16.67434],[82.03769,16.67434],[82.03769,16.67461],[82.0375,16.67461],[82.0375,16.6747],[82.03731,16.6748],[82.03731,16.67498],[82.03703,16.67498]]]},"properties":{"feature_id":"konaseema-00185","belt":"konaseema","district":"","area_ha":0.33,"lon":82.03732,"lat":16.674613,"source":"obia","sensor":"Sentinel-1 RTC (VV), 10 m","season":"2024 kharif","detected":true,"surveyed":false,"likely_block":false}},{"type":"Feature","geometry":{"type":"Polygon","coordinates":[[[82.03361,16.66659],[82.03361,16.6665],[82.03352,16.6665],[82.03352,16.66632],[82.03333,16.66632],[82.03333,16.66605],[82.03342,16.66605],[82.03342,16.66596],[82.0337,16.66596],[82.0337,16.66605],[82.0338,16.66605],[82.0338,16.66623],[82.03399,16.66632],[82.03399,16.66659],[82.03361,16.66659]]]},"properties":{"feature_id":"konaseema-00186","belt":"konaseema","district":"","area_ha":0.33,"lon":82.033658,"lat":16.666281,"source":"obia","sensor":"Sentinel-1 RTC (VV), 10 m","season":"2024 kharif","detected":true,"surveyed":false,"likely_block":false}},{"type":"Feature","geometry":{"type":"Polygon","coordinates":[[[82.09863,16.54089],[82.09863,16.54053],[82.09825,16.54053],[82.09825,16.54026],[82.09835,16.54026],[82.09834,16.54017],[82.09863,16.54017],[82.09863,16.54026],[82.09872,16.54026],[82.09872,16.54053],[82.09891,16.54053],[82.09891,16.54062],[82.099,16.54062],[82.099,16.54089],[82.09863,16.54089]]]},"properties":{"feature_id":"konaseema-00187","belt":"konaseema","district":"","area_ha":0.33,"lon":82.098632,"lat":16.540525,"source":"obia","sensor":"Sentinel-1 RTC (VV), 10 m","season":"2024 kharif","detected":true,"surveyed":false,"likely_block":false}},{"type":"Feature","geometry":{"type":"Polygon","coordinates":[[[82.04193,16.54001],[82.04193,16.53983],[82.04184,16.53983],[82.04183,16.53937],[82.04221,16.53937],[82.04221,16.53964],[82.0424,16.53973],[82.0424,16.54],[82.04193,16.54001]]]},"properties":{"feature_id":"konaseema-00188","belt":"konaseema","district":"","area_ha":0.33,"lon":82.042091,"lat":16.539709,"source":"obia","sensor":"Sentinel-1 RTC (VV), 10 m","season":"2024 kharif","detected":true,"surveyed":false,"likely_block":false}},{"type":"Feature","geometry":{"type":"Polygon","coordinates":[[[82.09606,16.53422],[82.09606,16.53413],[82.09597,16.53413],[82.09597,16.53385],[82.09606,16.53385],[82.09606,16.53376],[82.09625,16.53376],[82.09625,16.53367],[82.09653,16.53367],[82.09653,16.53385],[82.09662,16.53385],[82.09662,16.53412],[82.09644,16.53412],[82.09644,16.53421],[82.09606,16.53422]]]},"properties":{"feature_id":"konaseema-00189","belt":"konaseema","district":"","area_ha":0.33,"lon":82.096298,"lat":16.533958,"source":"obia","sensor":"Sentinel-1 RTC (VV), 10 m","season":"2024 kharif","detected":true,"surveyed":false,"likely_block":false}},{"type":"Feature","geometry":{"type":"Polygon","coordinates":[[[82.0759,16.5308],[82.0759,16.5307],[82.07571,16.53071],[82.07571,16.53034],[82.07618,16.53034],[82.07618,16.53043],[82.07646,16.53043],[82.07646,16.5307],[82.07627,16.5307],[82.07627,16.53079],[82.0759,16.5308]]]},"properties":{"feature_id":"konaseema-00190","belt":"konaseema","district":"","area_ha":0.33,"lon":82.076062,"lat":16.530563,"source":"obia","sensor":"Sentinel-1 RTC (VV), 10 m","season":"2024 kharif","detected":true,"surveyed":false,"likely_block":false}},{"type":"Feature","geometry":{"type":"Polygon","coordinates":[[[81.99992,16.71583],[81.99992,16.71547],[82.00002,16.71547],[82.00011,16.71529],[82.00067,16.71538],[82.00067,16.71565],[82.0002,16.71565],[82.00021,16.71583],[81.99992,16.71583]]]},"properties":{"feature_id":"konaseema-00191","belt":"konaseema","district":"","area_ha":0.32,"lon":82.000264,"lat":16.715545,"source":"obia","sensor":"Sentinel-1 RTC (VV), 10 m","season":"2024 kharif","detected":true,"surveyed":false,"likely_block":false}},{"type":"Feature","geometry":{"type":"Polygon","coordinates":[[[82.06856,16.71215],[82.06856,16.71206],[82.06847,16.71206],[82.06847,16.71197],[82.06828,16.71188],[82.06828,16.7117],[82.06856,16.71169],[82.06856,16.7116],[82.06874,16.7116],[82.06874,16.71142],[82.06893,16.71142],[82.06893,16.71178],[82.06884,16.71178],[82.06884,16.71205],[82.06875,16.71206],[82.06875,16.71215],[82.06856,16.71215]]]},"properties":{"feature_id":"konaseema-00192","belt":"konaseema","district":"","area_ha":0.32,"lon":82.068652,"lat":16.711801,"source":"obia","sensor":"Sentinel-1 RTC (VV), 10 m","season":"2024 kharif","detected":true,"surveyed":false,"likely_block":false}},{"type":"Feature","geometry":{"type":"Polygon","coordinates":[[[82.06995,16.59157],[82.06995,16.59111],[82.07005,16.59111],[82.07014,16.59093],[82.07051,16.59093],[82.07051,16.5912],[82.07042,16.5912],[82.07042,16.59138],[82.07033,16.59138],[82.07024,16.59156],[82.06995,16.59157]]]},"properties":{"feature_id":"konaseema-00193","belt":"konaseema","district":"","area_ha":0.32,"lon":82.070213,"lat":16.591231,"source":"obia","sensor":"Sentinel-1 RTC (VV), 10 m","season":"2024 kharif","detected":true,"surveyed":false,"likely_block":false}},{"type":"Feature","geometry":{"type":"Polygon","coordinates":[[[82.09092,16.55313],[82.09092,16.55277],[82.09073,16.55277],[82.09073,16.55268],[82.09064,16.55268],[82.09064,16.55241],[82.09101,16.55241],[82.09101,16.55268],[82.0912,16.55268],[82.0912,16.55277],[82.09129,16.55277],[82.0913,16.55304],[82.0912,16.55304],[82.0912,16.55313],[82.09092,16.55313]]]},"properties":{"feature_id":"konaseema-00194","belt":"konaseema","district":"","area_ha":0.32,"lon":82.090975,"lat":16.55276,"source":"obia","sensor":"Sentinel-1 RTC (VV), 10 m","season":"2024 kharif","detected":true,"surveyed":false,"likely_block":false}},{"type":"Feature","geometry":{"type":"Polygon","coordinates":[[[82.05311,16.54429],[82.0531,16.54393],[82.0532,16.54393],[82.05329,16.54375],[82.05376,16.54374],[82.05376,16.54401],[82.05367,16.54401],[82.05367,16.54411],[82.05348,16.54411],[82.05348,16.54429],[82.05311,16.54429]]]},"properties":{"feature_id":"konaseema-00195","belt":"konaseema","district":"","area_ha":0.32,"lon":82.053413,"lat":16.543999,"source":"obia","sensor":"Sentinel-1 RTC (VV), 10 m","season":"2024 kharif","detected":true,"surveyed":false,"likely_block":false}},{"type":"Feature","geometry":{"type":"Polygon","coordinates":[[[82.04128,16.54046],[82.04128,16.54019],[82.04109,16.54019],[82.04109,16.53974],[82.04137,16.53974],[82.04137,16.53983],[82.04146,16.53983],[82.04146,16.5401],[82.04165,16.54019],[82.04165,16.54046],[82.04128,16.54046]]]},"properties":{"feature_id":"konaseema-00196","belt":"konaseema","district":"","area_ha":0.32,"lon":82.04135,"lat":16.540111,"source":"obia","sensor":"Sentinel-1 RTC (VV), 10 m","season":"2024 kharif","detected":true,"surveyed":false,"likely_block":false}},{"type":"Feature","geometry":{"type":"Polygon","coordinates":[[[82.04717,16.53899],[82.04717,16.53853],[82.04792,16.53853],[82.04792,16.5388],[82.04764,16.5388],[82.04764,16.53889],[82.04745,16.53889],[82.04746,16.53898],[82.04717,16.53899]]]},"properties":{"feature_id":"konaseema-00197","belt":"konaseema","district":"","area_ha":0.32,"lon":82.047504,"lat":16.538721,"source":"obia","sensor":"Sentinel-1 RTC (VV), 10 m","season":"2024 kharif","detected":true,"surveyed":false,"likely_block":false}},{"type":"Feature","geometry":{"type":"Polygon","coordinates":[[[82.07573,16.53504],[82.07573,16.53495],[82.07564,16.53495],[82.07564,16.5345],[82.07601,16.5345],[82.07601,16.53459],[82.0762,16.53468],[82.0762,16.53504],[82.07573,16.53504]]]},"properties":{"feature_id":"konaseema-00198","belt":"konaseema","district":"","area_ha":0.32,"lon":82.075908,"lat":16.534784,"source":"obia","sensor":"Sentinel-1 RTC (VV), 10 m","season":"2024 kharif","detected":true,"surveyed":false,"likely_block":false}},{"type":"Feature","geometry":{"type":"Polygon","coordinates":[[[82.00291,16.53324],[82.00291,16.53315],[82.00273,16.53315],[82.00272,16.53288],[82.00282,16.53288],[82.00282,16.53279],[82.00338,16.53278],[82.00338,16.53324],[82.00291,16.53324]]]},"properties":{"feature_id":"konaseema-00199","belt":"konaseema","district":"","area_ha":0.32,"lon":82.003077,"lat":16.533005,"source":"obia","sensor":"Sentinel-1 RTC (VV), 10 m","season":"2024 kharif","detected":true,"surveyed":false,"likely_block":false}},{"type":"Feature","geometry":{"type":"Polygon","coordinates":[[[82.09468,16.70369],[82.09458,16.70333],[82.09468,16.70333],[82.09468,16.70324],[82.09477,16.70324],[82.09486,16.70306],[82.09496,16.70306],[82.09505,16.70324],[82.09524,16.70324],[82.09524,16.70351],[82.09515,16.70351],[82.09515,16.7036],[82.09487,16.7036],[82.09487,16.70369],[82.09468,16.70369]]]},"properties":{"feature_id":"konaseema-00200","belt":"konaseema","district":"","area_ha":0.31,"lon":82.094914,"lat":16.703401,"source":"obia","sensor":"Sentinel-1 RTC (VV), 10 m","season":"2024 kharif","detected":true,"surveyed":false,"likely_block":false}},{"type":"Feature","geometry":{"type":"Polygon","coordinates":[[[82.006,16.6397],[82.006,16.63961],[82.0059,16.63961],[82.0059,16.63934],[82.00665,16.63933],[82.00665,16.6397],[82.006,16.6397]]]},"properties":{"feature_id":"konaseema-00201","belt":"konaseema","district":"","area_ha":0.31,"lon":82.006288,"lat":16.639513,"source":"obia","sensor":"Sentinel-1 RTC (VV), 10 m","season":"2024 kharif","detected":true,"surveyed":false,"likely_block":false}},{"type":"Feature","geometry":{"type":"Polygon","coordinates":[[[82.1016,16.61797],[82.1016,16.61788],[82.10141,16.61788],[82.10141,16.61779],[82.10113,16.61779],[82.10113,16.61752],[82.1016,16.61752],[82.1016,16.61761],[82.10197,16.6177],[82.10197,16.61797],[82.1016,16.61797]]]},"properties":{"feature_id":"konaseema-00202","belt":"konaseema","district":"","area_ha":0.31,"lon":82.101558,"lat":16.61774,"source":"obia","sensor":"Sentinel-1 RTC (VV), 10 m","season":"2024 kharif","detected":true,"surveyed":false,"likely_block":false}},{"type":"Feature","geometry":{"type":"Polygon","coordinates":[[[82.08827,16.61533],[82.08836,16.61461],[82.08874,16.61461],[82.08874,16.61488],[82.08864,16.61488],[82.08865,16.61533],[82.08827,16.61533]]]},"properties":{"feature_id":"konaseema-00203","belt":"konaseema","district":"","area_ha":0.31,"lon":82.0885,"lat":16.614963,"source":"obia","sensor":"Sentinel-1 RTC (VV), 10 m","season":"2024 kharif","detected":true,"surveyed":false,"likely_block":false}},{"type":"Feature","geometry":{"type":"Polygon","coordinates":[[[82.09357,16.55701],[82.09357,16.55682],[82.09347,16.55683],[82.09347,16.55637],[82.09384,16.55637],[82.09384,16.55646],[82.09394,16.55646],[82.09394,16.55691],[82.09385,16.55691],[82.09385,16.557],[82.09357,16.55701]]]},"properties":{"feature_id":"konaseema-00204","belt":"konaseema","district":"","area_ha":0.31,"lon":82.093706,"lat":16.556674,"source":"obia","sensor":"Sentinel-1 RTC (VV), 10 m","season":"2024 kharif","detected":true,"surveyed":false,"likely_block":false}},{"type":"Feature","geometry":{"type":"Polygon","coordinates":[[[82.06592,16.5407],[82.06592,16.54061],[82.06583,16.54061],[82.06583,16.54034],[82.06592,16.54034],[82.06592,16.54016],[82.0663,16.54015],[82.0663,16.54024],[82.06639,16.54024],[82.06639,16.54061],[82.0663,16.54061],[82.0663,16.5407],[82.06592,16.5407]]]},"properties":{"feature_id":"konaseema-00205","belt":"konaseema","district":"","area_ha":0.31,"lon":82.066118,"lat":16.540431,"source":"obia","sensor":"Sentinel-1 RTC (VV), 10 m","season":"2024 kharif","detected":true,"surveyed":false,"likely_block":false}},{"type":"Feature","geometry":{"type":"Polygon","coordinates":[[[81.99223,16.71623],[81.99223,16.71614],[81.99195,16.71614],[81.99195,16.71587],[81.9927,16.71578],[81.9927,16.71605],[81.99261,16.71605],[81.99252,16.71623],[81.99223,16.71623]]]},"properties":{"feature_id":"konaseema-00206","belt":"konaseema","district":"","area_ha":0.3,"lon":81.992337,"lat":16.716,"source":"obia","sensor":"Sentinel-1 RTC (VV), 10 m","season":"2024 kharif","detected":true,"surveyed":false,"likely_block":false}},{"type":"Feature","geometry":{"type":"Polygon","coordinates":[[[82.06958,16.71088],[82.06958,16.7106],[82.06968,16.7106],[82.06968,16.71051],[82.07024,16.71051],[82.07024,16.7106],[82.07033,16.7106],[82.07034,16.71087],[82.06958,16.71088]]]},"properties":{"feature_id":"konaseema-00207","belt":"konaseema","district":"","area_ha":0.3,"lon":82.069959,"lat":16.710702,"source":"obia","sensor":"Sentinel-1 RTC (VV), 10 m","season":"2024 kharif","detected":true,"surveyed":false,"likely_block":false}},{"type":"Feature","geometry":{"type":"Polygon","coordinates":[[[81.98316,16.70326],[81.98316,16.70299],[81.98344,16.70299],[81.98354,16.70281],[81.98401,16.7028],[81.98401,16.70308],[81.98373,16.70308],[81.98373,16.70317],[81.98354,16.70317],[81.98354,16.70326],[81.98316,16.70326]]]},"properties":{"feature_id":"konaseema-00208","belt":"konaseema","district":"","area_ha":0.3,"lon":81.983585,"lat":16.703026,"source":"obia","sensor":"Sentinel-1 RTC (VV), 10 m","season":"2024 kharif","detected":true,"surveyed":false,"likely_block":false}},{"type":"Feature","geometry":{"type":"Polygon","coordinates":[[[82.10139,16.61499],[82.10139,16.61463],[82.10149,16.61463],[82.10148,16.61445],[82.10186,16.61445],[82.10186,16.61454],[82.10195,16.61454],[82.10196,16.61481],[82.10186,16.61481],[82.10177,16.61499],[82.10139,16.61499]]]},"properties":{"feature_id":"konaseema-00209","belt":"konaseema","district":"","area_ha":0.3,"lon":82.101661,"lat":16.61472,"source":"obia","sensor":"Sentinel-1 RTC (VV), 10 m","season":"2024 kharif","detected":true,"surveyed":false,"likely_block":false}},{"type":"Feature","geometry":{"type":"Polygon","coordinates":[[[82.08638,16.61236],[82.08638,16.61227],[82.08629,16.61227],[82.08628,16.612],[82.08647,16.61191],[82.08647,16.61173],[82.08685,16.61172],[82.08685,16.612],[82.08675,16.612],[82.08666,16.61236],[82.08638,16.61236]]]},"properties":{"feature_id":"konaseema-00210","belt":"konaseema","district":"","area_ha":0.3,"lon":82.086564,"lat":16.612035,"source":"obia","sensor":"Sentinel-1 RTC (VV), 10 m","season":"2024 kharif","detected":true,"surveyed":false,"likely_block":false}},{"type":"Feature","geometry":{"type":"Polygon","coordinates":[[[82.00849,16.55951],[82.00848,16.55915],[82.00876,16.55915],[82.00876,16.55897],[82.00905,16.55897],[82.00905,16.55915],[82.00914,16.55915],[82.00914,16.55942],[82.00877,16.55942],[82.00877,16.55951],[82.00849,16.55951]]]},"properties":{"feature_id":"konaseema-00211","belt":"konaseema","district":"","area_ha":0.3,"lon":82.008812,"lat":16.559259,"source":"obia","sensor":"Sentinel-1 RTC (VV), 10 m","season":"2024 kharif","detected":true,"surveyed":false,"likely_block":false}},{"type":"Feature","geometry":{"type":"Polygon","coordinates":[[[82.06483,16.54694],[82.06483,16.54685],[82.06474,16.54685],[82.06474,16.54658],[82.06446,16.54658],[82.06446,16.54631],[82.06502,16.5464],[82.06502,16.54658],[82.06511,16.54658],[82.06512,16.54694],[82.06483,16.54694]]]},"properties":{"feature_id":"konaseema-00212","belt":"konaseema","district":"","area_ha":0.3,"lon":82.064828,"lat":16.546608,"source":"obia","sensor":"Sentinel-1 RTC (VV), 10 m","season":"2024 kharif","detected":true,"surveyed":false,"likely_block":false}},{"type":"Feature","geometry":{"type":"Polygon","coordinates":[[[82.04817,16.53338],[82.04817,16.53292],[82.04873,16.53292],[82.04874,16.53337],[82.04817,16.53338]]]},"properties":{"feature_id":"konaseema-00213","belt":"konaseema","district":"","area_ha":0.3,"lon":82.048454,"lat":16.533149,"source":"obia","sensor":"Sentinel-1 RTC (VV), 10 m","season":"2024 kharif","detected":true,"surveyed":false,"likely_block":false}},{"type":"Feature","geometry":{"type":"Polygon","coordinates":[[[82.07562,16.53197],[82.07562,16.53188],[82.07553,16.53188],[82.07553,16.53161],[82.07571,16.53161],[82.07581,16.53143],[82.07609,16.53143],[82.07609,16.53152],[82.07618,16.53152],[82.07618,16.53179],[82.076,16.53179],[82.0759,16.53197],[82.07562,16.53197]]]},"properties":{"feature_id":"konaseema-00214","belt":"konaseema","district":"","area_ha":0.3,"lon":82.075855,"lat":16.531699,"source":"obia","sensor":"Sentinel-1 RTC (VV), 10 m","season":"2024 kharif","detected":true,"surveyed":false,"likely_block":false}},{"type":"Feature","geometry":{"type":"Polygon","coordinates":[[[82.05069,16.53074],[82.05069,16.53065],[82.0506,16.53065],[82.05059,16.53038],[82.05134,16.53038],[82.05135,16.53065],[82.05125,16.53065],[82.05125,16.53074],[82.05069,16.53074]]]},"properties":{"feature_id":"konaseema-00215","belt":"konaseema","district":"","area_ha":0.3,"lon":82.05097,"lat":16.530552,"source":"obia","sensor":"Sentinel-1 RTC (VV), 10 m","season":"2024 kharif","detected":true,"surveyed":false,"likely_block":false}},{"type":"Feature","geometry":{"type":"Polygon","coordinates":[[[81.93904,16.71305],[81.93904,16.71268],[81.93913,16.71268],[81.93913,16.71259],[81.9396,16.71259],[81.9396,16.71304],[81.93904,16.71305]]]},"properties":{"feature_id":"konaseema-00216","belt":"konaseema","district":"","area_ha":0.29,"lon":81.939325,"lat":16.712825,"source":"obia","sensor":"Sentinel-1 RTC (VV), 10 m","season":"2024 kharif","detected":true,"surveyed":false,"likely_block":false}},{"type":"Feature","geometry":{"type":"Polygon","coordinates":[[[81.99627,16.69859],[81.99627,16.69823],[81.99636,16.69823],[81.99645,16.69804],[81.99683,16.69804],[81.99683,16.6984],[81.99674,16.6984],[81.99674,16.6985],[81.99655,16.6985],[81.99655,16.69859],[81.99627,16.69859]]]},"properties":{"feature_id":"konaseema-00217","belt":"konaseema","district":"","area_ha":0.29,"lon":81.996549,"lat":16.698307,"source":"obia","sensor":"Sentinel-1 RTC (VV), 10 m","season":"2024 kharif","detected":true,"surveyed":false,"likely_block":false}},{"type":"Feature","geometry":{"type":"Polygon","coordinates":[[[81.95572,16.69209],[81.95572,16.692],[81.95535,16.692],[81.95535,16.69191],[81.95525,16.69191],[81.95525,16.69164],[81.95563,16.69164],[81.95563,16.69173],[81.95591,16.69173],[81.95591,16.69182],[81.956,16.69182],[81.956,16.69209],[81.95572,16.69209]]]},"properties":{"feature_id":"konaseema-00218","belt":"konaseema","district":"","area_ha":0.29,"lon":81.955625,"lat":16.691859,"source":"obia","sensor":"Sentinel-1 RTC (VV), 10 m","season":"2024 kharif","detected":true,"surveyed":false,"likely_block":false}},{"type":"Feature","geometry":{"type":"Polygon","coordinates":[[[82.10169,16.61743],[82.10169,16.61734],[82.1015,16.61734],[82.10141,16.61716],[82.10122,16.61716],[82.10122,16.61689],[82.1015,16.61689],[82.1015,16.61698],[82.10169,16.61698],[82.10169,16.61707],[82.10187,16.61707],[82.10188,16.61716],[82.10197,16.61716],[82.10197,16.61743],[82.10169,16.61743]]]},"properties":{"feature_id":"konaseema-00219","belt":"konaseema","district":"","area_ha":0.29,"lon":82.101602,"lat":16.617159,"source":"obia","sensor":"Sentinel-1 RTC (VV), 10 m","season":"2024 kharif","detected":true,"surveyed":false,"likely_block":false}},{"type":"Feature","geometry":{"type":"Polygon","coordinates":[[[82.08506,16.61119],[82.08506,16.6111],[82.08487,16.61101],[82.08487,16.61065],[82.08525,16.61065],[82.08525,16.61074],[82.08543,16.61074],[82.08544,16.61101],[82.08534,16.61101],[82.08534,16.61119],[82.08506,16.61119]]]},"properties":{"feature_id":"konaseema-00220","belt":"konaseema","district":"","area_ha":0.29,"lon":82.085145,"lat":16.610902,"source":"obia","sensor":"Sentinel-1 RTC (VV), 10 m","season":"2024 kharif","detected":true,"surveyed":false,"likely_block":false}},{"type":"Feature","geometry":{"type":"Polygon","coordinates":[[[82.08431,16.61074],[82.08431,16.61065],[82.08412,16.61065],[82.08412,16.6102],[82.08449,16.6102],[82.08449,16.61038],[82.08468,16.61047],[82.08468,16.61074],[82.08431,16.61074]]]},"properties":{"feature_id":"konaseema-00221","belt":"konaseema","district":"","area_ha":0.29,"lon":82.084381,"lat":16.610483,"source":"obia","sensor":"Sentinel-1 RTC (VV), 10 m","season":"2024 kharif","detected":true,"surveyed":false,"likely_block":false}},{"type":"Feature","geometry":{"type":"Polygon","coordinates":[[[82.03521,16.54465],[82.03521,16.54456],[82.03502,16.54456],[82.03502,16.54411],[82.0353,16.54411],[82.0354,16.54429],[82.03558,16.54429],[82.03558,16.54465],[82.03521,16.54465]]]},"properties":{"feature_id":"konaseema-00222","belt":"konaseema","district":"","area_ha":0.29,"lon":82.035287,"lat":16.544395,"source":"obia","sensor":"Sentinel-1 RTC (VV), 10 m","season":"2024 kharif","detected":true,"surveyed":false,"likely_block":false}},{"type":"Feature","geometry":{"type":"Polygon","coordinates":[[[82.00328,16.53197],[82.00328,16.5317],[82.00347,16.5317],[82.00347,16.53161],[82.00394,16.53161],[82.00394,16.5317],[82.00403,16.5317],[82.00403,16.53197],[82.00328,16.53197]]]},"properties":{"feature_id":"konaseema-00223","belt":"konaseema","district":"","area_ha":0.29,"lon":82.003665,"lat":16.531802,"source":"obia","sensor":"Sentinel-1 RTC (VV), 10 m","season":"2024 kharif","detected":true,"surveyed":false,"likely_block":false}},{"type":"Feature","geometry":{"type":"Polygon","coordinates":[[[82.00599,16.63907],[82.00599,16.6387],[82.00618,16.6387],[82.00618,16.63861],[82.00655,16.63861],[82.00656,16.63906],[82.00599,16.63907]]]},"properties":{"feature_id":"konaseema-00224","belt":"konaseema","district":"","area_ha":0.28,"lon":82.006288,"lat":16.638852,"source":"obia","sensor":"Sentinel-1 RTC (VV), 10 m","season":"2024 kharif","detected":true,"surveyed":false,"likely_block":false}},{"type":"Feature","geometry":{"type":"Polygon","coordinates":[[[81.98455,16.62624],[81.98455,16.62615],[81.98446,16.62615],[81.98446,16.62579],[81.98455,16.62579],[81.98455,16.6257],[81.98492,16.6257],[81.98493,16.62624],[81.98455,16.62624]]]},"properties":{"feature_id":"konaseema-00225","belt":"konaseema","district":"","area_ha":0.28,"lon":81.984705,"lat":16.625972,"source":"obia","sensor":"Sentinel-1 RTC (VV), 10 m","season":"2024 kharif","detected":true,"surveyed":false,"likely_block":false}},{"type":"Feature","geometry":{"type":"Polygon","coordinates":[[[82.093,16.5562],[82.093,16.5561],[82.09291,16.55611],[82.0929,16.55556],[82.09318,16.55556],[82.09318,16.55574],[82.09328,16.55574],[82.09328,16.55592],[82.09337,16.55592],[82.09337,16.55619],[82.093,16.5562]]]},"properties":{"feature_id":"konaseema-00226","belt":"konaseema","district":"","area_ha":0.28,"lon":82.093112,"lat":16.555904,"source":"obia","sensor":"Sentinel-1 RTC (VV), 10 m","season":"2024 kharif","detected":true,"surveyed":false,"likely_block":false}},{"type":"Feature","geometry":{"type":"Polygon","coordinates":[[[82.03287,16.54575],[82.03287,16.5452],[82.03296,16.5452],[82.03296,16.54511],[82.03324,16.54511],[82.03324,16.5452],[82.03334,16.5452],[82.03334,16.54547],[82.03315,16.54556],[82.03315,16.54574],[82.03287,16.54575]]]},"properties":{"feature_id":"konaseema-00227","belt":"konaseema","district":"","area_ha":0.28,"lon":82.033079,"lat":16.545412,"source":"obia","sensor":"Sentinel-1 RTC (VV), 10 m","season":"2024 kharif","detected":true,"surveyed":false,"likely_block":false}},{"type":"Feature","geometry":{"type":"Polygon","coordinates":[[[82.09515,16.53811],[82.09515,16.53775],[82.09524,16.53774],[82.09533,16.53756],[82.09561,16.53756],[82.09561,16.53765],[82.09571,16.53765],[82.09571,16.53792],[82.09561,16.53792],[82.09562,16.53801],[82.09543,16.53801],[82.09543,16.53811],[82.09515,16.53811]]]},"properties":{"feature_id":"konaseema-00228","belt":"konaseema","district":"","area_ha":0.28,"lon":82.095417,"lat":16.537834,"source":"obia","sensor":"Sentinel-1 RTC (VV), 10 m","season":"2024 kharif","detected":true,"surveyed":false,"likely_block":false}},{"type":"Feature","geometry":{"type":"Polygon","coordinates":[[[82.04808,16.53265],[82.04808,16.53229],[82.04873,16.53229],[82.04873,16.53265],[82.04808,16.53265]]]},"properties":{"feature_id":"konaseema-00229","belt":"konaseema","district":"","area_ha":0.28,"lon":82.048404,"lat":16.532472,"source":"obia","sensor":"Sentinel-1 RTC (VV), 10 m","season":"2024 kharif","detected":true,"surveyed":false,"likely_block":false}},{"type":"Feature","geometry":{"type":"Polygon","coordinates":[[[82.07281,16.5319],[82.07281,16.53153],[82.0729,16.53153],[82.0729,16.53144],[82.07337,16.53144],[82.07337,16.5318],[82.07328,16.5318],[82.07328,16.53189],[82.07281,16.5319]]]},"properties":{"feature_id":"konaseema-00230","belt":"konaseema","district":"","area_ha":0.28,"lon":82.073091,"lat":16.531668,"source":"obia","sensor":"Sentinel-1 RTC (VV), 10 m","season":"2024 kharif","detected":true,"surveyed":false,"likely_block":false}},{"type":"Feature","geometry":{"type":"Polygon","coordinates":[[[81.9442,16.71311],[81.94419,16.71284],[81.94429,16.71284],[81.94419,16.71266],[81.94438,16.71266],[81.94438,16.71257],[81.94476,16.71257],[81.94476,16.71293],[81.94457,16.71293],[81.94457,16.71302],[81.9442,16.71311]]]},"properties":{"feature_id":"konaseema-00231","belt":"konaseema","district":"","area_ha":0.27,"lon":81.944474,"lat":16.712815,"source":"obia","sensor":"Sentinel-1 RTC (VV), 10 m","season":"2024 kharif","detected":true,"surveyed":false,"likely_block":false}},{"type":"Feature","geometry":{"type":"Polygon","coordinates":[[[81.93932,16.7125],[81.93931,16.71223],[81.9395,16.71223],[81.9395,16.71214],[81.94006,16.71214],[81.94007,16.71241],[81.93978,16.71241],[81.93978,16.7125],[81.93932,16.7125]]]},"properties":{"feature_id":"konaseema-00232","belt":"konaseema","district":"","area_ha":0.27,"lon":81.939685,"lat":16.712315,"source":"obia","sensor":"Sentinel-1 RTC (VV), 10 m","season":"2024 kharif","detected":true,"surveyed":false,"likely_block":false}},{"type":"Feature","geometry":{"type":"Polygon","coordinates":[[[81.95352,16.7025],[81.95343,16.70195],[81.9538,16.70195],[81.9538,16.70213],[81.95399,16.70213],[81.95399,16.7024],[81.9538,16.7024],[81.9538,16.70249],[81.95352,16.7025]]]},"properties":{"feature_id":"konaseema-00233","belt":"konaseema","district":"","area_ha":0.27,"lon":81.953695,"lat":16.702223,"source":"obia","sensor":"Sentinel-1 RTC (VV), 10 m","season":"2024 kharif","detected":true,"surveyed":false,"likely_block":false}},{"type":"Feature","geometry":{"type":"Polygon","coordinates":[[[82.02873,16.66481],[82.02873,16.66453],[82.02957,16.66453],[82.02957,16.6648],[82.02873,16.66481]]]},"properties":{"feature_id":"konaseema-00234","belt":"konaseema","district":"","area_ha":0.27,"lon":82.029148,"lat":16.664668,"source":"obia","sensor":"Sentinel-1 RTC (VV), 10 m","season":"2024 kharif","detected":true,"surveyed":false,"likely_block":false}},{"type":"Feature","geometry":{"type":"Polygon","coordinates":[[[82.08884,16.61551],[82.08883,16.61497],[82.08893,16.61497],[82.08893,16.61488],[82.08921,16.61488],[82.08921,16.61551],[82.08884,16.61551]]]},"properties":{"feature_id":"konaseema-00235","belt":"konaseema","district":"","area_ha":0.27,"lon":82.089026,"lat":16.615202,"source":"obia","sensor":"Sentinel-1 RTC (VV), 10 m","season":"2024 kharif","detected":true,"surveyed":false,"likely_block":false}},{"type":"Feature","geometry":{"type":"Polygon","coordinates":[[[82.09136,16.61378],[82.09135,16.61342],[82.09145,16.61342],[82.09145,16.61324],[82.09154,16.61324],[82.09154,16.61315],[82.09182,16.61314],[82.09182,16.61342],[82.09173,16.61342],[82.09173,16.61378],[82.09136,16.61378]]]},"properties":{"feature_id":"konaseema-00236","belt":"konaseema","district":"","area_ha":0.27,"lon":82.091586,"lat":16.613472,"source":"obia","sensor":"Sentinel-1 RTC (VV), 10 m","season":"2024 kharif","detected":true,"surveyed":false,"likely_block":false}},{"type":"Feature","geometry":{"type":"Polygon","coordinates":[[[82.09838,16.54722],[82.09838,16.54686],[82.09848,16.54686],[82.09848,16.54677],[82.09857,16.54677],[82.09866,16.54658],[82.09894,16.54658],[82.09894,16.54685],[82.09885,16.54685],[82.09885,16.54695],[82.09866,16.54704],[82.09867,16.54722],[82.09838,16.54722]]]},"properties":{"feature_id":"konaseema-00237","belt":"konaseema","district":"","area_ha":0.27,"lon":82.098649,"lat":16.54689,"source":"obia","sensor":"Sentinel-1 RTC (VV), 10 m","season":"2024 kharif","detected":true,"surveyed":false,"likely_block":false}},{"type":"Feature","geometry":{"type":"Polygon","coordinates":[[[82.05367,16.54492],[82.05367,16.54483],[82.05348,16.54474],[82.05348,16.54438],[82.05376,16.54438],[82.05386,16.54456],[82.05404,16.54456],[82.05405,16.54483],[82.05395,16.54483],[82.05395,16.54492],[82.05367,16.54492]]]},"properties":{"feature_id":"konaseema-00238","belt":"konaseema","district":"","area_ha":0.27,"lon":82.053748,"lat":16.544651,"source":"obia","sensor":"Sentinel-1 RTC (VV), 10 m","season":"2024 kharif","detected":true,"surveyed":false,"likely_block":false}},{"type":"Feature","geometry":{"type":"Polygon","coordinates":[[[82.00658,16.53548],[82.00658,16.53485],[82.00667,16.53485],[82.00667,16.53476],[82.00695,16.53475],[82.00686,16.53548],[82.00658,16.53548]]]},"properties":{"feature_id":"konaseema-00239","belt":"konaseema","district":"","area_ha":0.27,"lon":82.006748,"lat":16.535111,"source":"obia","sensor":"Sentinel-1 RTC (VV), 10 m","season":"2024 kharif","detected":true,"surveyed":false,"likely_block":false}},{"type":"Feature","geometry":{"type":"Polygon","coordinates":[[[82.05182,16.53254],[82.05182,16.53245],[82.05173,16.53246],[82.05173,16.53209],[82.0521,16.53209],[82.0521,16.53218],[82.05229,16.53218],[82.05229,16.53254],[82.05182,16.53254]]]},"properties":{"feature_id":"konaseema-00240","belt":"konaseema","district":"","area_ha":0.27,"lon":82.052006,"lat":16.532325,"source":"obia","sensor":"Sentinel-1 RTC (VV), 10 m","season":"2024 kharif","detected":true,"surveyed":false,"likely_block":false}},{"type":"Feature","geometry":{"type":"Polygon","coordinates":[[[82.00319,16.53251],[82.00319,16.53224],[82.00328,16.53224],[82.00328,16.53215],[82.00356,16.53215],[82.00357,16.53224],[82.00394,16.53224],[82.00394,16.53251],[82.00319,16.53251]]]},"properties":{"feature_id":"konaseema-00241","belt":"konaseema","district":"","area_ha":0.27,"lon":82.00355,"lat":16.532356,"source":"obia","sensor":"Sentinel-1 RTC (VV), 10 m","season":"2024 kharif","detected":true,"surveyed":false,"likely_block":false}},{"type":"Feature","geometry":{"type":"Polygon","coordinates":[[[82.04817,16.53193],[82.04816,16.53157],[82.04873,16.53157],[82.04873,16.53166],[82.04882,16.53166],[82.04882,16.53193],[82.04817,16.53193]]]},"properties":{"feature_id":"konaseema-00242","belt":"konaseema","district":"","area_ha":0.27,"lon":82.048483,"lat":16.531753,"source":"obia","sensor":"Sentinel-1 RTC (VV), 10 m","season":"2024 kharif","detected":true,"surveyed":false,"likely_block":false}},{"type":"Feature","geometry":{"type":"Polygon","coordinates":[[[82.01927,16.72035],[82.01927,16.72008],[82.01946,16.72008],[82.01946,16.71999],[82.01992,16.71998],[82.01993,16.72035],[82.01927,16.72035]]]},"properties":{"feature_id":"konaseema-00243","belt":"konaseema","district":"","area_ha":0.26,"lon":82.019615,"lat":16.720177,"source":"obia","sensor":"Sentinel-1 RTC (VV), 10 m","season":"2024 kharif","detected":true,"surveyed":false,"likely_block":false}},{"type":"Feature","geometry":{"type":"Polygon","coordinates":[[[81.941,16.71132],[81.941,16.71105],[81.94109,16.71105],[81.94109,16.71096],[81.94128,16.71096],[81.94128,16.71087],[81.94156,16.71087],[81.94156,16.71132],[81.941,16.71132]]]},"properties":{"feature_id":"konaseema-00244","belt":"konaseema","district":"","area_ha":0.26,"lon":81.941304,"lat":16.711117,"source":"obia","sensor":"Sentinel-1 RTC (VV), 10 m","season":"2024 kharif","detected":true,"surveyed":false,"likely_block":false}},{"type":"Feature","geometry":{"type":"Polygon","coordinates":[[[81.98769,16.65335],[81.98769,16.65316],[81.9876,16.65316],[81.98759,16.65289],[81.98769,16.65289],[81.98769,16.6528],[81.98797,16.6528],[81.98797,16.65289],[81.98806,16.65289],[81.98807,16.65334],[81.98769,16.65335]]]},"properties":{"feature_id":"konaseema-00245","belt":"konaseema","district":"","area_ha":0.26,"lon":81.987845,"lat":16.653077,"source":"obia","sensor":"Sentinel-1 RTC (VV), 10 m","season":"2024 kharif","detected":true,"surveyed":false,"likely_block":false}},{"type":"Feature","geometry":{"type":"Polygon","coordinates":[[[82.05961,16.61928],[82.0596,16.61873],[82.06007,16.61873],[82.06008,16.619],[82.05998,16.619],[82.05998,16.61918],[82.05989,16.61918],[82.05989,16.61927],[82.05961,16.61928]]]},"properties":{"feature_id":"konaseema-00246","belt":"konaseema","district":"","area_ha":0.26,"lon":82.059815,"lat":16.61898,"source":"obia","sensor":"Sentinel-1 RTC (VV), 10 m","season":"2024 kharif","detected":true,"surveyed":false,"likely_block":false}},{"type":"Feature","geometry":{"type":"Polygon","coordinates":[[[82.09323,16.61287],[82.09322,16.6125],[82.09332,16.6125],[82.09332,16.61223],[82.09369,16.61223],[82.09369,16.6125],[82.0936,16.6125],[82.09351,16.61286],[82.09323,16.61287]]]},"properties":{"feature_id":"konaseema-00247","belt":"konaseema","district":"","area_ha":0.26,"lon":82.093443,"lat":16.612533,"source":"obia","sensor":"Sentinel-1 RTC (VV), 10 m","season":"2024 kharif","detected":true,"surveyed":false,"likely_block":false}},{"type":"Feature","geometry":{"type":"Polygon","coordinates":[[[82.08666,16.61154],[82.08665,16.61118],[82.08675,16.61118],[82.08675,16.611],[82.08684,16.611],[82.08684,16.61091],[82.08712,16.61091],[82.08712,16.61127],[82.08694,16.61136],[82.08694,16.61154],[82.08666,16.61154]]]},"properties":{"feature_id":"konaseema-00248","belt":"konaseema","district":"","area_ha":0.26,"lon":82.086886,"lat":16.611219,"source":"obia","sensor":"Sentinel-1 RTC (VV), 10 m","season":"2024 kharif","detected":true,"surveyed":false,"likely_block":false}},{"type":"Feature","geometry":{"type":"Polygon","coordinates":[[[82.04586,16.59033],[82.04586,16.59024],[82.04567,16.59024],[82.04567,16.58997],[82.04576,16.58997],[82.04576,16.58988],[82.04614,16.58988],[82.04614,16.58997],[82.04623,16.58997],[82.04623,16.59033],[82.04586,16.59033]]]},"properties":{"feature_id":"konaseema-00249","belt":"konaseema","district":"","area_ha":0.26,"lon":82.045965,"lat":16.590105,"source":"obia","sensor":"Sentinel-1 RTC (VV), 10 m","season":"2024 kharif","detected":true,"surveyed":false,"likely_block":false}},{"type":"Feature","geometry":{"type":"Polygon","coordinates":[[[82.00929,16.58753],[82.00919,16.58699],[82.00966,16.58699],[82.00966,16.58744],[82.00957,16.58744],[82.00957,16.58753],[82.00929,16.58753]]]},"properties":{"feature_id":"konaseema-00250","belt":"konaseema","district":"","area_ha":0.26,"lon":82.009443,"lat":16.587239,"source":"obia","sensor":"Sentinel-1 RTC (VV), 10 m","season":"2024 kharif","detected":true,"surveyed":false,"likely_block":false}},{"type":"Feature","geometry":{"type":"Polygon","coordinates":[[[82.06012,16.55944],[82.06012,16.55935],[82.06003,16.55935],[82.06003,16.55899],[82.06012,16.55899],[82.06012,16.5589],[82.0605,16.55889],[82.0605,16.55926],[82.0604,16.55926],[82.0604,16.55944],[82.06012,16.55944]]]},"properties":{"feature_id":"konaseema-00251","belt":"konaseema","district":"","area_ha":0.26,"lon":82.060263,"lat":16.559152,"source":"obia","sensor":"Sentinel-1 RTC (VV), 10 m","season":"2024 kharif","detected":true,"surveyed":false,"likely_block":false}},{"type":"Feature","geometry":{"type":"Polygon","coordinates":[[[82.05956,16.55899],[82.05956,16.5589],[82.05946,16.5589],[82.05946,16.55845],[82.05984,16.55845],[82.05984,16.55854],[82.05993,16.55854],[82.05993,16.55881],[82.05984,16.55881],[82.05984,16.55899],[82.05956,16.55899]]]},"properties":{"feature_id":"konaseema-00252","belt":"konaseema","district":"","area_ha":0.26,"lon":82.059684,"lat":16.558703,"source":"obia","sensor":"Sentinel-1 RTC (VV), 10 m","season":"2024 kharif","detected":true,"surveyed":false,"likely_block":false}},{"type":"Feature","geometry":{"type":"Polygon","coordinates":[[[82.05842,16.55601],[82.05841,16.55538],[82.05879,16.55538],[82.05879,16.55583],[82.0587,16.55583],[82.0587,16.55601],[82.05842,16.55601]]]},"properties":{"feature_id":"konaseema-00253","belt":"konaseema","district":"","area_ha":0.26,"lon":82.058593,"lat":16.555677,"source":"obia","sensor":"Sentinel-1 RTC (VV), 10 m","season":"2024 kharif","detected":true,"surveyed":false,"likely_block":false}},{"type":"Feature","geometry":{"type":"Polygon","coordinates":[[[82.09722,16.53927],[82.09721,16.53918],[82.09712,16.53918],[82.09712,16.53873],[82.0974,16.53873],[82.0974,16.53882],[82.09759,16.53891],[82.09759,16.53927],[82.09722,16.53927]]]},"properties":{"feature_id":"konaseema-00254","belt":"konaseema","district":"","area_ha":0.26,"lon":82.097344,"lat":16.539014,"source":"obia","sensor":"Sentinel-1 RTC (VV), 10 m","season":"2024 kharif","detected":true,"surveyed":false,"likely_block":false}},{"type":"Feature","geometry":{"type":"Polygon","coordinates":[[[81.97599,16.71315],[81.97599,16.71278],[81.97665,16.71278],[81.97665,16.71305],[81.97637,16.71305],[81.97637,16.71314],[81.97599,16.71315]]]},"properties":{"feature_id":"konaseema-00255","belt":"konaseema","district":"","area_ha":0.25,"lon":81.976297,"lat":16.712948,"source":"obia","sensor":"Sentinel-1 RTC (VV), 10 m","season":"2024 kharif","detected":true,"surveyed":false,"likely_block":false}},{"type":"Feature","geometry":{"type":"Polygon","coordinates":[[[82.05095,16.68286],[82.05095,16.68277],[82.05077,16.68268],[82.05077,16.6825],[82.05086,16.6825],[82.05095,16.68232],[82.05123,16.68232],[82.05124,16.68268],[82.05133,16.68268],[82.05133,16.68277],[82.05124,16.68277],[82.05124,16.68286],[82.05095,16.68286]]]},"properties":{"feature_id":"konaseema-00256","belt":"konaseema","district":"","area_ha":0.25,"lon":82.051049,"lat":16.682594,"source":"obia","sensor":"Sentinel-1 RTC (VV), 10 m","season":"2024 kharif","detected":true,"surveyed":false,"likely_block":false}},{"type":"Feature","geometry":{"type":"Polygon","coordinates":[[[82.00815,16.63842],[82.00815,16.63833],[82.00805,16.63833],[82.00805,16.63806],[82.00871,16.63806],[82.00871,16.63833],[82.00852,16.63833],[82.00852,16.63842],[82.00815,16.63842]]]},"properties":{"feature_id":"konaseema-00257","belt":"konaseema","district":"","area_ha":0.25,"lon":82.008373,"lat":16.638225,"source":"obia","sensor":"Sentinel-1 RTC (VV), 10 m","season":"2024 kharif","detected":true,"surveyed":false,"likely_block":false}},{"type":"Feature","geometry":{"type":"Polygon","coordinates":[[[82.08622,16.61769],[82.08622,16.6176],[82.08613,16.6176],[82.08613,16.61724],[82.08622,16.61724],[82.08622,16.61715],[82.08659,16.61715],[82.0865,16.61769],[82.08622,16.61769]]]},"properties":{"feature_id":"konaseema-00258","belt":"konaseema","district":"","area_ha":0.25,"lon":82.086352,"lat":16.61741,"source":"obia","sensor":"Sentinel-1 RTC (VV), 10 m","season":"2024 kharif","detected":true,"surveyed":false,"likely_block":false}},{"type":"Feature","geometry":{"type":"Polygon","coordinates":[[[82.08535,16.61255],[82.08535,16.61227],[82.08544,16.61227],[82.08553,16.61191],[82.08582,16.61191],[82.08582,16.61218],[82.08572,16.61218],[82.08573,16.61254],[82.08535,16.61255]]]},"properties":{"feature_id":"konaseema-00259","belt":"konaseema","district":"","area_ha":0.25,"lon":82.085592,"lat":16.612243,"source":"obia","sensor":"Sentinel-1 RTC (VV), 10 m","season":"2024 kharif","detected":true,"surveyed":false,"likely_block":false}},{"type":"Feature","geometry":{"type":"Polygon","coordinates":[[[82.08103,16.61067],[82.08103,16.61031],[82.08112,16.61031],[82.08112,16.61013],[82.0814,16.61013],[82.0814,16.61022],[82.08149,16.61022],[82.0815,16.61049],[82.0814,16.61049],[82.0814,16.61067],[82.08103,16.61067]]]},"properties":{"feature_id":"konaseema-00260","belt":"konaseema","district":"","area_ha":0.25,"lon":82.081253,"lat":16.610406,"source":"obia","sensor":"Sentinel-1 RTC (VV), 10 m","season":"2024 kharif","detected":true,"surveyed":false,"likely_block":false}},{"type":"Feature","geometry":{"type":"Polygon","coordinates":[[[81.93905,16.58072],[81.93905,16.58045],[81.93924,16.58045],[81.93923,16.58017],[81.93933,16.58017],[81.93933,16.57999],[81.93961,16.57999],[81.93961,16.58026],[81.93952,16.58026],[81.93952,16.58044],[81.93933,16.58045],[81.93933,16.58072],[81.93905,16.58072]]]},"properties":{"feature_id":"konaseema-00261","belt":"konaseema","district":"","area_ha":0.25,"lon":81.939338,"lat":16.58035,"source":"obia","sensor":"Sentinel-1 RTC (VV), 10 m","season":"2024 kharif","detected":true,"surveyed":false,"likely_block":false}},{"type":"Feature","geometry":{"type":"Polygon","coordinates":[[[82.049,16.54684],[82.049,16.54666],[82.0489,16.54666],[82.0489,16.54639],[82.04928,16.54639],[82.04928,16.54648],[82.04946,16.54648],[82.04947,16.54675],[82.04937,16.54675],[82.04937,16.54684],[82.049,16.54684]]]},"properties":{"feature_id":"konaseema-00262","belt":"konaseema","district":"","area_ha":0.25,"lon":82.049178,"lat":16.54661,"source":"obia","sensor":"Sentinel-1 RTC (VV), 10 m","season":"2024 kharif","detected":true,"surveyed":false,"likely_block":false}},{"type":"Feature","geometry":{"type":"Polygon","coordinates":[[[82.04651,16.53809],[82.04651,16.53781],[82.0467,16.53781],[82.0467,16.53772],[82.04707,16.53772],[82.04707,16.53781],[82.04717,16.53781],[82.04717,16.53808],[82.04651,16.53809]]]},"properties":{"feature_id":"konaseema-00263","belt":"konaseema","district":"","area_ha":0.25,"lon":82.046848,"lat":16.537919,"source":"obia","sensor":"Sentinel-1 RTC (VV), 10 m","season":"2024 kharif","detected":true,"surveyed":false,"likely_block":false}},{"type":"Feature","geometry":{"type":"Polygon","coordinates":[[[82.06419,16.5314],[82.06419,16.53131],[82.06409,16.53131],[82.06409,16.53122],[82.0639,16.53113],[82.0639,16.53086],[82.06428,16.53085],[82.06428,16.53104],[82.06447,16.53113],[82.06447,16.5314],[82.06419,16.5314]]]},"properties":{"feature_id":"konaseema-00264","belt":"konaseema","district":"","area_ha":0.25,"lon":82.064188,"lat":16.531117,"source":"obia","sensor":"Sentinel-1 RTC (VV), 10 m","season":"2024 kharif","detected":true,"surveyed":false,"likely_block":false}},{"type":"Feature","geometry":{"type":"Polygon","coordinates":[[[82.04066,16.5307],[82.04066,16.53061],[82.04057,16.53061],[82.04057,16.53034],[82.04066,16.53034],[82.04066,16.53025],[82.04104,16.53025],[82.04104,16.53034],[82.04113,16.53034],[82.04113,16.53061],[82.04094,16.53061],[82.04094,16.5307],[82.04066,16.5307]]]},"properties":{"feature_id":"konaseema-00265","belt":"konaseema","district":"","area_ha":0.25,"lon":82.040844,"lat":16.530469,"source":"obia","sensor":"Sentinel-1 RTC (VV), 10 m","season":"2024 kharif","detected":true,"surveyed":false,"likely_block":false}}]}