{"type":"FeatureCollection","name":"aquawatch_ponds_kakinada","crs":{"type":"name","properties":{"name":"urn:ogc:def:crs:OGC:1.3:CRS84"}},"metadata":{"produced_by":"AquaWatch, AP AI Living Labs sovereign cluster","method":"object-based detection on multi-pass SAR","min_area_ha":0.25,"belts":{"kakinada":{"features":319,"hectares":666.4}},"total_features":319,"total_hectares":666.4,"CAVEAT":"Automatic detections from Sentinel-1 SAR, not a cadastral or surveyed product. Boundaries are raster-derived at 10 m and are approximate. Accuracy is still being measured against hand-checked optical imagery; the previously published F1 ~0.90 is agreement with the OBIA detector, NOT accuracy against the ground. Adjacent ponds that share a bund merge into ONE polygon, so a feature can be a farm block rather than a single pond: the feature count is a lower bound on the number of ponds, and area is the reliable quantity. Do not use as sole evidence for enforcement or for any legal determination of ownership, extent or permitting status."},"features":[{"type":"Feature","geometry":{"type":"Polygon","coordinates":[[[82.18853,17.05676],[82.18852,17.05667],[82.18834,17.05667],[82.18834,17.05658],[82.18815,17.05649],[82.18815,17.05631],[82.18805,17.05631],[82.18805,17.05622],[82.18786,17.05613],[82.18786,17.05595],[82.18777,17.05595],[82.18777,17.05577],[82.18767,17.05577],[82.18758,17.05541],[82.18748,17.05541],[82.18748,17.05532],[82.18729,17.05523],[82.1872,17.05487],[82.18701,17.05478],[82.18691,17.05442],[82.18672,17.05433],[82.18672,17.05415],[82.18663,17.05415],[82.18663,17.05388],[82.18653,17.05388],[82.18653,17.05379],[82.18644,17.05379],[82.18644,17.0537],[82.18635,17.0537],[82.18634,17.05361],[82.18625,17.05361],[82.18625,17.05352],[82.18616,17.05352],[82.18616,17.05343],[82.18597,17.05334],[82.18596,17.05298],[82.18587,17.05298],[82.18587,17.05262],[82.18577,17.05262],[82.18577,17.05189],[82.18568,17.0519],[82.18567,17.05081],[82.18558,17.05081],[82.18557,17.05009],[82.18548,17.05009],[82.18547,17.04973],[82.18557,17.04973],[82.18547,17.04918],[82.18556,17.04918],[82.18556,17.04891],[82.18566,17.04891],[82.18565,17.04855],[82.18612,17.04855],[82.18612,17.04846],[82.18622,17.04846],[82.18622,17.04819],[82.18659,17.04818],[82.18659,17.04809],[82.18772,17.04809],[82.18772,17.048],[82.18866,17.04799],[82.18866,17.0479],[82.1896,17.0479],[82.1896,17.04781],[82.19044,17.0478],[82.19044,17.04771],[82.19091,17.04771],[82.19091,17.04762],[82.19147,17.04761],[82.19147,17.04752],[82.19185,17.04752],[82.19185,17.04743],[82.19307,17.04742],[82.19307,17.04751],[82.19354,17.04751],[82.19354,17.0476],[82.1941,17.0476],[82.19411,17.04769],[82.19467,17.04769],[82.19467,17.04778],[82.19505,17.04777],[82.19505,17.04786],[82.19552,17.04786],[82.19552,17.04795],[82.1957,17.04795],[82.19571,17.04858],[82.1958,17.04858],[82.19581,17.04949],[82.1959,17.04949],[82.19591,17.05084],[82.196,17.05084],[82.19601,17.0512],[82.19591,17.0512],[82.19591,17.05129],[82.19601,17.05129],[82.19601,17.05202],[82.19592,17.05202],[82.19593,17.05319],[82.19583,17.05319],[82.19584,17.05446],[82.19575,17.05446],[82.19575,17.05491],[82.19565,17.05491],[82.19566,17.05509],[82.19556,17.05509],[82.19547,17.05581],[82.19538,17.05581],[82.19538,17.05591],[82.19425,17.05591],[82.19425,17.056],[82.1935,17.05601],[82.1935,17.05592],[82.19341,17.05592],[82.19341,17.05601],[82.19294,17.05601],[82.19294,17.0561],[82.19247,17.0561],[82.19247,17.05619],[82.192,17.0562],[82.192,17.05629],[82.19106,17.05638],[82.19106,17.05647],[82.19068,17.05648],[82.19059,17.05666],[82.18993,17.05666],[82.18993,17.05675],[82.18853,17.05676]]]},"properties":{"feature_id":"kakinada-00000","belt":"kakinada","district":"","area_ha":96.4,"lon":82.190976,"lat":17.051876,"source":"obia","sensor":"Sentinel-1 RTC (VV), 10 m","season":"2024 kharif","detected":true,"surveyed":false,"likely_block":true}},{"type":"Feature","geometry":{"type":"Polygon","coordinates":[[[82.10736,17.05975],[82.10736,17.05966],[82.10708,17.05966],[82.10708,17.05939],[82.10698,17.05939],[82.10698,17.05903],[82.10689,17.05903],[82.10689,17.05867],[82.10698,17.05867],[82.10698,17.05849],[82.10688,17.05849],[82.10688,17.05821],[82.10698,17.05821],[82.10697,17.05749],[82.10707,17.05749],[82.10716,17.05677],[82.10734,17.05668],[82.10734,17.05586],[82.10743,17.05586],[82.10743,17.05559],[82.10753,17.05559],[82.10752,17.05532],[82.10762,17.05532],[82.10762,17.05496],[82.10771,17.05496],[82.10771,17.05478],[82.1078,17.05478],[82.1078,17.05441],[82.10789,17.05441],[82.10789,17.05423],[82.10799,17.05423],[82.10797,17.05206],[82.10816,17.05206],[82.10816,17.05188],[82.10826,17.05188],[82.10825,17.05179],[82.10816,17.05179],[82.10816,17.05152],[82.10825,17.05152],[82.10825,17.05134],[82.10835,17.05134],[82.10835,17.05125],[82.10853,17.05125],[82.10853,17.05098],[82.10881,17.05097],[82.10881,17.0507],[82.10872,17.0507],[82.10872,17.05061],[82.10844,17.05061],[82.10843,17.05034],[82.10862,17.05034],[82.10862,17.05025],[82.10909,17.05025],[82.10909,17.05034],[82.10956,17.05034],[82.10956,17.05043],[82.10984,17.05043],[82.10984,17.05052],[82.11013,17.05051],[82.11013,17.0506],[82.11097,17.0506],[82.11097,17.05069],[82.11154,17.05069],[82.11154,17.05078],[82.11201,17.05078],[82.11201,17.05087],[82.11238,17.05086],[82.11238,17.05095],[82.11267,17.05095],[82.11276,17.05113],[82.11314,17.05113],[82.11314,17.05122],[82.11361,17.05122],[82.11361,17.05131],[82.11408,17.05131],[82.11408,17.05167],[82.11399,17.05167],[82.11399,17.05185],[82.11389,17.05185],[82.11389,17.05194],[82.1138,17.05194],[82.1138,17.05203],[82.11371,17.05203],[82.11371,17.05212],[82.11361,17.05212],[82.11352,17.0523],[82.11333,17.0523],[82.11333,17.05249],[82.11324,17.05249],[82.11324,17.05294],[82.11315,17.05294],[82.11315,17.05366],[82.11306,17.05366],[82.11306,17.05411],[82.11297,17.05411],[82.11297,17.05429],[82.11287,17.0543],[82.11288,17.05484],[82.11278,17.05484],[82.11279,17.05538],[82.11269,17.05538],[82.11269,17.05556],[82.11279,17.05556],[82.11279,17.05619],[82.1126,17.05619],[82.1126,17.05629],[82.11251,17.05629],[82.11251,17.05647],[82.11195,17.05647],[82.11195,17.05656],[82.11185,17.05656],[82.11176,17.05674],[82.11148,17.05674],[82.11148,17.05665],[82.11073,17.05675],[82.11073,17.05666],[82.11063,17.05666],[82.11063,17.05693],[82.11054,17.05693],[82.11054,17.05702],[82.11026,17.05702],[82.11026,17.0572],[82.11017,17.0572],[82.11017,17.05729],[82.11007,17.05729],[82.11007,17.05747],[82.10998,17.05747],[82.10998,17.05811],[82.10989,17.05811],[82.10989,17.05829],[82.10923,17.05829],[82.10923,17.0582],[82.10904,17.0582],[82.10905,17.05847],[82.10895,17.05847],[82.10895,17.05856],[82.10876,17.05857],[82.10877,17.05875],[82.10867,17.05875],[82.10858,17.05893],[82.1083,17.05893],[82.1083,17.05902],[82.1082,17.05902],[82.1082,17.0592],[82.10792,17.0592],[82.10792,17.05929],[82.10774,17.05938],[82.10764,17.05975],[82.10736,17.05975]]]},"properties":{"feature_id":"kakinada-00001","belt":"kakinada","district":"","area_ha":45.12,"lon":82.11008,"lat":17.05441,"source":"obia","sensor":"Sentinel-1 RTC (VV), 10 m","season":"2024 kharif","detected":true,"surveyed":false,"likely_block":true}},{"type":"Feature","geometry":{"type":"Polygon","coordinates":[[[82.17507,16.94802],[82.17507,16.94793],[82.173,16.94794],[82.173,16.94785],[82.17281,16.94785],[82.17281,16.94731],[82.17272,16.94731],[82.17271,16.94586],[82.17261,16.94587],[82.17259,16.94135],[82.1754,16.94133],[82.1754,16.94142],[82.17681,16.94141],[82.17682,16.94205],[82.17691,16.94204],[82.17691,16.94259],[82.17701,16.94259],[82.17701,16.94304],[82.17692,16.94304],[82.17692,16.94322],[82.17701,16.94322],[82.17702,16.94385],[82.17692,16.94385],[82.17692,16.94421],[82.17702,16.94421],[82.17702,16.94448],[82.17693,16.94448],[82.17693,16.94548],[82.17703,16.94548],[82.17703,16.94602],[82.17693,16.94602],[82.17694,16.94611],[82.17703,16.94611],[82.17703,16.94665],[82.17694,16.94665],[82.17695,16.94801],[82.17507,16.94802]]]},"properties":{"feature_id":"kakinada-00002","belt":"kakinada","district":"","area_ha":33.5,"lon":82.1748,"lat":16.94465,"source":"obia","sensor":"Sentinel-1 RTC (VV), 10 m","season":"2024 kharif","detected":true,"surveyed":false,"likely_block":true}},{"type":"Feature","geometry":{"type":"Polygon","coordinates":[[[82.18273,17.04676],[82.18273,17.04667],[82.18217,17.04667],[82.18217,17.04658],[82.18198,17.04658],[82.18198,17.04649],[82.18179,17.0465],[82.18179,17.0464],[82.18151,17.04641],[82.18151,17.04632],[82.18132,17.04632],[82.18132,17.04623],[82.18122,17.04623],[82.18122,17.04605],[82.18104,17.04605],[82.18103,17.04587],[82.18085,17.04578],[82.18084,17.0456],[82.18075,17.0456],[82.18075,17.04533],[82.18084,17.04533],[82.18084,17.04505],[82.18094,17.04505],[82.18103,17.04451],[82.18112,17.04451],[82.18112,17.04433],[82.18121,17.04433],[82.18121,17.04415],[82.18131,17.04415],[82.1813,17.04379],[82.1814,17.04379],[82.18149,17.04324],[82.18167,17.04315],[82.18167,17.04288],[82.18177,17.04288],[82.18177,17.0427],[82.18195,17.04261],[82.18195,17.04225],[82.18204,17.04225],[82.18204,17.04197],[82.18214,17.04197],[82.18214,17.04179],[82.18223,17.04179],[82.18223,17.04161],[82.18232,17.04161],[82.18232,17.04143],[82.18242,17.04143],[82.18241,17.04125],[82.18251,17.04125],[82.1826,17.04071],[82.18269,17.04071],[82.18269,17.04062],[82.18326,17.04061],[82.18326,17.0407],[82.18363,17.04079],[82.18363,17.04097],[82.1842,17.04097],[82.1842,17.04106],[82.18457,17.04106],[82.18457,17.04115],[82.18486,17.04114],[82.18486,17.04124],[82.18505,17.04123],[82.18505,17.04132],[82.18523,17.04132],[82.18523,17.04141],[82.1857,17.04141],[82.1857,17.04159],[82.18589,17.04168],[82.1859,17.04295],[82.18581,17.04295],[82.18581,17.04313],[82.18571,17.04313],[82.18572,17.04358],[82.18562,17.04358],[82.18563,17.04394],[82.18553,17.04394],[82.18553,17.0443],[82.18544,17.0443],[82.18544,17.04485],[82.18526,17.04494],[82.18526,17.04521],[82.18516,17.04521],[82.18517,17.04557],[82.18507,17.04557],[82.18507,17.04575],[82.18489,17.04575],[82.18489,17.04584],[82.1847,17.04585],[82.18461,17.04603],[82.18442,17.04603],[82.18442,17.04612],[82.18404,17.04621],[82.18395,17.04639],[82.18367,17.04639],[82.18358,17.04658],[82.1832,17.04658],[82.1832,17.04676],[82.18273,17.04676]]]},"properties":{"feature_id":"kakinada-00003","belt":"kakinada","district":"","area_ha":25.71,"lon":82.183433,"lat":17.043789,"source":"obia","sensor":"Sentinel-1 RTC (VV), 10 m","season":"2024 kharif","detected":true,"surveyed":false,"likely_block":true}},{"type":"Feature","geometry":{"type":"Polygon","coordinates":[[[82.2632,16.99729],[82.26319,16.99594],[82.26328,16.99594],[82.26328,16.99585],[82.26347,16.99584],[82.26347,16.99566],[82.26337,16.99566],[82.26337,16.9953],[82.26347,16.9953],[82.26346,16.99503],[82.26356,16.99503],[82.26365,16.99467],[82.26403,16.99467],[82.26403,16.99476],[82.26412,16.99476],[82.26412,16.99439],[82.26384,16.9944],[82.26384,16.99431],[82.26374,16.99431],[82.26374,16.99449],[82.26365,16.99449],[82.26365,16.99458],[82.26318,16.99458],[82.26318,16.99431],[82.26327,16.99431],[82.26327,16.99422],[82.26346,16.99422],[82.26346,16.99386],[82.26402,16.99385],[82.26402,16.99394],[82.26421,16.99394],[82.26421,16.99376],[82.2643,16.99376],[82.2643,16.99331],[82.2642,16.99331],[82.2642,16.99295],[82.2658,16.99294],[82.2658,16.99303],[82.26655,16.99302],[82.26655,16.99311],[82.26665,16.99311],[82.26665,16.99338],[82.26637,16.99339],[82.26637,16.99348],[82.26627,16.99348],[82.26627,16.99375],[82.26637,16.99375],[82.26637,16.99393],[82.26656,16.99393],[82.26656,16.99402],[82.26665,16.99402],[82.26665,16.99375],[82.26674,16.99375],[82.26674,16.99356],[82.2674,16.99356],[82.2674,16.99365],[82.26768,16.99365],[82.26768,16.99383],[82.26778,16.99383],[82.26787,16.99401],[82.26806,16.99401],[82.26816,16.99419],[82.26853,16.99419],[82.26853,16.99428],[82.26863,16.99428],[82.26863,16.99437],[82.26881,16.99436],[82.26881,16.99446],[82.2691,16.99445],[82.2691,16.99436],[82.26919,16.99436],[82.26928,16.99418],[82.26966,16.99418],[82.26966,16.99427],[82.26975,16.99427],[82.26976,16.99481],[82.26985,16.99481],[82.26985,16.9949],[82.26994,16.9949],[82.26995,16.99508],[82.27004,16.99508],[82.27005,16.99616],[82.26995,16.99617],[82.26995,16.99626],[82.26939,16.99626],[82.26939,16.99617],[82.2693,16.99617],[82.2692,16.99599],[82.26882,16.99599],[82.26883,16.99608],[82.26704,16.99609],[82.26704,16.996],[82.26666,16.99601],[82.26666,16.99591],[82.26638,16.99592],[82.26638,16.99583],[82.26629,16.99583],[82.26629,16.99592],[82.26601,16.99592],[82.26601,16.99619],[82.26591,16.99619],[82.26592,16.99673],[82.26611,16.99682],[82.26611,16.99709],[82.26601,16.99709],[82.26602,16.99718],[82.26526,16.99719],[82.26526,16.9971],[82.26451,16.9971],[82.26451,16.99701],[82.26432,16.99701],[82.26432,16.9971],[82.26404,16.99711],[82.26404,16.99702],[82.26395,16.99702],[82.26395,16.99711],[82.26367,16.99711],[82.26357,16.99729],[82.2632,16.99729]],[[82.26563,16.99529],[82.26591,16.99529],[82.26591,16.99502],[82.26581,16.99502],[82.26581,16.99493],[82.26553,16.99493],[82.26553,16.9952],[82.26563,16.9952],[82.26563,16.99529]],[[82.266,16.99474],[82.26609,16.99474],[82.26609,16.99465],[82.266,16.99465],[82.266,16.99474]]]},"properties":{"feature_id":"kakinada-00004","belt":"kakinada","district":"","area_ha":21.84,"lon":82.26615,"lat":16.9951,"source":"obia","sensor":"Sentinel-1 RTC (VV), 10 m","season":"2024 kharif","detected":true,"surveyed":false,"likely_block":true}},{"type":"Feature","geometry":{"type":"Polygon","coordinates":[[[82.12259,16.98158],[82.12259,16.98149],[82.12249,16.98149],[82.12249,16.98131],[82.1223,16.98122],[82.1223,16.98104],[82.12211,16.98095],[82.12211,16.98076],[82.12202,16.98077],[82.12202,16.98068],[82.12192,16.98068],[82.12192,16.98059],[82.12183,16.98059],[82.12183,16.9805],[82.12174,16.9805],[82.12174,16.98041],[82.12164,16.98041],[82.12164,16.98032],[82.12155,16.98032],[82.12155,16.98023],[82.12145,16.98023],[82.12145,16.98014],[82.12136,16.98014],[82.12136,16.98005],[82.12126,16.98005],[82.12126,16.97996],[82.12117,16.97996],[82.12117,16.97987],[82.12107,16.97987],[82.12107,16.97978],[82.12098,16.97978],[82.12098,16.97969],[82.12089,16.97969],[82.12089,16.9796],[82.12079,16.9796],[82.12079,16.97951],[82.1207,16.97951],[82.1207,16.97942],[82.1206,16.97942],[82.1206,16.97933],[82.12051,16.97933],[82.12051,16.97924],[82.12041,16.97924],[82.12041,16.97915],[82.12032,16.97915],[82.12032,16.97906],[82.12013,16.97897],[82.12013,16.97879],[82.12004,16.97879],[82.11994,16.97843],[82.11985,16.97843],[82.11984,16.97834],[82.11975,16.97834],[82.11975,16.97816],[82.11966,16.97816],[82.11966,16.97807],[82.11947,16.97798],[82.11937,16.97762],[82.11928,16.97762],[82.11928,16.97753],[82.11909,16.97744],[82.11909,16.97717],[82.11899,16.97717],[82.1189,16.97681],[82.1188,16.97681],[82.1188,16.97672],[82.11861,16.97663],[82.11861,16.97645],[82.11852,16.97645],[82.11842,16.97609],[82.11833,16.97609],[82.11833,16.976],[82.11814,16.97591],[82.11814,16.97573],[82.11795,16.97564],[82.11795,16.97546],[82.11776,16.97537],[82.11776,16.97519],[82.11767,16.97519],[82.11767,16.9751],[82.11757,16.9751],[82.11757,16.97501],[82.11738,16.97492],[82.11738,16.97455],[82.11907,16.97455],[82.11907,16.97446],[82.12048,16.97445],[82.12048,16.97526],[82.12058,16.97526],[82.12058,16.97598],[82.12068,16.97598],[82.12068,16.97616],[82.12077,16.97616],[82.12077,16.97634],[82.12087,16.97634],[82.12087,16.97661],[82.12106,16.9767],[82.12106,16.97707],[82.12115,16.97706],[82.12115,16.97716],[82.12125,16.97715],[82.12125,16.97734],[82.12144,16.97742],[82.12144,16.97761],[82.12153,16.9776],[82.12163,16.97797],[82.12172,16.97797],[82.12172,16.97806],[82.12182,16.97806],[82.12191,16.97824],[82.1221,16.97823],[82.1221,16.97832],[82.12219,16.97832],[82.12219,16.97841],[82.12238,16.9785],[82.12238,16.97868],[82.12248,16.97868],[82.12248,16.97896],[82.12257,16.97895],[82.12257,16.97914],[82.12267,16.97914],[82.12267,16.97923],[82.12276,16.97922],[82.12276,16.97932],[82.12286,16.97931],[82.12286,16.97941],[82.12295,16.9794],[82.12295,16.9795],[82.12304,16.97949],[82.12305,16.97958],[82.12314,16.97958],[82.12314,16.97967],[82.12323,16.97967],[82.12323,16.97976],[82.12333,16.97976],[82.12333,16.97985],[82.12342,16.97985],[82.12342,16.97994],[82.12352,16.97994],[82.12352,16.98003],[82.12361,16.98003],[82.12361,16.98012],[82.12371,16.98012],[82.12371,16.98021],[82.12389,16.9803],[82.1239,16.98048],[82.12399,16.98048],[82.12399,16.98075],[82.1239,16.98076],[82.1239,16.98085],[82.1238,16.98085],[82.12371,16.98103],[82.12352,16.98103],[82.12352,16.98112],[82.12343,16.98112],[82.12343,16.98121],[82.12334,16.98121],[82.12324,16.98139],[82.12306,16.98139],[82.12296,16.98157],[82.12259,16.98158]]]},"properties":{"feature_id":"kakinada-00005","belt":"kakinada","district":"","area_ha":18.58,"lon":82.120667,"lat":16.977694,"source":"obia","sensor":"Sentinel-1 RTC (VV), 10 m","season":"2024 kharif","detected":true,"surveyed":false,"likely_block":true}},{"type":"Feature","geometry":{"type":"Polygon","coordinates":[[[82.25298,17.05637],[82.25298,17.05628],[82.2527,17.05628],[82.25269,17.05619],[82.2526,17.05619],[82.2526,17.0561],[82.25241,17.0561],[82.25241,17.05601],[82.25213,17.05602],[82.25213,17.05592],[82.25194,17.05593],[82.25194,17.05584],[82.25185,17.05584],[82.25185,17.05566],[82.25175,17.05566],[82.25175,17.05557],[82.25166,17.05557],[82.25166,17.05548],[82.25156,17.05548],[82.25156,17.05539],[82.25147,17.05539],[82.25147,17.0553],[82.25128,17.05521],[82.25128,17.05494],[82.25118,17.05494],[82.25118,17.05485],[82.25099,17.05476],[82.25099,17.05403],[82.25108,17.05403],[82.25108,17.05322],[82.25098,17.05322],[82.25098,17.05214],[82.25107,17.05214],[82.25106,17.05123],[82.25116,17.05123],[82.25116,17.05114],[82.25266,17.05113],[82.25276,17.05131],[82.25304,17.05131],[82.25304,17.0514],[82.25323,17.0514],[82.25323,17.05131],[82.2536,17.05131],[82.2536,17.0514],[82.25379,17.0514],[82.25379,17.05149],[82.25388,17.05149],[82.25389,17.05194],[82.25398,17.05194],[82.25399,17.05284],[82.25408,17.05284],[82.25409,17.05338],[82.25418,17.05338],[82.25428,17.05428],[82.25437,17.05428],[82.25437,17.05446],[82.25447,17.05446],[82.25447,17.05474],[82.25456,17.05473],[82.25457,17.05492],[82.25466,17.05492],[82.25466,17.05537],[82.25457,17.05537],[82.25457,17.05555],[82.25448,17.05555],[82.25448,17.05609],[82.25429,17.05609],[82.25429,17.05618],[82.25373,17.05619],[82.25364,17.05637],[82.25298,17.05637]]]},"properties":{"feature_id":"kakinada-00006","belt":"kakinada","district":"","area_ha":17.81,"lon":82.252701,"lat":17.053725,"source":"obia","sensor":"Sentinel-1 RTC (VV), 10 m","season":"2024 kharif","detected":true,"surveyed":false,"likely_block":true}},{"type":"Feature","geometry":{"type":"Polygon","coordinates":[[[82.26722,16.96627],[82.26722,16.96618],[82.26646,16.96618],[82.26646,16.96609],[82.26628,16.96609],[82.26627,16.96591],[82.26618,16.96591],[82.26618,16.966],[82.26477,16.96601],[82.26477,16.96592],[82.26468,16.96592],[82.26468,16.96601],[82.2643,16.96601],[82.2643,16.96592],[82.26402,16.96593],[82.26402,16.96575],[82.26393,16.96575],[82.26393,16.96566],[82.26383,16.96566],[82.26383,16.96557],[82.26374,16.96557],[82.26364,16.96539],[82.26345,16.96539],[82.26345,16.96475],[82.26354,16.96475],[82.26354,16.96457],[82.26345,16.96457],[82.26344,16.96358],[82.26354,16.96358],[82.26354,16.96349],[82.26344,16.96349],[82.26344,16.96295],[82.26353,16.96295],[82.26353,16.96204],[82.26362,16.96204],[82.26362,16.96186],[82.26399,16.96186],[82.26399,16.96195],[82.26446,16.96195],[82.26446,16.96204],[82.26456,16.96204],[82.26465,16.96222],[82.26503,16.96221],[82.26512,16.96239],[82.26541,16.96239],[82.26541,16.96248],[82.26559,16.96248],[82.2656,16.96257],[82.26569,16.96257],[82.26569,16.96266],[82.26588,16.96266],[82.26588,16.96275],[82.26597,16.96275],[82.26607,16.96293],[82.26644,16.96293],[82.26644,16.96302],[82.26654,16.96302],[82.26654,16.96311],[82.26673,16.9632],[82.26673,16.96338],[82.2671,16.96356],[82.26711,16.96374],[82.26739,16.96374],[82.26748,16.9641],[82.26758,16.9641],[82.26758,16.96419],[82.26777,16.96428],[82.26777,16.96446],[82.26786,16.96446],[82.26786,16.96482],[82.26796,16.96482],[82.26796,16.965],[82.26805,16.965],[82.26805,16.96527],[82.26815,16.96527],[82.26815,16.96608],[82.26797,16.96608],[82.26797,16.96617],[82.26778,16.96617],[82.26778,16.96626],[82.26722,16.96627]],[[82.26448,16.96493],[82.26533,16.96492],[82.26542,16.96474],[82.26561,16.96474],[82.26561,16.96411],[82.2657,16.96411],[82.2657,16.96366],[82.2656,16.96366],[82.2656,16.96348],[82.26532,16.96348],[82.26532,16.96339],[82.26494,16.96339],[82.26494,16.9633],[82.26466,16.9633],[82.26466,16.96339],[82.26447,16.96348],[82.26448,16.96393],[82.26438,16.96394],[82.26439,16.96484],[82.26448,16.96484],[82.26448,16.96493]]]},"properties":{"feature_id":"kakinada-00007","belt":"kakinada","district":"","area_ha":15.04,"lon":82.265582,"lat":16.964365,"source":"obia","sensor":"Sentinel-1 RTC (VV), 10 m","season":"2024 kharif","detected":true,"surveyed":false,"likely_block":true}},{"type":"Feature","geometry":{"type":"Polygon","coordinates":[[[82.24346,16.93767],[82.24346,16.93758],[82.24317,16.93758],[82.24317,16.93749],[82.24261,16.9375],[82.24261,16.93696],[82.2427,16.93696],[82.2427,16.93677],[82.24261,16.93677],[82.24261,16.93668],[82.24242,16.93669],[82.24242,16.93678],[82.24232,16.93678],[82.24233,16.93741],[82.24223,16.93741],[82.24223,16.9375],[82.24148,16.9375],[82.24148,16.93741],[82.2412,16.93742],[82.2412,16.93733],[82.24083,16.93733],[82.24082,16.93706],[82.24101,16.93706],[82.24101,16.93697],[82.24092,16.93697],[82.24091,16.93651],[82.24082,16.93651],[82.24081,16.9357],[82.241,16.9357],[82.241,16.93552],[82.24091,16.93552],[82.24091,16.93534],[82.24081,16.93534],[82.24081,16.93498],[82.2409,16.93498],[82.2409,16.9348],[82.24081,16.9348],[82.24081,16.93453],[82.24118,16.93434],[82.24118,16.93398],[82.24127,16.93398],[82.24127,16.93389],[82.24137,16.93389],[82.24136,16.93371],[82.24146,16.93371],[82.24146,16.93335],[82.24155,16.93335],[82.24155,16.93317],[82.24211,16.93316],[82.24211,16.93307],[82.24239,16.93307],[82.24239,16.93298],[82.24211,16.93298],[82.24211,16.93271],[82.24314,16.9327],[82.24314,16.9328],[82.24333,16.93279],[82.24333,16.93316],[82.24343,16.93315],[82.24343,16.93352],[82.24352,16.93352],[82.24353,16.93451],[82.24362,16.93451],[82.24363,16.93487],[82.24353,16.93487],[82.24353,16.93514],[82.24363,16.93514],[82.24363,16.93523],[82.24391,16.93523],[82.24391,16.93514],[82.24429,16.93514],[82.24429,16.93532],[82.24438,16.93532],[82.24438,16.93577],[82.24429,16.93577],[82.24429,16.93595],[82.2442,16.93595],[82.2442,16.93622],[82.2441,16.93622],[82.24411,16.93686],[82.24401,16.93686],[82.24402,16.9374],[82.24392,16.9374],[82.24392,16.93749],[82.24383,16.93749],[82.24374,16.93767],[82.24346,16.93767]]]},"properties":{"feature_id":"kakinada-00008","belt":"kakinada","district":"","area_ha":14.97,"lon":82.242473,"lat":16.935382,"source":"obia","sensor":"Sentinel-1 RTC (VV), 10 m","season":"2024 kharif","detected":true,"surveyed":false,"likely_block":true}},{"type":"Feature","geometry":{"type":"Polygon","coordinates":[[[82.2557,17.05545],[82.2557,17.05536],[82.25551,17.05527],[82.25551,17.05509],[82.25541,17.05509],[82.25541,17.055],[82.25504,17.055],[82.25494,17.05464],[82.25475,17.05455],[82.25475,17.05428],[82.25465,17.05428],[82.25465,17.05347],[82.25456,17.05347],[82.25455,17.0532],[82.25446,17.0532],[82.25446,17.05257],[82.25436,17.05257],[82.25436,17.05202],[82.25492,17.05202],[82.25492,17.05193],[82.25558,17.05193],[82.25558,17.05184],[82.25595,17.05183],[82.25595,17.05192],[82.25614,17.05192],[82.25614,17.05183],[82.25633,17.05183],[82.25633,17.05174],[82.2568,17.05174],[82.2568,17.05165],[82.25717,17.05165],[82.25717,17.05174],[82.25727,17.05174],[82.25736,17.05192],[82.25755,17.05191],[82.25765,17.05209],[82.25783,17.05209],[82.25784,17.05218],[82.25793,17.05218],[82.25802,17.05236],[82.25821,17.05236],[82.25821,17.05245],[82.25831,17.05245],[82.25831,17.05263],[82.2584,17.05263],[82.2584,17.05299],[82.2585,17.05299],[82.2585,17.05345],[82.25841,17.05345],[82.25841,17.05372],[82.25822,17.05381],[82.25822,17.05399],[82.25813,17.05399],[82.25813,17.05417],[82.25804,17.05417],[82.25794,17.05453],[82.25785,17.05453],[82.25785,17.05462],[82.25766,17.05463],[82.25757,17.05481],[82.25738,17.05481],[82.25738,17.0549],[82.2572,17.0549],[82.2572,17.05499],[82.25701,17.05499],[82.25701,17.05508],[82.25682,17.05508],[82.25682,17.05517],[82.25663,17.05517],[82.25663,17.05526],[82.25645,17.05527],[82.25645,17.05536],[82.25626,17.05536],[82.25626,17.05545],[82.2557,17.05545]]]},"properties":{"feature_id":"kakinada-00009","belt":"kakinada","district":"","area_ha":13.55,"lon":82.25637,"lat":17.053429,"source":"obia","sensor":"Sentinel-1 RTC (VV), 10 m","season":"2024 kharif","detected":true,"surveyed":false,"likely_block":true}},{"type":"Feature","geometry":{"type":"Polygon","coordinates":[[[82.14049,17.03796],[82.14049,17.03787],[82.1403,17.03787],[82.1403,17.03778],[82.14012,17.03779],[82.14011,17.0377],[82.13993,17.0377],[82.13993,17.03761],[82.13955,17.03752],[82.13955,17.03734],[82.13899,17.03734],[82.13898,17.03725],[82.1388,17.03725],[82.1388,17.03716],[82.13842,17.03716],[82.13842,17.03707],[82.13823,17.03707],[82.13823,17.03698],[82.13795,17.03698],[82.13785,17.0368],[82.13767,17.03681],[82.13767,17.03671],[82.13748,17.03672],[82.13748,17.03663],[82.13729,17.03663],[82.13729,17.03654],[82.13701,17.03654],[82.13701,17.03645],[82.13682,17.03645],[82.13682,17.03618],[82.13691,17.03618],[82.13691,17.03609],[82.13719,17.03608],[82.13719,17.03599],[82.13738,17.03599],[82.13738,17.03581],[82.13719,17.03581],[82.13719,17.03563],[82.137,17.03563],[82.137,17.03518],[82.13719,17.03509],[82.13719,17.03491],[82.13728,17.03491],[82.13728,17.03473],[82.13737,17.03473],[82.13737,17.03437],[82.13784,17.03436],[82.13784,17.03445],[82.1384,17.03454],[82.13841,17.03463],[82.13859,17.03463],[82.13859,17.03472],[82.13888,17.03472],[82.13888,17.03481],[82.13906,17.03481],[82.13906,17.0349],[82.13925,17.0349],[82.13925,17.03499],[82.13963,17.03499],[82.13972,17.03517],[82.1401,17.03526],[82.1402,17.03544],[82.14048,17.03543],[82.14048,17.03552],[82.14067,17.03552],[82.14076,17.0357],[82.14123,17.0357],[82.14123,17.03579],[82.14142,17.03579],[82.14142,17.03588],[82.1418,17.03597],[82.1417,17.03651],[82.14161,17.03651],[82.14161,17.03669],[82.14152,17.03669],[82.14152,17.03696],[82.14143,17.03696],[82.14143,17.03715],[82.14124,17.03724],[82.14124,17.03742],[82.14115,17.03742],[82.14115,17.0376],[82.14105,17.0376],[82.14106,17.03787],[82.14096,17.03787],[82.14096,17.03796],[82.14049,17.03796]]]},"properties":{"feature_id":"kakinada-00010","belt":"kakinada","district":"","area_ha":12.1,"lon":82.139272,"lat":17.036163,"source":"obia","sensor":"Sentinel-1 RTC (VV), 10 m","season":"2024 kharif","detected":true,"surveyed":false,"likely_block":true}},{"type":"Feature","geometry":{"type":"Polygon","coordinates":[[[82.25772,16.97925],[82.25772,16.97916],[82.25763,16.97916],[82.25763,16.9788],[82.25772,16.9788],[82.25772,16.97844],[82.25781,16.97844],[82.25781,16.97826],[82.25772,16.97826],[82.25771,16.97645],[82.2578,16.97645],[82.2578,16.976],[82.25789,16.976],[82.25789,16.97545],[82.25798,16.97545],[82.25798,16.97536],[82.2592,16.97536],[82.2592,16.97545],[82.25939,16.97544],[82.25939,16.97553],[82.25948,16.97553],[82.25948,16.97544],[82.26023,16.97544],[82.26023,16.97553],[82.26033,16.97553],[82.26034,16.97697],[82.26024,16.97698],[82.26025,16.97788],[82.26016,16.97788],[82.26017,16.97924],[82.25913,16.97924],[82.25913,16.97915],[82.25904,16.97915],[82.25904,16.97924],[82.25772,16.97925]]]},"properties":{"feature_id":"kakinada-00011","belt":"kakinada","district":"","area_ha":11.31,"lon":82.258992,"lat":16.977317,"source":"obia","sensor":"Sentinel-1 RTC (VV), 10 m","season":"2024 kharif","detected":true,"surveyed":false,"likely_block":true}},{"type":"Feature","geometry":{"type":"Polygon","coordinates":[[[82.22468,17.11176],[82.22468,17.11167],[82.22459,17.11167],[82.22458,17.11122],[82.22468,17.11122],[82.22468,17.11113],[82.22487,17.11113],[82.22487,17.11104],[82.22534,17.11104],[82.22534,17.11095],[82.22543,17.11095],[82.22543,17.11059],[82.22552,17.11058],[82.22552,17.11013],[82.22561,17.11013],[82.22561,17.10977],[82.22589,17.10977],[82.22589,17.10959],[82.22598,17.10959],[82.22598,17.10905],[82.22607,17.10905],[82.22607,17.10868],[82.22617,17.10868],[82.22616,17.1085],[82.22645,17.1085],[82.22645,17.10859],[82.22664,17.10859],[82.22663,17.10841],[82.22673,17.10841],[82.22673,17.10823],[82.22645,17.10823],[82.22644,17.10814],[82.22635,17.10814],[82.22635,17.10769],[82.22653,17.1076],[82.22653,17.10751],[82.22635,17.10742],[82.22634,17.10715],[82.22644,17.10714],[82.22643,17.10669],[82.22672,17.10669],[82.22672,17.1066],[82.22653,17.1066],[82.22653,17.10633],[82.22662,17.10633],[82.22662,17.10615],[82.22671,17.10615],[82.22671,17.10588],[82.22718,17.10588],[82.22727,17.10569],[82.22756,17.10569],[82.22756,17.1056],[82.22784,17.1056],[82.22784,17.10551],[82.22812,17.10551],[82.22821,17.10569],[82.22868,17.10569],[82.22868,17.10578],[82.22925,17.10577],[82.22925,17.10604],[82.22934,17.10604],[82.22935,17.10649],[82.22897,17.1065],[82.22907,17.10704],[82.22888,17.10704],[82.22888,17.10731],[82.22879,17.10731],[82.22879,17.1074],[82.22888,17.1074],[82.22889,17.10785],[82.2286,17.10785],[82.22851,17.10804],[82.22814,17.10804],[82.22814,17.10813],[82.22804,17.10813],[82.22804,17.10822],[82.22786,17.10831],[82.22786,17.10867],[82.22795,17.10867],[82.22795,17.10885],[82.22833,17.10885],[82.22833,17.10912],[82.22814,17.10912],[82.22805,17.1093],[82.22777,17.10931],[82.22777,17.10922],[82.22739,17.10922],[82.22739,17.10904],[82.2273,17.10904],[82.2272,17.10886],[82.22664,17.10886],[82.22664,17.10895],[82.22645,17.10895],[82.22645,17.10922],[82.22655,17.10922],[82.22655,17.10977],[82.22646,17.10977],[82.22646,17.10986],[82.22636,17.10986],[82.22636,17.10995],[82.22627,17.10995],[82.22627,17.11004],[82.22608,17.11013],[82.22608,17.11022],[82.22627,17.11031],[82.22627,17.11049],[82.22637,17.11049],[82.22637,17.11085],[82.22627,17.11085],[82.22618,17.11103],[82.22599,17.11103],[82.22599,17.11112],[82.2259,17.11112],[82.2259,17.11131],[82.22553,17.11149],[82.22553,17.11167],[82.22496,17.11167],[82.22496,17.11176],[82.22468,17.11176]],[[82.22748,17.10831],[82.22767,17.10831],[82.22767,17.10822],[82.22757,17.10822],[82.22757,17.10786],[82.22748,17.10786],[82.22748,17.10804],[82.22738,17.10804],[82.22738,17.10822],[82.22748,17.10822],[82.22748,17.10831]],[[82.22803,17.1065],[82.22822,17.1065],[82.22822,17.10641],[82.22812,17.10641],[82.22812,17.10614],[82.22794,17.10614],[82.22794,17.10641],[82.22803,17.10641],[82.22803,17.1065]]]},"properties":{"feature_id":"kakinada-00012","belt":"kakinada","district":"","area_ha":11.28,"lon":82.227228,"lat":17.107984,"source":"obia","sensor":"Sentinel-1 RTC (VV), 10 m","season":"2024 kharif","detected":true,"surveyed":false,"likely_block":true}},{"type":"Feature","geometry":{"type":"Polygon","coordinates":[[[82.20597,17.09642],[82.20597,17.09633],[82.20569,17.09633],[82.20569,17.09624],[82.20532,17.09625],[82.20532,17.09616],[82.20522,17.09616],[82.20522,17.09598],[82.20513,17.09598],[82.20512,17.09552],[82.20522,17.09552],[82.20531,17.09534],[82.20587,17.09534],[82.20597,17.09552],[82.20625,17.09552],[82.20625,17.09543],[82.20634,17.09543],[82.20644,17.09524],[82.20662,17.09524],[82.20662,17.09515],[82.20681,17.09506],[82.20681,17.09479],[82.20672,17.09479],[82.20671,17.09461],[82.20634,17.09461],[82.20634,17.09452],[82.20615,17.09452],[82.20615,17.09461],[82.20606,17.09461],[82.20606,17.0947],[82.20587,17.09471],[82.20587,17.0948],[82.20549,17.0948],[82.20549,17.09453],[82.2054,17.09453],[82.2054,17.09435],[82.2053,17.09435],[82.20521,17.09417],[82.20511,17.09417],[82.20511,17.09426],[82.20474,17.09426],[82.20474,17.0939],[82.20455,17.09381],[82.20455,17.09345],[82.20483,17.09345],[82.20483,17.09354],[82.20492,17.09354],[82.20492,17.0939],[82.20502,17.0939],[82.20502,17.09381],[82.2053,17.09381],[82.2053,17.09372],[82.20539,17.09371],[82.20539,17.09353],[82.20558,17.09344],[82.20558,17.0929],[82.20539,17.0929],[82.20539,17.09281],[82.20529,17.09281],[82.20529,17.09254],[82.20557,17.09254],[82.20557,17.09236],[82.20576,17.09236],[82.20576,17.09209],[82.20585,17.09209],[82.20585,17.09199],[82.20613,17.09199],[82.20613,17.09208],[82.20623,17.09208],[82.20623,17.09217],[82.20632,17.09217],[82.20632,17.09226],[82.20651,17.09235],[82.20651,17.09226],[82.2067,17.09226],[82.2067,17.09217],[82.20689,17.09217],[82.20689,17.09208],[82.20717,17.09208],[82.20726,17.0919],[82.20764,17.09189],[82.20764,17.0918],[82.20792,17.0918],[82.20792,17.09207],[82.20764,17.09207],[82.20764,17.09216],[82.20783,17.09216],[82.20783,17.09262],[82.20774,17.09262],[82.20774,17.09298],[82.20783,17.09298],[82.20783,17.09334],[82.20793,17.09334],[82.20793,17.09352],[82.20802,17.09352],[82.20803,17.09379],[82.20793,17.09379],[82.20793,17.09397],[82.20803,17.09397],[82.20812,17.09379],[82.2084,17.09379],[82.2084,17.09388],[82.2085,17.09388],[82.2085,17.09406],[82.20859,17.09406],[82.20859,17.09433],[82.20793,17.09433],[82.20793,17.09424],[82.20784,17.09424],[82.20784,17.09433],[82.20765,17.09442],[82.20766,17.0947],[82.20747,17.09479],[82.20747,17.09497],[82.20737,17.09497],[82.20738,17.09506],[82.20719,17.09506],[82.20719,17.09524],[82.20709,17.09524],[82.2071,17.09533],[82.207,17.09533],[82.207,17.09542],[82.20691,17.09542],[82.20691,17.09551],[82.20681,17.09551],[82.20682,17.0956],[82.20663,17.0957],[82.20663,17.09588],[82.20653,17.09588],[82.20654,17.09606],[82.20644,17.09606],[82.20644,17.09642],[82.20597,17.09642]]]},"properties":{"feature_id":"kakinada-00013","belt":"kakinada","district":"","area_ha":10.25,"lon":82.206547,"lat":17.093895,"source":"obia","sensor":"Sentinel-1 RTC (VV), 10 m","season":"2024 kharif","detected":true,"surveyed":false,"likely_block":true}},{"type":"Feature","geometry":{"type":"Polygon","coordinates":[[[82.09851,17.08908],[82.09851,17.08899],[82.09832,17.0889],[82.09832,17.08872],[82.09795,17.08863],[82.09795,17.08845],[82.09757,17.08845],[82.09757,17.08827],[82.0971,17.08827],[82.0971,17.08836],[82.09682,17.08837],[82.09681,17.08692],[82.09728,17.08692],[82.09728,17.08647],[82.09737,17.08647],[82.09737,17.08637],[82.09746,17.08637],[82.09746,17.08619],[82.09756,17.08619],[82.09756,17.0861],[82.09774,17.08601],[82.09774,17.08592],[82.09765,17.08592],[82.09765,17.08565],[82.09821,17.08565],[82.09821,17.08574],[82.09831,17.08574],[82.09831,17.08592],[82.0984,17.08592],[82.0984,17.08619],[82.09831,17.08619],[82.09831,17.08628],[82.09812,17.08637],[82.09812,17.08646],[82.09822,17.08646],[82.09822,17.08682],[82.09803,17.08682],[82.09803,17.08691],[82.09794,17.08691],[82.09794,17.08719],[82.09803,17.08718],[82.09803,17.08709],[82.09831,17.08709],[82.09831,17.08718],[82.09841,17.08718],[82.09841,17.08727],[82.0986,17.08736],[82.0986,17.08727],[82.09869,17.08727],[82.09869,17.08718],[82.09888,17.08709],[82.09888,17.08673],[82.09869,17.08673],[82.09869,17.08646],[82.0985,17.08637],[82.0985,17.0861],[82.09878,17.0861],[82.09878,17.08619],[82.09887,17.08619],[82.09887,17.08637],[82.09944,17.08636],[82.09944,17.08627],[82.09962,17.08627],[82.09962,17.086],[82.1,17.086],[82.1,17.08609],[82.10019,17.08609],[82.10028,17.08627],[82.10056,17.08627],[82.10056,17.08636],[82.10075,17.08636],[82.10076,17.08681],[82.10085,17.08681],[82.10085,17.0869],[82.10104,17.08699],[82.10104,17.08726],[82.10095,17.08726],[82.10095,17.08744],[82.10076,17.08744],[82.10076,17.08753],[82.10038,17.08753],[82.10029,17.0879],[82.09992,17.0879],[82.09992,17.08781],[82.09963,17.08781],[82.09964,17.08808],[82.09973,17.08808],[82.09973,17.08835],[82.09964,17.08835],[82.09964,17.08853],[82.09973,17.08853],[82.09973,17.08889],[82.09917,17.0889],[82.09917,17.08899],[82.09898,17.08899],[82.09898,17.08908],[82.09851,17.08908]],[[82.09728,17.08782],[82.09757,17.08782],[82.09757,17.08764],[82.09738,17.08764],[82.09728,17.08782]]]},"properties":{"feature_id":"kakinada-00014","belt":"kakinada","district":"","area_ha":9.75,"lon":82.09878,"lat":17.087383,"source":"obia","sensor":"Sentinel-1 RTC (VV), 10 m","season":"2024 kharif","detected":true,"surveyed":false,"likely_block":true}},{"type":"Feature","geometry":{"type":"Polygon","coordinates":[[[82.24353,17.09104],[82.24353,17.09095],[82.24344,17.09095],[82.24334,17.09077],[82.24315,17.09078],[82.24315,17.09059],[82.24306,17.09059],[82.24305,17.09023],[82.24296,17.09023],[82.24296,17.09005],[82.24287,17.09005],[82.24286,17.08978],[82.24277,17.08978],[82.24277,17.08951],[82.24267,17.08951],[82.24267,17.08924],[82.24258,17.08924],[82.24258,17.08897],[82.24239,17.08888],[82.24239,17.08861],[82.24267,17.08861],[82.24267,17.08852],[82.24276,17.08852],[82.24276,17.08798],[82.24295,17.08797],[82.24295,17.08788],[82.24313,17.08788],[82.24313,17.08779],[82.24388,17.08779],[82.24388,17.08788],[82.24417,17.08788],[82.24417,17.08797],[82.24436,17.08797],[82.24445,17.08815],[82.24464,17.08815],[82.24464,17.08824],[82.24483,17.08823],[82.24483,17.08832],[82.24511,17.08832],[82.2452,17.0885],[82.24539,17.0885],[82.24539,17.08859],[82.24558,17.08868],[82.24558,17.08895],[82.24568,17.08895],[82.24568,17.08913],[82.24577,17.08913],[82.24578,17.09049],[82.24569,17.09049],[82.24569,17.09058],[82.2455,17.09058],[82.24541,17.09076],[82.24513,17.09076],[82.24513,17.09085],[82.24456,17.09086],[82.24456,17.09095],[82.24391,17.09095],[82.24391,17.09104],[82.24353,17.09104]]]},"properties":{"feature_id":"kakinada-00015","belt":"kakinada","district":"","area_ha":9.59,"lon":82.244147,"lat":17.089427,"source":"obia","sensor":"Sentinel-1 RTC (VV), 10 m","season":"2024 kharif","detected":true,"surveyed":false,"likely_block":true}},{"type":"Feature","geometry":{"type":"Polygon","coordinates":[[[82.25024,17.06886],[82.25024,17.06868],[82.25015,17.06868],[82.25014,17.06814],[82.25033,17.06814],[82.25033,17.06796],[82.25042,17.06796],[82.25033,17.06741],[82.25061,17.06741],[82.25061,17.0675],[82.2507,17.0675],[82.2507,17.06741],[82.25089,17.06741],[82.25089,17.06732],[82.25098,17.06732],[82.25108,17.06714],[82.25126,17.06714],[82.25126,17.06705],[82.25155,17.06704],[82.25154,17.06695],[82.25164,17.06695],[82.25164,17.06677],[82.25183,17.06677],[82.25182,17.06659],[82.25201,17.06659],[82.25201,17.0665],[82.25258,17.0665],[82.25257,17.06632],[82.25267,17.06631],[82.25267,17.06622],[82.25248,17.06623],[82.25248,17.06604],[82.25201,17.06605],[82.25201,17.06614],[82.25163,17.06623],[82.25163,17.06632],[82.25154,17.06632],[82.25154,17.06641],[82.25135,17.0665],[82.25136,17.06668],[82.25107,17.06669],[82.25107,17.0666],[82.25098,17.0666],[82.25098,17.06633],[82.25079,17.06624],[82.25078,17.06569],[82.25088,17.06569],[82.25088,17.06551],[82.25078,17.06551],[82.25078,17.06524],[82.25088,17.06524],[82.25097,17.06506],[82.25153,17.06497],[82.25153,17.06506],[82.25172,17.06506],[82.25172,17.06515],[82.25181,17.06515],[82.25181,17.06505],[82.25219,17.06505],[82.25219,17.06514],[82.25228,17.06514],[82.25238,17.06532],[82.25257,17.06532],[82.25257,17.06541],[82.25294,17.06541],[82.25294,17.0655],[82.25304,17.0655],[82.25304,17.06577],[82.25295,17.06577],[82.25295,17.06649],[82.25286,17.06649],[82.25286,17.06686],[82.25295,17.06686],[82.25296,17.0674],[82.25305,17.0674],[82.25305,17.06767],[82.25315,17.06767],[82.25315,17.06803],[82.25334,17.06803],[82.25334,17.06812],[82.25362,17.06812],[82.25362,17.06848],[82.25353,17.06848],[82.25344,17.06884],[82.25315,17.06884],[82.25315,17.06866],[82.25297,17.06866],[82.25287,17.06848],[82.25202,17.06849],[82.25202,17.0684],[82.25146,17.06849],[82.25146,17.06858],[82.25127,17.06867],[82.25128,17.06885],[82.25024,17.06886]],[[82.25071,17.06822],[82.2508,17.06822],[82.25089,17.06804],[82.25061,17.06804],[82.25071,17.06822]],[[82.2524,17.06767],[82.25258,17.06767],[82.25258,17.06731],[82.2522,17.06731],[82.25221,17.06758],[82.25239,17.06758],[82.2524,17.06767]],[[82.25248,17.06704],[82.25258,17.06704],[82.25267,17.06686],[82.25248,17.06686],[82.25248,17.06704]]]},"properties":{"feature_id":"kakinada-00016","belt":"kakinada","district":"","area_ha":8.8,"lon":82.251825,"lat":17.067117,"source":"obia","sensor":"Sentinel-1 RTC (VV), 10 m","season":"2024 kharif","detected":true,"surveyed":false,"likely_block":true}},{"type":"Feature","geometry":{"type":"Polygon","coordinates":[[[82.13047,17.04362],[82.13047,17.04353],[82.13019,17.04353],[82.13019,17.04344],[82.13,17.04345],[82.13,17.04336],[82.12991,17.04336],[82.12991,17.04327],[82.12981,17.04327],[82.12981,17.04318],[82.12962,17.04309],[82.12962,17.04254],[82.12972,17.04254],[82.12972,17.04245],[82.12981,17.04245],[82.1299,17.04227],[82.13009,17.04227],[82.13018,17.04209],[82.13037,17.04209],[82.13037,17.042],[82.13046,17.042],[82.13046,17.04191],[82.13065,17.04182],[82.13065,17.041],[82.13055,17.041],[82.13055,17.04055],[82.13074,17.04055],[82.13074,17.04046],[82.13083,17.04046],[82.13083,17.04037],[82.13102,17.04028],[82.13102,17.0401],[82.13111,17.0401],[82.1312,17.03991],[82.13148,17.03991],[82.13149,17.04],[82.13205,17.04],[82.13205,17.04009],[82.13252,17.04009],[82.13252,17.04018],[82.13271,17.04018],[82.13271,17.04027],[82.1328,17.04027],[82.1328,17.04063],[82.13243,17.04063],[82.13233,17.04045],[82.13196,17.04045],[82.13196,17.04054],[82.13186,17.04054],[82.13186,17.04063],[82.13177,17.04063],[82.13177,17.04072],[82.13158,17.04082],[82.13159,17.041],[82.13168,17.041],[82.13177,17.04118],[82.13196,17.04118],[82.13206,17.04136],[82.13243,17.04135],[82.13243,17.04144],[82.1329,17.04144],[82.1329,17.04171],[82.13281,17.04171],[82.13281,17.04189],[82.13272,17.04189],[82.13272,17.04271],[82.13216,17.0428],[82.13207,17.04298],[82.13188,17.04298],[82.13188,17.04307],[82.13179,17.04307],[82.13179,17.04335],[82.13169,17.04335],[82.13169,17.04344],[82.13151,17.04344],[82.13151,17.04353],[82.13132,17.04353],[82.13132,17.04362],[82.13047,17.04362]]]},"properties":{"feature_id":"kakinada-00017","belt":"kakinada","district":"","area_ha":8.35,"lon":82.131319,"lat":17.041957,"source":"obia","sensor":"Sentinel-1 RTC (VV), 10 m","season":"2024 kharif","detected":true,"surveyed":false,"likely_block":true}},{"type":"Feature","geometry":{"type":"Polygon","coordinates":[[[82.28001,16.99773],[82.28001,16.99746],[82.28011,16.99746],[82.2801,16.99728],[82.27982,16.99728],[82.27982,16.99719],[82.27973,16.99719],[82.27973,16.99674],[82.27963,16.99674],[82.27963,16.99656],[82.27954,16.99656],[82.27953,16.99638],[82.27944,16.99638],[82.27944,16.99593],[82.27953,16.99592],[82.27953,16.99556],[82.27944,16.99556],[82.27943,16.99529],[82.27934,16.99529],[82.27934,16.9952],[82.27925,16.9952],[82.27924,16.99502],[82.27915,16.99502],[82.27915,16.99475],[82.27896,16.99466],[82.27896,16.99439],[82.27886,16.99439],[82.27886,16.99412],[82.27877,16.99412],[82.27877,16.99385],[82.27867,16.99385],[82.27866,16.99268],[82.27848,16.99259],[82.27847,16.99241],[82.27838,16.99241],[82.27838,16.99205],[82.27828,16.99205],[82.27828,16.99096],[82.27837,16.99096],[82.27837,16.99069],[82.27846,16.99069],[82.27846,16.98988],[82.27855,16.98988],[82.27855,16.98979],[82.27864,16.98978],[82.27864,16.98969],[82.27883,16.9896],[82.27883,16.98942],[82.27902,16.98933],[82.27902,16.98915],[82.27911,16.98915],[82.27911,16.98906],[82.27939,16.98906],[82.27939,16.98861],[82.27958,16.98851],[82.27957,16.98833],[82.27967,16.98833],[82.27967,16.98815],[82.27976,16.98815],[82.27976,16.98806],[82.28004,16.98806],[82.28005,16.98887],[82.28014,16.98887],[82.28014,16.98905],[82.28024,16.98905],[82.28024,16.98941],[82.27986,16.98942],[82.27986,16.98933],[82.27977,16.98933],[82.27977,16.98942],[82.27958,16.98942],[82.27949,16.98978],[82.2794,16.98978],[82.2794,16.98987],[82.2793,16.98987],[82.2793,16.98996],[82.27912,16.99005],[82.27912,16.99023],[82.27902,16.99023],[82.27902,16.99041],[82.27912,16.99041],[82.27912,16.9906],[82.27921,16.99059],[82.27922,16.99096],[82.27893,16.99096],[82.27894,16.99105],[82.27875,16.99105],[82.27875,16.99132],[82.27856,16.99132],[82.27856,16.99141],[82.27866,16.99141],[82.27866,16.9915],[82.27875,16.9915],[82.27875,16.99141],[82.27913,16.99141],[82.27913,16.9915],[82.27922,16.9915],[82.27922,16.99186],[82.27903,16.99186],[82.27904,16.99195],[82.27922,16.99195],[82.27922,16.99204],[82.27941,16.99204],[82.27941,16.99213],[82.27951,16.99213],[82.27951,16.9924],[82.27932,16.99249],[82.27932,16.99267],[82.27942,16.99267],[82.27942,16.99303],[82.27932,16.99303],[82.27933,16.99312],[82.27942,16.99312],[82.27942,16.9933],[82.27961,16.99339],[82.27961,16.99394],[82.27971,16.99394],[82.27971,16.99412],[82.2798,16.99412],[82.27981,16.99547],[82.28,16.99556],[82.28,16.99619],[82.27991,16.99619],[82.27991,16.99628],[82.2801,16.99637],[82.2801,16.99664],[82.28029,16.99673],[82.28029,16.99691],[82.28038,16.99691],[82.28038,16.997],[82.28067,16.997],[82.28067,16.99709],[82.28076,16.99709],[82.28076,16.99736],[82.28039,16.99737],[82.28039,16.99746],[82.28029,16.99746],[82.2803,16.99773],[82.28001,16.99773]],[[82.27939,16.98924],[82.27949,16.98924],[82.27949,16.98915],[82.27939,16.98915],[82.27939,16.98924]]]},"properties":{"feature_id":"kakinada-00018","belt":"kakinada","district":"","area_ha":8.13,"lon":82.279293,"lat":16.992698,"source":"obia","sensor":"Sentinel-1 RTC (VV), 10 m","season":"2024 kharif","detected":true,"surveyed":false,"likely_block":true}},{"type":"Feature","geometry":{"type":"Polygon","coordinates":[[[82.30239,17.09646],[82.30239,17.09637],[82.30183,17.09637],[82.30183,17.09628],[82.30174,17.09628],[82.30164,17.0961],[82.30145,17.0961],[82.30145,17.09601],[82.30042,17.09602],[82.30041,17.09539],[82.30051,17.09539],[82.30051,17.09521],[82.3006,17.0952],[82.3006,17.09502],[82.30069,17.09502],[82.30069,17.09457],[82.30078,17.09457],[82.30078,17.09448],[82.30097,17.09448],[82.30097,17.09439],[82.30238,17.09438],[82.30238,17.09447],[82.30285,17.09447],[82.30295,17.09465],[82.30313,17.09465],[82.30313,17.09474],[82.30323,17.09474],[82.30332,17.09492],[82.30351,17.09491],[82.30361,17.09509],[82.30379,17.09509],[82.3038,17.09518],[82.30398,17.09527],[82.30399,17.09618],[82.3039,17.09618],[82.3039,17.09627],[82.30361,17.09627],[82.30362,17.09636],[82.30343,17.09636],[82.30343,17.09645],[82.30305,17.09645],[82.30305,17.09636],[82.30286,17.09636],[82.30286,17.09646],[82.30239,17.09646]]]},"properties":{"feature_id":"kakinada-00019","belt":"kakinada","district":"","area_ha":6.8,"lon":82.302216,"lat":17.095424,"source":"obia","sensor":"Sentinel-1 RTC (VV), 10 m","season":"2024 kharif","detected":true,"surveyed":false,"likely_block":true}},{"type":"Feature","geometry":{"type":"Polygon","coordinates":[[[82.29515,17.06813],[82.29515,17.06786],[82.29505,17.06786],[82.29505,17.06768],[82.29487,17.06759],[82.29486,17.06741],[82.29477,17.06741],[82.29477,17.06732],[82.29458,17.06732],[82.29458,17.06723],[82.2943,17.06723],[82.2943,17.06714],[82.2942,17.06714],[82.2942,17.06687],[82.2943,17.06687],[82.29429,17.06642],[82.29439,17.06641],[82.29439,17.06614],[82.29448,17.06614],[82.29448,17.06596],[82.29457,17.06596],[82.29457,17.06587],[82.29467,17.06587],[82.29476,17.06569],[82.29495,17.06569],[82.29495,17.0656],[82.29513,17.06551],[82.29513,17.06533],[82.29532,17.06532],[82.29532,17.06523],[82.29541,17.06523],[82.29541,17.06514],[82.29551,17.06514],[82.29551,17.06505],[82.2956,17.06505],[82.29569,17.06487],[82.29588,17.06487],[82.29597,17.06469],[82.29635,17.06468],[82.29635,17.06523],[82.29645,17.06523],[82.29645,17.06541],[82.29654,17.06541],[82.29654,17.0655],[82.29673,17.06541],[82.29673,17.06522],[82.29682,17.06522],[82.29682,17.06513],[82.2971,17.06513],[82.29711,17.06576],[82.29701,17.06577],[82.29692,17.06595],[82.29673,17.06595],[82.29673,17.06604],[82.29664,17.06604],[82.29664,17.06622],[82.29645,17.06622],[82.29655,17.06694],[82.29646,17.06694],[82.29637,17.06712],[82.29618,17.06713],[82.29618,17.06722],[82.29599,17.06722],[82.29599,17.06731],[82.2959,17.06731],[82.2959,17.06749],[82.2958,17.06749],[82.29571,17.06785],[82.29553,17.06794],[82.29553,17.06812],[82.29515,17.06813]]]},"properties":{"feature_id":"kakinada-00020","belt":"kakinada","district":"","area_ha":6.29,"lon":82.295606,"lat":17.066335,"source":"obia","sensor":"Sentinel-1 RTC (VV), 10 m","season":"2024 kharif","detected":true,"surveyed":false,"likely_block":true}},{"type":"Feature","geometry":{"type":"Polygon","coordinates":[[[82.23974,17.07173],[82.23974,17.07164],[82.23955,17.07155],[82.23955,17.07137],[82.23945,17.07137],[82.23945,17.07073],[82.23935,17.07073],[82.23935,17.07046],[82.23926,17.07046],[82.23926,17.0701],[82.23916,17.0701],[82.23916,17.06974],[82.23907,17.06974],[82.23906,17.06938],[82.23897,17.06938],[82.23897,17.06884],[82.23925,17.06884],[82.23934,17.06866],[82.23972,17.06865],[82.23972,17.06874],[82.23981,17.06874],[82.23981,17.06883],[82.24,17.06883],[82.24,17.06892],[82.24038,17.06892],[82.24038,17.06901],[82.24075,17.06901],[82.24075,17.0691],[82.24085,17.0691],[82.24085,17.06955],[82.24094,17.06955],[82.24095,17.06982],[82.24104,17.06982],[82.24104,17.07009],[82.24114,17.07009],[82.24105,17.07063],[82.24123,17.07063],[82.24123,17.07072],[82.24133,17.07072],[82.24133,17.07154],[82.24086,17.07154],[82.24086,17.07163],[82.24068,17.07163],[82.24068,17.07172],[82.23974,17.07173]]]},"properties":{"feature_id":"kakinada-00021","belt":"kakinada","district":"","area_ha":6.08,"lon":82.240143,"lat":17.070246,"source":"obia","sensor":"Sentinel-1 RTC (VV), 10 m","season":"2024 kharif","detected":true,"surveyed":false,"likely_block":true}},{"type":"Feature","geometry":{"type":"Polygon","coordinates":[[[82.2002,17.07459],[82.2002,17.07449],[82.19973,17.0745],[82.19973,17.07441],[82.19926,17.07441],[82.19925,17.07432],[82.19897,17.07432],[82.19897,17.07423],[82.1985,17.07423],[82.1985,17.07414],[82.19822,17.07414],[82.19822,17.07342],[82.19831,17.07342],[82.19831,17.07297],[82.1984,17.07297],[82.1984,17.07288],[82.19849,17.07288],[82.19849,17.07279],[82.19859,17.07279],[82.19868,17.07261],[82.19924,17.0726],[82.19924,17.07251],[82.1999,17.07251],[82.1999,17.0726],[82.20037,17.0726],[82.20037,17.07269],[82.20075,17.07268],[82.20075,17.07277],[82.20084,17.07277],[82.20084,17.07286],[82.20103,17.07295],[82.20103,17.07341],[82.20113,17.0734],[82.20113,17.07377],[82.20104,17.07377],[82.20104,17.07413],[82.20095,17.07413],[82.20095,17.0744],[82.20085,17.0744],[82.20085,17.07458],[82.2002,17.07459]]]},"properties":{"feature_id":"kakinada-00022","belt":"kakinada","district":"","area_ha":5.73,"lon":82.199706,"lat":17.07353,"source":"obia","sensor":"Sentinel-1 RTC (VV), 10 m","season":"2024 kharif","detected":true,"surveyed":false,"likely_block":true}},{"type":"Feature","geometry":{"type":"Polygon","coordinates":[[[82.26911,16.94032],[82.26911,16.94023],[82.26892,16.94023],[82.26892,16.94014],[82.26883,16.94014],[82.26882,16.93996],[82.26864,16.93987],[82.26863,16.9396],[82.26845,16.93951],[82.26844,16.93924],[82.26854,16.93924],[82.26854,16.93906],[82.26844,16.93906],[82.26835,16.93924],[82.26807,16.93924],[82.26807,16.93906],[82.26779,16.93906],[82.26778,16.93897],[82.2676,16.93888],[82.2676,16.9387],[82.2675,16.9387],[82.2675,16.93861],[82.26731,16.93861],[82.26731,16.9387],[82.26703,16.9387],[82.26703,16.93834],[82.2674,16.93834],[82.2674,16.93807],[82.2675,16.93807],[82.2675,16.93798],[82.26731,16.93789],[82.26731,16.93762],[82.26721,16.93762],[82.26721,16.93753],[82.26731,16.93753],[82.2673,16.93735],[82.2674,16.93735],[82.2674,16.93744],[82.26759,16.93743],[82.26759,16.93734],[82.26787,16.93734],[82.26787,16.93716],[82.26815,16.93716],[82.26815,16.93707],[82.26787,16.93707],[82.26786,16.93671],[82.26815,16.93671],[82.26815,16.9368],[82.26824,16.9368],[82.26833,16.93698],[82.26852,16.93698],[82.26852,16.93707],[82.26843,16.93707],[82.26843,16.93725],[82.26852,16.93725],[82.26852,16.93734],[82.26871,16.93725],[82.26871,16.93707],[82.26899,16.93706],[82.26899,16.93725],[82.26937,16.93724],[82.26937,16.93733],[82.26946,16.93733],[82.26947,16.93769],[82.26928,16.9377],[82.26928,16.93779],[82.26937,16.93779],[82.26947,16.93797],[82.26984,16.93805],[82.26985,16.93842],[82.26966,16.93851],[82.26966,16.9386],[82.26975,16.9386],[82.26976,16.93887],[82.26966,16.93887],[82.26966,16.93896],[82.26947,16.93896],[82.26948,16.9395],[82.26938,16.9395],[82.26939,16.93995],[82.26929,16.93995],[82.26929,16.94005],[82.26939,16.94004],[82.26939,16.94032],[82.26911,16.94032]],[[82.26891,16.93923],[82.2691,16.93923],[82.2691,16.93914],[82.26919,16.93914],[82.26919,16.93896],[82.26929,16.93896],[82.26928,16.93842],[82.26881,16.93842],[82.26881,16.93851],[82.26863,16.93851],[82.26863,16.93869],[82.26853,16.93869],[82.26853,16.93878],[82.26863,16.93878],[82.26863,16.93906],[82.26882,16.93905],[82.26891,16.93923]]]},"properties":{"feature_id":"kakinada-00023","belt":"kakinada","district":"","area_ha":5.71,"lon":82.268537,"lat":16.938339,"source":"obia","sensor":"Sentinel-1 RTC (VV), 10 m","season":"2024 kharif","detected":true,"surveyed":false,"likely_block":true}},{"type":"Feature","geometry":{"type":"Polygon","coordinates":[[[82.13929,17.08768],[82.13929,17.08732],[82.13948,17.08732],[82.13948,17.08723],[82.13957,17.08723],[82.13957,17.08705],[82.13976,17.08695],[82.13976,17.08677],[82.13994,17.08668],[82.13994,17.08596],[82.13984,17.08596],[82.13984,17.08569],[82.13994,17.08569],[82.13994,17.0856],[82.14041,17.08559],[82.14041,17.08569],[82.1405,17.08568],[82.1405,17.08578],[82.14059,17.08577],[82.1406,17.08587],[82.14069,17.08586],[82.14078,17.08604],[82.14135,17.08604],[82.14135,17.08595],[82.14163,17.08595],[82.14163,17.08586],[82.14182,17.08586],[82.14182,17.08577],[82.14219,17.08577],[82.14219,17.08568],[82.14276,17.08567],[82.14276,17.08576],[82.14313,17.08576],[82.14313,17.08585],[82.14323,17.08585],[82.14323,17.0863],[82.14285,17.08639],[82.14276,17.08658],[82.14239,17.08658],[82.14239,17.08667],[82.1422,17.08667],[82.1422,17.08676],[82.14201,17.08676],[82.14201,17.08685],[82.14173,17.08685],[82.14173,17.08694],[82.14154,17.08694],[82.14154,17.08703],[82.14135,17.08704],[82.14135,17.08713],[82.14117,17.08713],[82.14117,17.08722],[82.14089,17.08722],[82.14089,17.08731],[82.1406,17.08731],[82.1406,17.0874],[82.14032,17.0874],[82.14032,17.08749],[82.14004,17.08749],[82.14004,17.08759],[82.13957,17.08759],[82.13957,17.08768],[82.13929,17.08768]]]},"properties":{"feature_id":"kakinada-00024","belt":"kakinada","district":"","area_ha":4.97,"lon":82.141128,"lat":17.086509,"source":"obia","sensor":"Sentinel-1 RTC (VV), 10 m","season":"2024 kharif","detected":true,"surveyed":false,"likely_block":false}},{"type":"Feature","geometry":{"type":"Polygon","coordinates":[[[82.11156,17.11739],[82.11156,17.1173],[82.11109,17.1173],[82.11109,17.11721],[82.11043,17.11721],[82.11043,17.11712],[82.11024,17.11703],[82.11024,17.11667],[82.11005,17.11658],[82.11005,17.11622],[82.11033,17.11622],[82.11033,17.11613],[82.11042,17.11613],[82.11042,17.11586],[82.11051,17.11586],[82.11051,17.11568],[82.11061,17.11568],[82.1107,17.1155],[82.11107,17.1154],[82.11107,17.11531],[82.11136,17.11531],[82.11136,17.1154],[82.11154,17.1154],[82.11154,17.11549],[82.11173,17.11549],[82.11173,17.1154],[82.1122,17.1154],[82.1122,17.11549],[82.11239,17.11558],[82.11239,17.11576],[82.11258,17.11585],[82.11258,17.11612],[82.11268,17.11612],[82.11268,17.1163],[82.11277,17.1163],[82.11278,17.11693],[82.11268,17.11693],[82.11268,17.11711],[82.11259,17.11711],[82.11259,17.1172],[82.1124,17.1172],[82.1124,17.11729],[82.11193,17.1173],[82.11193,17.11739],[82.11156,17.11739]],[[82.11174,17.11621],[82.11192,17.11612],[82.11192,17.11576],[82.11155,17.11576],[82.11155,17.11612],[82.11174,17.11612],[82.11174,17.11621]]]},"properties":{"feature_id":"kakinada-00025","belt":"kakinada","district":"","area_ha":4.85,"lon":82.111471,"lat":17.116414,"source":"obia","sensor":"Sentinel-1 RTC (VV), 10 m","season":"2024 kharif","detected":true,"surveyed":false,"likely_block":false}},{"type":"Feature","geometry":{"type":"Polygon","coordinates":[[[82.10576,17.0114],[82.10576,17.01131],[82.10567,17.01131],[82.10557,17.01113],[82.10539,17.01113],[82.10538,17.01077],[82.10529,17.01077],[82.10519,17.01059],[82.10501,17.01059],[82.10501,17.0105],[82.10491,17.0105],[82.10491,17.01041],[82.10472,17.01032],[82.10472,17.01005],[82.10463,17.01005],[82.10463,17.00996],[82.10434,17.00996],[82.10434,17.00969],[82.10425,17.00969],[82.10415,17.00951],[82.10378,17.00952],[82.10378,17.00943],[82.10359,17.00934],[82.10359,17.00907],[82.1034,17.00907],[82.10331,17.00889],[82.10302,17.00889],[82.10302,17.0088],[82.10283,17.00871],[82.10283,17.0078],[82.10274,17.0078],[82.10273,17.00753],[82.10302,17.00753],[82.10302,17.00762],[82.10339,17.00771],[82.10349,17.00789],[82.10396,17.00789],[82.10396,17.00798],[82.10405,17.00798],[82.10405,17.00807],[82.10424,17.00807],[82.10424,17.00825],[82.10433,17.00825],[82.10434,17.00834],[82.10443,17.00834],[82.10443,17.00843],[82.10452,17.00843],[82.10452,17.00852],[82.10462,17.00852],[82.10462,17.00861],[82.10481,17.0087],[82.10481,17.00897],[82.105,17.00906],[82.105,17.00924],[82.10509,17.00924],[82.10519,17.0096],[82.10538,17.00969],[82.10538,17.01005],[82.10547,17.01005],[82.10547,17.01014],[82.10566,17.01023],[82.10566,17.01059],[82.10576,17.01059],[82.10576,17.01068],[82.10595,17.01077],[82.10595,17.01104],[82.10604,17.01104],[82.10604,17.0114],[82.10576,17.0114]]]},"properties":{"feature_id":"kakinada-00026","belt":"kakinada","district":"","area_ha":4.77,"lon":82.104304,"lat":17.00921,"source":"obia","sensor":"Sentinel-1 RTC (VV), 10 m","season":"2024 kharif","detected":true,"surveyed":false,"likely_block":false}},{"type":"Feature","geometry":{"type":"Polygon","coordinates":[[[82.28018,17.07735],[82.28008,17.07717],[82.2799,17.07717],[82.27989,17.0769],[82.28027,17.0769],[82.28027,17.07681],[82.28074,17.0768],[82.28083,17.07626],[82.28064,17.07626],[82.28064,17.07617],[82.27998,17.07618],[82.27998,17.07627],[82.2798,17.07627],[82.2798,17.07636],[82.27952,17.07636],[82.27951,17.07609],[82.2797,17.07609],[82.2797,17.07591],[82.27979,17.07591],[82.27989,17.07572],[82.28007,17.07572],[82.28017,17.07554],[82.28036,17.07554],[82.28035,17.07527],[82.28045,17.07527],[82.28054,17.07509],[82.28082,17.07509],[82.28082,17.07527],[82.28092,17.07527],[82.28092,17.07554],[82.28083,17.07554],[82.28083,17.07572],[82.28092,17.07572],[82.28092,17.07581],[82.2812,17.07581],[82.2812,17.07563],[82.28111,17.07563],[82.28111,17.07536],[82.28148,17.07535],[82.28148,17.07553],[82.28158,17.07553],[82.28158,17.07544],[82.28167,17.07544],[82.28176,17.07526],[82.28204,17.07526],[82.28214,17.07562],[82.28224,17.07562],[82.28224,17.07571],[82.28242,17.07571],[82.28243,17.07598],[82.28252,17.07598],[82.28252,17.07634],[82.28233,17.07634],[82.28234,17.07661],[82.28215,17.0767],[82.28215,17.07698],[82.28196,17.07698],[82.28196,17.07707],[82.28178,17.07707],[82.28178,17.07716],[82.28121,17.07716],[82.28121,17.07725],[82.28084,17.07726],[82.28084,17.07735],[82.28018,17.07735]],[[82.28177,17.07598],[82.28186,17.07598],[82.28186,17.07589],[82.28177,17.07589],[82.28177,17.07598]],[[82.28045,17.07572],[82.28054,17.07572],[82.28054,17.07554],[82.28045,17.07554],[82.28045,17.07572]]]},"properties":{"feature_id":"kakinada-00027","belt":"kakinada","district":"","area_ha":4.54,"lon":82.28116,"lat":17.076258,"source":"obia","sensor":"Sentinel-1 RTC (VV), 10 m","season":"2024 kharif","detected":true,"surveyed":false,"likely_block":false}},{"type":"Feature","geometry":{"type":"Polygon","coordinates":[[[82.18112,17.08979],[82.18112,17.0897],[82.18093,17.0897],[82.18093,17.08961],[82.18084,17.08961],[82.18084,17.08952],[82.18065,17.08952],[82.18065,17.08943],[82.18009,17.08943],[82.18008,17.08853],[82.18017,17.08853],[82.18017,17.08844],[82.18036,17.08844],[82.18036,17.08835],[82.18083,17.08835],[82.18083,17.08826],[82.18186,17.08825],[82.18187,17.08834],[82.18215,17.08834],[82.18215,17.08843],[82.18252,17.08843],[82.18252,17.08852],[82.18281,17.08852],[82.18281,17.08861],[82.1829,17.08861],[82.18291,17.08933],[82.18309,17.08942],[82.1831,17.08969],[82.18291,17.08969],[82.18291,17.08978],[82.18112,17.08979]]]},"properties":{"feature_id":"kakinada-00028","belt":"kakinada","district":"","area_ha":4.47,"lon":82.181568,"lat":17.089035,"source":"obia","sensor":"Sentinel-1 RTC (VV), 10 m","season":"2024 kharif","detected":true,"surveyed":false,"likely_block":false}},{"type":"Feature","geometry":{"type":"Polygon","coordinates":[[[82.27731,17.001],[82.27731,17.00091],[82.27712,17.00082],[82.27712,17.00064],[82.27693,17.00055],[82.27693,17.00037],[82.27674,17.00037],[82.27674,17.00028],[82.27665,17.00028],[82.27665,17.0001],[82.27655,17.0001],[82.27655,16.99983],[82.27636,16.99983],[82.27636,16.99974],[82.27627,16.99974],[82.27617,16.99938],[82.27608,16.99938],[82.27608,16.99929],[82.27589,16.9992],[82.27589,16.99902],[82.2758,16.99902],[82.27579,16.99866],[82.27589,16.99866],[82.27589,16.99848],[82.27579,16.99848],[82.27579,16.99776],[82.27588,16.99776],[82.27588,16.99766],[82.27607,16.99766],[82.27607,16.99748],[82.27663,16.99748],[82.27663,16.99739],[82.27691,16.99739],[82.27691,16.99766],[82.27701,16.99766],[82.27701,16.9982],[82.27711,16.9982],[82.27711,16.99838],[82.2772,16.99838],[82.2772,16.99883],[82.2773,16.99883],[82.2773,16.99946],[82.2774,16.99946],[82.2774,16.99982],[82.27749,16.99982],[82.2775,17.00046],[82.27759,17.00046],[82.27759,17.00064],[82.27769,17.00064],[82.27769,17.001],[82.27731,17.001]]]},"properties":{"feature_id":"kakinada-00029","belt":"kakinada","district":"","area_ha":4.44,"lon":82.276693,"lat":16.999025,"source":"obia","sensor":"Sentinel-1 RTC (VV), 10 m","season":"2024 kharif","detected":true,"surveyed":false,"likely_block":false}},{"type":"Feature","geometry":{"type":"Polygon","coordinates":[[[82.1328,17.03954],[82.1328,17.03945],[82.13261,17.03945],[82.13261,17.03936],[82.13195,17.03937],[82.13195,17.03946],[82.13111,17.03946],[82.13111,17.03928],[82.13101,17.03928],[82.13101,17.03919],[82.13082,17.03919],[82.13082,17.03865],[82.13073,17.03865],[82.13072,17.03847],[82.13063,17.03847],[82.13063,17.03802],[82.13072,17.03802],[82.13072,17.03793],[82.13128,17.03793],[82.13129,17.03802],[82.13138,17.03802],[82.13147,17.0382],[82.13157,17.03819],[82.13157,17.0381],[82.13213,17.0381],[82.13213,17.03801],[82.13288,17.03801],[82.13288,17.0381],[82.13307,17.0381],[82.13307,17.03819],[82.13317,17.03819],[82.13317,17.03873],[82.13307,17.03873],[82.13308,17.03954],[82.1328,17.03954]]]},"properties":{"feature_id":"kakinada-00030","belt":"kakinada","district":"","area_ha":3.85,"lon":82.131935,"lat":17.038705,"source":"obia","sensor":"Sentinel-1 RTC (VV), 10 m","season":"2024 kharif","detected":true,"surveyed":false,"likely_block":false}},{"type":"Feature","geometry":{"type":"Polygon","coordinates":[[[82.2278,17.08508],[82.2277,17.0849],[82.22751,17.08491],[82.22751,17.085],[82.22723,17.085],[82.22723,17.08491],[82.22714,17.08491],[82.22714,17.085],[82.22676,17.085],[82.22676,17.08491],[82.22648,17.08491],[82.22639,17.08473],[82.2262,17.08473],[82.2262,17.08455],[82.2261,17.08455],[82.2261,17.08446],[82.22591,17.08446],[82.22591,17.08419],[82.22582,17.08419],[82.22582,17.08383],[82.22591,17.08383],[82.226,17.08365],[82.22675,17.08364],[82.22675,17.08374],[82.22732,17.08382],[82.22732,17.08391],[82.22751,17.08391],[82.22751,17.084],[82.2277,17.084],[82.2277,17.08391],[82.22807,17.08391],[82.22807,17.084],[82.22817,17.084],[82.22826,17.08418],[82.22854,17.08418],[82.22864,17.08454],[82.22883,17.08454],[82.22883,17.0849],[82.22855,17.0849],[82.22855,17.08481],[82.22836,17.08481],[82.22827,17.08499],[82.22808,17.08499],[82.22808,17.08508],[82.2278,17.08508]]]},"properties":{"feature_id":"kakinada-00031","belt":"kakinada","district":"","area_ha":3.42,"lon":82.22723,"lat":17.084376,"source":"obia","sensor":"Sentinel-1 RTC (VV), 10 m","season":"2024 kharif","detected":true,"surveyed":false,"likely_block":false}},{"type":"Feature","geometry":{"type":"Polygon","coordinates":[[[82.13377,17.09232],[82.13377,17.09223],[82.13368,17.09223],[82.13368,17.09205],[82.13349,17.09205],[82.13349,17.09187],[82.1333,17.09178],[82.1332,17.09142],[82.13311,17.09142],[82.13302,17.0916],[82.13264,17.09169],[82.13264,17.09178],[82.13236,17.09179],[82.13236,17.09142],[82.13255,17.09133],[82.13254,17.09106],[82.13273,17.09106],[82.13273,17.09079],[82.13283,17.09079],[82.13282,17.0907],[82.13301,17.0907],[82.13301,17.09061],[82.13367,17.0906],[82.13367,17.09078],[82.13461,17.09069],[82.13461,17.09078],[82.1347,17.09078],[82.13471,17.09096],[82.1348,17.09096],[82.1348,17.09123],[82.1349,17.09123],[82.1349,17.09159],[82.13452,17.09168],[82.13452,17.09177],[82.13443,17.09177],[82.13443,17.09186],[82.13424,17.09196],[82.13424,17.09232],[82.13377,17.09232]]]},"properties":{"feature_id":"kakinada-00032","belt":"kakinada","district":"","area_ha":3.16,"lon":82.133712,"lat":17.091343,"source":"obia","sensor":"Sentinel-1 RTC (VV), 10 m","season":"2024 kharif","detected":true,"surveyed":false,"likely_block":false}},{"type":"Feature","geometry":{"type":"Polygon","coordinates":[[[82.29867,17.08754],[82.29867,17.08726],[82.29848,17.08717],[82.29848,17.08699],[82.29829,17.087],[82.29829,17.0869],[82.2981,17.08682],[82.2981,17.08645],[82.29819,17.08645],[82.29819,17.08627],[82.29828,17.08627],[82.29828,17.08618],[82.29866,17.08618],[82.29875,17.08636],[82.29904,17.08636],[82.29904,17.08645],[82.29922,17.08645],[82.29922,17.08636],[82.29941,17.08636],[82.29941,17.08626],[82.2996,17.08617],[82.2996,17.08599],[82.29969,17.08599],[82.29969,17.0859],[82.2996,17.0859],[82.29959,17.08554],[82.30016,17.08554],[82.30016,17.08563],[82.30044,17.08563],[82.30044,17.08572],[82.30063,17.08571],[82.30063,17.0859],[82.30072,17.0859],[82.30073,17.08617],[82.30054,17.08617],[82.30054,17.08635],[82.30026,17.08635],[82.30026,17.08644],[82.30007,17.08653],[82.30007,17.08671],[82.29998,17.08671],[82.29989,17.08708],[82.2997,17.08717],[82.2997,17.08735],[82.29951,17.08735],[82.29951,17.08744],[82.29923,17.08744],[82.29923,17.08753],[82.29867,17.08754]]]},"properties":{"feature_id":"kakinada-00033","belt":"kakinada","district":"","area_ha":3.12,"lon":82.299389,"lat":17.086561,"source":"obia","sensor":"Sentinel-1 RTC (VV), 10 m","season":"2024 kharif","detected":true,"surveyed":false,"likely_block":false}},{"type":"Feature","geometry":{"type":"Polygon","coordinates":[[[82.2122,17.07126],[82.2122,17.0709],[82.21229,17.0709],[82.21229,17.07045],[82.21295,17.07044],[82.21295,17.07035],[82.21398,17.07035],[82.21398,17.07026],[82.21445,17.07025],[82.21445,17.07034],[82.21455,17.07034],[82.21455,17.07025],[82.2153,17.07025],[82.2153,17.07043],[82.21539,17.07043],[82.2154,17.07106],[82.2153,17.07106],[82.2153,17.07115],[82.21277,17.07117],[82.21277,17.07126],[82.2122,17.07126]]]},"properties":{"feature_id":"kakinada-00034","belt":"kakinada","district":"","area_ha":3.1,"lon":82.213854,"lat":17.070754,"source":"obia","sensor":"Sentinel-1 RTC (VV), 10 m","season":"2024 kharif","detected":true,"surveyed":false,"likely_block":false}},{"type":"Feature","geometry":{"type":"Polygon","coordinates":[[[82.15756,16.98635],[82.15755,16.98581],[82.15765,16.98581],[82.15764,16.98545],[82.15774,16.98545],[82.15773,16.9849],[82.15783,16.9849],[82.15783,16.98481],[82.15802,16.98481],[82.15802,16.98472],[82.15914,16.98462],[82.15914,16.98472],[82.15924,16.98471],[82.15924,16.98517],[82.15933,16.98517],[82.15934,16.98571],[82.15943,16.98571],[82.15943,16.98607],[82.15896,16.98607],[82.15896,16.98616],[82.1584,16.98617],[82.1584,16.98626],[82.15802,16.98626],[82.15803,16.98635],[82.15756,16.98635]]]},"properties":{"feature_id":"kakinada-00035","belt":"kakinada","district":"","area_ha":2.95,"lon":82.158476,"lat":16.985496,"source":"obia","sensor":"Sentinel-1 RTC (VV), 10 m","season":"2024 kharif","detected":true,"surveyed":false,"likely_block":false}},{"type":"Feature","geometry":{"type":"Polygon","coordinates":[[[82.23179,16.9626],[82.23179,16.96251],[82.23169,16.96251],[82.23169,16.96224],[82.2316,16.96224],[82.2316,16.96206],[82.23141,16.96206],[82.2314,16.96143],[82.2315,16.96143],[82.2315,16.96133],[82.23178,16.96133],[82.23178,16.96106],[82.23206,16.96106],[82.23206,16.96115],[82.23215,16.96115],[82.23216,16.96133],[82.23253,16.96133],[82.23253,16.96115],[82.23262,16.96115],[82.23272,16.96097],[82.23328,16.96096],[82.23328,16.96105],[82.23347,16.96105],[82.23347,16.96177],[82.2331,16.96178],[82.2331,16.96214],[82.23301,16.96214],[82.23301,16.96232],[82.23291,16.96232],[82.23291,16.96241],[82.23244,16.96241],[82.23244,16.9625],[82.23207,16.96251],[82.23207,16.9626],[82.23179,16.9626]]]},"properties":{"feature_id":"kakinada-00036","belt":"kakinada","district":"","area_ha":2.78,"lon":82.232419,"lat":16.961739,"source":"obia","sensor":"Sentinel-1 RTC (VV), 10 m","season":"2024 kharif","detected":true,"surveyed":false,"likely_block":false}},{"type":"Feature","geometry":{"type":"Polygon","coordinates":[[[82.21558,17.0697],[82.21557,17.06961],[82.21548,17.06961],[82.21548,17.06898],[82.21538,17.06898],[82.21538,17.06853],[82.21557,17.06853],[82.21557,17.06844],[82.21585,17.06844],[82.21585,17.06835],[82.21604,17.06835],[82.21604,17.06825],[82.2166,17.06825],[82.2166,17.06816],[82.21707,17.06816],[82.21707,17.0687],[82.21717,17.0687],[82.21717,17.06915],[82.21726,17.06915],[82.21727,17.06951],[82.21689,17.06951],[82.21689,17.06961],[82.21633,17.06961],[82.21633,17.0697],[82.21558,17.0697]]]},"properties":{"feature_id":"kakinada-00037","belt":"kakinada","district":"","area_ha":2.73,"lon":82.21632,"lat":17.068966,"source":"obia","sensor":"Sentinel-1 RTC (VV), 10 m","season":"2024 kharif","detected":true,"surveyed":false,"likely_block":false}},{"type":"Feature","geometry":{"type":"Polygon","coordinates":[[[82.2688,16.99202],[82.2688,16.99183],[82.26861,16.99184],[82.26861,16.99165],[82.26842,16.99157],[82.26841,16.99084],[82.2686,16.99084],[82.2686,16.99075],[82.26879,16.99075],[82.26879,16.99066],[82.26935,16.99075],[82.26944,16.99038],[82.26935,16.99039],[82.26935,16.99029],[82.26916,16.9903],[82.26916,16.98984],[82.26925,16.98984],[82.26925,16.98975],[82.26953,16.98975],[82.26954,16.98993],[82.26963,16.98993],[82.26963,16.99029],[82.26973,16.99029],[82.26973,16.99065],[82.26963,16.99065],[82.26963,16.99074],[82.26973,16.99074],[82.26973,16.99083],[82.26992,16.99083],[82.26992,16.9911],[82.27011,16.9911],[82.27011,16.99174],[82.27002,16.99174],[82.27002,16.99192],[82.26992,16.99192],[82.26993,16.99201],[82.2688,16.99202]],[[82.26917,16.99111],[82.26926,16.99111],[82.26926,16.99102],[82.26917,16.99102],[82.26917,16.99111]]]},"properties":{"feature_id":"kakinada-00038","belt":"kakinada","district":"","area_ha":2.69,"lon":82.269292,"lat":16.991177,"source":"obia","sensor":"Sentinel-1 RTC (VV), 10 m","season":"2024 kharif","detected":true,"surveyed":false,"likely_block":false}},{"type":"Feature","geometry":{"type":"Polygon","coordinates":[[[82.23787,17.07355],[82.23787,17.07336],[82.23777,17.07337],[82.23777,17.073],[82.23768,17.073],[82.23768,17.07273],[82.23758,17.07273],[82.23758,17.07255],[82.23749,17.07255],[82.23749,17.07237],[82.23739,17.07237],[82.23739,17.07183],[82.23748,17.07183],[82.23748,17.07174],[82.23795,17.07174],[82.23795,17.07165],[82.23823,17.07165],[82.23823,17.07155],[82.23917,17.07155],[82.23917,17.07164],[82.23927,17.07164],[82.23927,17.072],[82.23908,17.072],[82.23908,17.07209],[82.23889,17.07209],[82.23889,17.07218],[82.23871,17.07218],[82.23871,17.07228],[82.23861,17.07228],[82.23862,17.07327],[82.23853,17.07327],[82.23853,17.07345],[82.23834,17.07345],[82.23834,17.07354],[82.23787,17.07355]]]},"properties":{"feature_id":"kakinada-00039","belt":"kakinada","district":"","area_ha":2.67,"lon":82.238222,"lat":17.072391,"source":"obia","sensor":"Sentinel-1 RTC (VV), 10 m","season":"2024 kharif","detected":true,"surveyed":false,"likely_block":false}},{"type":"Feature","geometry":{"type":"Polygon","coordinates":[[[82.15882,16.97731],[82.15881,16.97694],[82.15891,16.97694],[82.159,16.97676],[82.15919,16.97676],[82.15919,16.97667],[82.15937,16.97658],[82.15937,16.9764],[82.15947,16.9764],[82.15947,16.97631],[82.15965,16.97631],[82.15965,16.97613],[82.15975,16.97613],[82.15975,16.97604],[82.15993,16.97603],[82.15993,16.97585],[82.16012,16.97585],[82.16021,16.97567],[82.1604,16.97567],[82.1604,16.97558],[82.16059,16.97549],[82.16059,16.97531],[82.16068,16.97531],[82.16068,16.97522],[82.16087,16.97522],[82.16087,16.97513],[82.16096,16.97512],[82.16096,16.97503],[82.16106,16.97503],[82.16115,16.97485],[82.16143,16.97485],[82.16143,16.97557],[82.16134,16.97557],[82.16134,16.97576],[82.16125,16.97576],[82.16125,16.97603],[82.16116,16.97603],[82.16116,16.97621],[82.16106,16.97621],[82.16097,16.97639],[82.1605,16.97639],[82.1605,16.97648],[82.16031,16.97648],[82.16031,16.97657],[82.16003,16.97658],[82.15994,16.97676],[82.15975,16.97676],[82.15966,16.97694],[82.15947,16.97694],[82.15947,16.97703],[82.15938,16.97703],[82.15928,16.97721],[82.1591,16.97721],[82.1591,16.9773],[82.15882,16.97731]]]},"properties":{"feature_id":"kakinada-00040","belt":"kakinada","district":"","area_ha":2.53,"lon":82.160333,"lat":16.976085,"source":"obia","sensor":"Sentinel-1 RTC (VV), 10 m","season":"2024 kharif","detected":true,"surveyed":false,"likely_block":false}},{"type":"Feature","geometry":{"type":"Polygon","coordinates":[[[82.10595,17.09175],[82.10595,17.09166],[82.10586,17.09166],[82.10586,17.09139],[82.10576,17.09139],[82.10576,17.09094],[82.10567,17.09094],[82.10566,17.09031],[82.10594,17.0903],[82.10594,17.09021],[82.1066,17.09021],[82.1066,17.09012],[82.10717,17.09012],[82.10717,17.09102],[82.10726,17.09102],[82.10727,17.09138],[82.10708,17.09138],[82.10699,17.09156],[82.10661,17.09157],[82.10661,17.09166],[82.10623,17.09166],[82.10624,17.09175],[82.10595,17.09175]]]},"properties":{"feature_id":"kakinada-00041","belt":"kakinada","district":"","area_ha":2.46,"lon":82.106457,"lat":17.090896,"source":"obia","sensor":"Sentinel-1 RTC (VV), 10 m","season":"2024 kharif","detected":true,"surveyed":false,"likely_block":false}},{"type":"Feature","geometry":{"type":"Polygon","coordinates":[[[82.2136,17.0699],[82.2136,17.06944],[82.21351,17.06944],[82.2135,17.06881],[82.2136,17.06881],[82.2136,17.06872],[82.21416,17.06872],[82.21416,17.06863],[82.21463,17.06862],[82.21463,17.06853],[82.215,17.06853],[82.21501,17.0688],[82.2151,17.0688],[82.2151,17.06916],[82.2152,17.06916],[82.2152,17.0698],[82.21492,17.0698],[82.21492,17.06989],[82.2136,17.0699]]]},"properties":{"feature_id":"kakinada-00042","belt":"kakinada","district":"","area_ha":2.32,"lon":82.214359,"lat":17.069265,"source":"obia","sensor":"Sentinel-1 RTC (VV), 10 m","season":"2024 kharif","detected":true,"surveyed":false,"likely_block":false}},{"type":"Feature","geometry":{"type":"Polygon","coordinates":[[[82.24513,16.93577],[82.24513,16.93549],[82.24504,16.93549],[82.24503,16.93477],[82.24513,16.93477],[82.24513,16.93468],[82.24541,16.93468],[82.24541,16.93477],[82.24569,16.93477],[82.24569,16.93468],[82.24597,16.93468],[82.24597,16.93477],[82.24607,16.93477],[82.24607,16.93468],[82.24635,16.93467],[82.24635,16.93476],[82.24654,16.93476],[82.24654,16.93467],[82.2471,16.93467],[82.2471,16.93476],[82.24729,16.93476],[82.24729,16.93503],[82.2472,16.93503],[82.2472,16.93521],[82.2471,16.93521],[82.2471,16.9353],[82.24701,16.9353],[82.24692,16.93548],[82.24635,16.93549],[82.24626,16.93567],[82.24588,16.93567],[82.24589,16.93576],[82.24513,16.93577]]]},"properties":{"feature_id":"kakinada-00043","belt":"kakinada","district":"","area_ha":2.29,"lon":82.246046,"lat":16.935161,"source":"obia","sensor":"Sentinel-1 RTC (VV), 10 m","season":"2024 kharif","detected":true,"surveyed":false,"likely_block":false}},{"type":"Feature","geometry":{"type":"Polygon","coordinates":[[[82.28489,16.96887],[82.28489,16.96878],[82.28461,16.96878],[82.28461,16.9686],[82.28414,16.9686],[82.28414,16.96869],[82.28386,16.96869],[82.28385,16.9686],[82.28292,16.96861],[82.28291,16.96834],[82.28301,16.96834],[82.28301,16.96825],[82.28319,16.96825],[82.28319,16.96816],[82.28357,16.96815],[82.28357,16.96806],[82.28413,16.96806],[82.28413,16.96797],[82.28423,16.96797],[82.28422,16.96779],[82.28432,16.96779],[82.28432,16.9677],[82.28413,16.9677],[82.28413,16.96743],[82.28394,16.96743],[82.28394,16.96716],[82.28422,16.96716],[82.28431,16.96697],[82.28459,16.96697],[82.2846,16.96706],[82.28497,16.96706],[82.28497,16.96715],[82.28507,16.96715],[82.28507,16.96733],[82.28488,16.96733],[82.28488,16.96742],[82.28479,16.96742],[82.28479,16.9676],[82.2846,16.9677],[82.2846,16.96788],[82.28469,16.96788],[82.2847,16.96797],[82.28507,16.96805],[82.28507,16.96851],[82.28489,16.96851],[82.28489,16.9686],[82.28508,16.9686],[82.28508,16.96869],[82.28498,16.96869],[82.28498,16.96887],[82.28489,16.96887]]]},"properties":{"feature_id":"kakinada-00044","belt":"kakinada","district":"","area_ha":2.23,"lon":82.284248,"lat":16.968031,"source":"obia","sensor":"Sentinel-1 RTC (VV), 10 m","season":"2024 kharif","detected":true,"surveyed":false,"likely_block":false}},{"type":"Feature","geometry":{"type":"Polygon","coordinates":[[[82.21211,17.07216],[82.21211,17.07207],[82.21202,17.07207],[82.21202,17.07162],[82.2122,17.07162],[82.2122,17.07153],[82.21343,17.07152],[82.21343,17.07143],[82.21389,17.07143],[82.2139,17.07152],[82.21399,17.07152],[82.21399,17.07143],[82.21512,17.07142],[82.21512,17.07197],[82.21456,17.07197],[82.21456,17.07206],[82.21343,17.07207],[82.21343,17.07216],[82.21211,17.07216]]]},"properties":{"feature_id":"kakinada-00045","belt":"kakinada","district":"","area_ha":2.21,"lon":82.213552,"lat":17.071786,"source":"obia","sensor":"Sentinel-1 RTC (VV), 10 m","season":"2024 kharif","detected":true,"surveyed":false,"likely_block":false}},{"type":"Feature","geometry":{"type":"Polygon","coordinates":[[[82.24307,16.99308],[82.24307,16.99299],[82.24298,16.99299],[82.24297,16.9929],[82.24279,16.99281],[82.24278,16.99245],[82.24288,16.99245],[82.24288,16.99236],[82.24231,16.99227],[82.24231,16.99209],[82.24222,16.99209],[82.24221,16.99155],[82.24212,16.99155],[82.24212,16.9911],[82.24221,16.99109],[82.24221,16.991],[82.2424,16.99091],[82.2424,16.99073],[82.24268,16.99073],[82.24268,16.99082],[82.24277,16.99082],[82.24277,16.991],[82.24287,16.991],[82.24287,16.99127],[82.24306,16.99136],[82.24306,16.99163],[82.24315,16.99163],[82.24316,16.99199],[82.24325,16.99199],[82.24325,16.99226],[82.24316,16.99226],[82.24316,16.99235],[82.24344,16.99235],[82.24344,16.99253],[82.24382,16.99253],[82.24382,16.99262],[82.24391,16.99262],[82.24391,16.99289],[82.24373,16.99289],[82.24373,16.99298],[82.24335,16.99299],[82.24335,16.99308],[82.24307,16.99308]]]},"properties":{"feature_id":"kakinada-00046","belt":"kakinada","district":"","area_ha":2.2,"lon":82.242856,"lat":16.991972,"source":"obia","sensor":"Sentinel-1 RTC (VV), 10 m","season":"2024 kharif","detected":true,"surveyed":false,"likely_block":false}},{"type":"Feature","geometry":{"type":"Polygon","coordinates":[[[82.24088,17.07362],[82.24087,17.07317],[82.24069,17.07308],[82.24068,17.0729],[82.24059,17.0729],[82.24059,17.07281],[82.24012,17.07281],[82.24012,17.07272],[82.23993,17.07263],[82.23993,17.07218],[82.24021,17.07218],[82.24021,17.07209],[82.24068,17.07208],[82.24068,17.07199],[82.24087,17.07199],[82.24087,17.0719],[82.24124,17.0719],[82.24125,17.07244],[82.24134,17.07244],[82.24134,17.07253],[82.24153,17.07262],[82.24153,17.07289],[82.24162,17.07289],[82.24163,17.07307],[82.24172,17.07307],[82.24172,17.07361],[82.24088,17.07362]]]},"properties":{"feature_id":"kakinada-00047","belt":"kakinada","district":"","area_ha":2.1,"lon":82.240917,"lat":17.072737,"source":"obia","sensor":"Sentinel-1 RTC (VV), 10 m","season":"2024 kharif","detected":true,"surveyed":false,"likely_block":false}},{"type":"Feature","geometry":{"type":"Polygon","coordinates":[[[82.26076,16.95619],[82.26076,16.95609],[82.26067,16.9561],[82.26066,16.95465],[82.26057,16.95465],[82.26056,16.95429],[82.26047,16.95429],[82.26047,16.95411],[82.26037,16.95411],[82.26037,16.95384],[82.26028,16.95384],[82.26028,16.95375],[82.26009,16.95366],[82.26009,16.95339],[82.26046,16.95339],[82.26046,16.9533],[82.26074,16.95329],[82.26074,16.95338],[82.26112,16.95338],[82.26112,16.95347],[82.26121,16.95347],[82.26122,16.95374],[82.26112,16.95374],[82.26114,16.95618],[82.26076,16.95619]]]},"properties":{"feature_id":"kakinada-00048","belt":"kakinada","district":"","area_ha":2.04,"lon":82.2608,"lat":16.954528,"source":"obia","sensor":"Sentinel-1 RTC (VV), 10 m","season":"2024 kharif","detected":true,"surveyed":false,"likely_block":false}},{"type":"Feature","geometry":{"type":"Polygon","coordinates":[[[82.12493,17.02702],[82.12492,17.02666],[82.12483,17.02666],[82.12483,17.02639],[82.12473,17.02639],[82.12473,17.0263],[82.12464,17.0263],[82.12454,17.02612],[82.12426,17.02612],[82.12426,17.02567],[82.12417,17.02567],[82.12416,17.02558],[82.12388,17.02558],[82.12388,17.02549],[82.12351,17.0255],[82.12351,17.02541],[82.12332,17.02532],[82.12332,17.02505],[82.12388,17.02504],[82.12388,17.02513],[82.12473,17.02513],[82.12473,17.02522],[82.12482,17.02522],[82.12482,17.02549],[82.12463,17.02549],[82.12464,17.02567],[82.12454,17.02567],[82.12454,17.02576],[82.12464,17.02576],[82.12473,17.02594],[82.12501,17.02594],[82.12501,17.02603],[82.12511,17.02603],[82.1252,17.02621],[82.12595,17.0263],[82.12596,17.02657],[82.12586,17.02657],[82.12577,17.02693],[82.12539,17.02693],[82.12539,17.02684],[82.12521,17.02684],[82.12521,17.02702],[82.12493,17.02702]]]},"properties":{"feature_id":"kakinada-00049","belt":"kakinada","district":"","area_ha":2.02,"lon":82.124721,"lat":17.02598,"source":"obia","sensor":"Sentinel-1 RTC (VV), 10 m","season":"2024 kharif","detected":true,"surveyed":false,"likely_block":false}},{"type":"Feature","geometry":{"type":"Polygon","coordinates":[[[82.24215,16.95296],[82.24215,16.9525],[82.24224,16.9525],[82.24224,16.95232],[82.24233,16.95232],[82.24233,16.95205],[82.24242,16.95205],[82.24242,16.95187],[82.24252,16.95187],[82.24251,16.95151],[82.24261,16.95151],[82.24261,16.95133],[82.2427,16.95133],[82.2427,16.95096],[82.24317,16.95096],[82.24317,16.95105],[82.24336,16.95105],[82.24336,16.95114],[82.24345,16.95114],[82.24345,16.95168],[82.24336,16.95168],[82.24336,16.95186],[82.24317,16.95196],[82.24318,16.95241],[82.24327,16.95241],[82.24327,16.95268],[82.24318,16.95268],[82.24318,16.95286],[82.24281,16.95286],[82.24281,16.95295],[82.24215,16.95296]]]},"properties":{"feature_id":"kakinada-00050","belt":"kakinada","district":"","area_ha":2.02,"lon":82.242837,"lat":16.95202,"source":"obia","sensor":"Sentinel-1 RTC (VV), 10 m","season":"2024 kharif","detected":true,"surveyed":false,"likely_block":false}},{"type":"Feature","geometry":{"type":"Polygon","coordinates":[[[82.10896,16.94866],[82.10896,16.94839],[82.10887,16.94839],[82.10887,16.9483],[82.10802,16.9483],[82.10802,16.94794],[82.10811,16.94794],[82.10821,16.94776],[82.11008,16.94766],[82.11009,16.94784],[82.11018,16.94784],[82.11018,16.94811],[82.11027,16.94811],[82.11028,16.94856],[82.1099,16.94857],[82.1099,16.94866],[82.10896,16.94866]]]},"properties":{"feature_id":"kakinada-00051","belt":"kakinada","district":"","area_ha":1.99,"lon":82.109265,"lat":16.948134,"source":"obia","sensor":"Sentinel-1 RTC (VV), 10 m","season":"2024 kharif","detected":true,"surveyed":false,"likely_block":false}},{"type":"Feature","geometry":{"type":"Polygon","coordinates":[[[82.25654,16.97022],[82.25653,16.96977],[82.25663,16.96977],[82.25662,16.96832],[82.2569,16.96832],[82.2569,16.96886],[82.257,16.96886],[82.257,16.96895],[82.25709,16.96895],[82.25709,16.96904],[82.25719,16.96904],[82.25728,16.96922],[82.25756,16.96922],[82.25756,16.96931],[82.25766,16.96931],[82.25766,16.9694],[82.25775,16.9694],[82.25775,16.96949],[82.25794,16.96958],[82.25794,16.96976],[82.25804,16.96976],[82.25804,16.97003],[82.25794,16.97003],[82.25785,16.97021],[82.25654,16.97022]]]},"properties":{"feature_id":"kakinada-00052","belt":"kakinada","district":"","area_ha":1.91,"lon":82.257153,"lat":16.969563,"source":"obia","sensor":"Sentinel-1 RTC (VV), 10 m","season":"2024 kharif","detected":true,"surveyed":false,"likely_block":false}},{"type":"Feature","geometry":{"type":"Polygon","coordinates":[[[82.13144,17.09405],[82.13143,17.09387],[82.13134,17.09387],[82.13134,17.0936],[82.13124,17.0936],[82.13124,17.09324],[82.13077,17.09324],[82.13077,17.09315],[82.13058,17.09315],[82.13058,17.09279],[82.13049,17.09279],[82.13049,17.09234],[82.13077,17.09234],[82.13086,17.09252],[82.13143,17.0926],[82.13143,17.09269],[82.13152,17.09269],[82.13162,17.09287],[82.1319,17.09287],[82.1319,17.09314],[82.13199,17.09314],[82.13199,17.09305],[82.13227,17.09305],[82.13228,17.09314],[82.13237,17.09314],[82.13237,17.09323],[82.13256,17.09332],[82.13256,17.09359],[82.13247,17.09359],[82.13237,17.09377],[82.13209,17.09378],[82.13209,17.0935],[82.1319,17.09351],[82.1319,17.0936],[82.13181,17.0936],[82.13181,17.09396],[82.13172,17.09396],[82.13172,17.09405],[82.13144,17.09405]],[[82.13181,17.09333],[82.1319,17.09332],[82.1319,17.09323],[82.13181,17.09324],[82.13181,17.09333]]]},"properties":{"feature_id":"kakinada-00053","belt":"kakinada","district":"","area_ha":1.89,"lon":82.131466,"lat":17.093174,"source":"obia","sensor":"Sentinel-1 RTC (VV), 10 m","season":"2024 kharif","detected":true,"surveyed":false,"likely_block":false}},{"type":"Feature","geometry":{"type":"Polygon","coordinates":[[[82.24261,16.92349],[82.24261,16.9234],[82.24242,16.9234],[82.24242,16.92331],[82.24233,16.92331],[82.24233,16.9234],[82.24195,16.9234],[82.24195,16.92295],[82.24205,16.92295],[82.24204,16.92277],[82.24242,16.92277],[82.24251,16.92259],[82.24326,16.92258],[82.24326,16.92249],[82.24392,16.92249],[82.24392,16.92276],[82.24383,16.92276],[82.24383,16.92348],[82.24261,16.92349]]]},"properties":{"feature_id":"kakinada-00054","belt":"kakinada","district":"","area_ha":1.88,"lon":82.243002,"lat":16.923019,"source":"obia","sensor":"Sentinel-1 RTC (VV), 10 m","season":"2024 kharif","detected":true,"surveyed":false,"likely_block":false}},{"type":"Feature","geometry":{"type":"Polygon","coordinates":[[[82.28045,16.99276],[82.28044,16.99203],[82.28035,16.99203],[82.28035,16.99149],[82.28025,16.99149],[82.28025,16.99131],[82.28016,16.99131],[82.28016,16.99104],[82.28025,16.99104],[82.28025,16.99095],[82.28006,16.99086],[82.28006,16.99068],[82.27997,16.99068],[82.27997,16.99059],[82.27987,16.99059],[82.27987,16.99041],[82.27978,16.99041],[82.27977,16.99014],[82.27996,16.99005],[82.28005,16.9895],[82.28033,16.9895],[82.28033,16.98968],[82.28043,16.98968],[82.28044,16.99068],[82.28053,16.99068],[82.28053,16.99113],[82.28063,16.99113],[82.28063,16.99131],[82.28082,16.99131],[82.28082,16.99167],[82.28091,16.99167],[82.28092,16.99275],[82.28045,16.99276]]]},"properties":{"feature_id":"kakinada-00055","belt":"kakinada","district":"","area_ha":1.86,"lon":82.280411,"lat":16.99115,"source":"obia","sensor":"Sentinel-1 RTC (VV), 10 m","season":"2024 kharif","detected":true,"surveyed":false,"likely_block":false}},{"type":"Feature","geometry":{"type":"Polygon","coordinates":[[[82.13068,17.03034],[82.13067,17.03007],[82.13058,17.03007],[82.13058,17.02952],[82.13067,17.02952],[82.13067,17.02934],[82.13076,17.02934],[82.13076,17.02925],[82.13104,17.02925],[82.13104,17.02916],[82.13189,17.02916],[82.13189,17.02925],[82.13198,17.02924],[82.13199,17.02943],[82.13208,17.02943],[82.13208,17.02997],[82.13199,17.02997],[82.13199,17.03015],[82.1318,17.03015],[82.1318,17.03024],[82.13152,17.03024],[82.13152,17.03033],[82.13068,17.03034]]]},"properties":{"feature_id":"kakinada-00056","belt":"kakinada","district":"","area_ha":1.81,"lon":82.131322,"lat":17.029743,"source":"obia","sensor":"Sentinel-1 RTC (VV), 10 m","season":"2024 kharif","detected":true,"surveyed":false,"likely_block":false}},{"type":"Feature","geometry":{"type":"Polygon","coordinates":[[[82.15792,16.98427],[82.15792,16.98373],[82.15801,16.98373],[82.1581,16.98282],[82.15819,16.98282],[82.15819,16.98273],[82.15829,16.98273],[82.15838,16.98255],[82.15875,16.98255],[82.15875,16.98264],[82.15894,16.98273],[82.15895,16.9839],[82.15904,16.9839],[82.15905,16.98417],[82.15886,16.98417],[82.15886,16.98427],[82.15792,16.98427]]]},"properties":{"feature_id":"kakinada-00057","belt":"kakinada","district":"","area_ha":1.81,"lon":82.158488,"lat":16.983492,"source":"obia","sensor":"Sentinel-1 RTC (VV), 10 m","season":"2024 kharif","detected":true,"surveyed":false,"likely_block":false}},{"type":"Feature","geometry":{"type":"Polygon","coordinates":[[[82.12937,17.09479],[82.12937,17.09469],[82.12918,17.0947],[82.12918,17.09424],[82.12927,17.09424],[82.12927,17.09415],[82.12946,17.09406],[82.12946,17.09316],[82.12927,17.09307],[82.12927,17.09262],[82.12955,17.09262],[82.12955,17.09271],[82.12964,17.0927],[82.12964,17.09289],[82.12974,17.09289],[82.12974,17.09298],[82.12983,17.09297],[82.12993,17.09316],[82.13011,17.09315],[82.13012,17.09333],[82.13021,17.09333],[82.13022,17.09451],[82.13012,17.09451],[82.13012,17.0946],[82.12993,17.0946],[82.12994,17.09469],[82.12975,17.09469],[82.12975,17.09478],[82.12937,17.09479]]]},"properties":{"feature_id":"kakinada-00058","belt":"kakinada","district":"","area_ha":1.8,"lon":82.129721,"lat":17.093828,"source":"obia","sensor":"Sentinel-1 RTC (VV), 10 m","season":"2024 kharif","detected":true,"surveyed":false,"likely_block":false}},{"type":"Feature","geometry":{"type":"Polygon","coordinates":[[[82.21295,17.08517],[82.21295,17.0849],[82.21276,17.08481],[82.21276,17.08454],[82.21285,17.08454],[82.21285,17.08445],[82.21323,17.08445],[82.21332,17.08427],[82.21388,17.08426],[82.21388,17.08435],[82.21435,17.08435],[82.21436,17.08444],[82.21464,17.08444],[82.21464,17.08453],[82.21483,17.08453],[82.21483,17.08507],[82.21436,17.08508],[82.21436,17.08517],[82.21295,17.08517]]]},"properties":{"feature_id":"kakinada-00059","belt":"kakinada","district":"","area_ha":1.79,"lon":82.213797,"lat":17.084752,"source":"obia","sensor":"Sentinel-1 RTC (VV), 10 m","season":"2024 kharif","detected":true,"surveyed":false,"likely_block":false}},{"type":"Feature","geometry":{"type":"Polygon","coordinates":[[[82.20166,17.08235],[82.20165,17.08226],[82.20109,17.08226],[82.20109,17.08217],[82.201,17.08217],[82.20099,17.08118],[82.20155,17.08117],[82.20155,17.08127],[82.20193,17.08126],[82.20193,17.08135],[82.2025,17.08144],[82.2025,17.08171],[82.2024,17.08171],[82.2024,17.08198],[82.20222,17.08207],[82.20222,17.08226],[82.20212,17.08226],[82.20213,17.08235],[82.20166,17.08235]]]},"properties":{"feature_id":"kakinada-00060","belt":"kakinada","district":"","area_ha":1.66,"lon":82.201667,"lat":17.081759,"source":"obia","sensor":"Sentinel-1 RTC (VV), 10 m","season":"2024 kharif","detected":true,"surveyed":false,"likely_block":false}},{"type":"Feature","geometry":{"type":"Polygon","coordinates":[[[82.1589,16.97586],[82.1589,16.97577],[82.15881,16.97577],[82.1588,16.9755],[82.15871,16.9755],[82.15871,16.97514],[82.15861,16.97514],[82.15852,16.97442],[82.15842,16.97442],[82.15842,16.97424],[82.15833,16.97424],[82.15832,16.97378],[82.15823,16.97378],[82.15823,16.97306],[82.15851,16.97306],[82.1586,16.97324],[82.15879,16.97324],[82.15879,16.97333],[82.15898,16.97342],[82.15898,16.97387],[82.15889,16.97387],[82.15889,16.97441],[82.15899,16.97441],[82.15899,16.97505],[82.15908,16.97504],[82.15908,16.97532],[82.15918,16.97532],[82.15918,16.9755],[82.15927,16.9755],[82.15928,16.97577],[82.15918,16.97577],[82.15918,16.97586],[82.1589,16.97586]]]},"properties":{"feature_id":"kakinada-00061","belt":"kakinada","district":"","area_ha":1.66,"lon":82.158717,"lat":16.974352,"source":"obia","sensor":"Sentinel-1 RTC (VV), 10 m","season":"2024 kharif","detected":true,"surveyed":false,"likely_block":false}},{"type":"Feature","geometry":{"type":"Polygon","coordinates":[[[82.13153,17.07814],[82.13153,17.07805],[82.13143,17.07805],[82.13143,17.07778],[82.13153,17.07778],[82.13152,17.07769],[82.13162,17.07769],[82.13162,17.0776],[82.13171,17.0776],[82.1318,17.07742],[82.13218,17.07733],[82.13227,17.07714],[82.13255,17.07714],[82.13256,17.07732],[82.13274,17.07732],[82.13274,17.07714],[82.13321,17.07714],[82.13322,17.07786],[82.13303,17.07795],[82.13303,17.07813],[82.13247,17.07814],[82.13247,17.07805],[82.13237,17.07805],[82.13237,17.07814],[82.13153,17.07814]]]},"properties":{"feature_id":"kakinada-00062","belt":"kakinada","district":"","area_ha":1.65,"lon":82.132414,"lat":17.077691,"source":"obia","sensor":"Sentinel-1 RTC (VV), 10 m","season":"2024 kharif","detected":true,"surveyed":false,"likely_block":false}},{"type":"Feature","geometry":{"type":"Polygon","coordinates":[[[82.24289,16.92213],[82.24288,16.92204],[82.24279,16.92204],[82.2427,16.92186],[82.2426,16.92186],[82.2426,16.92195],[82.24241,16.92195],[82.24242,16.92204],[82.24176,16.92205],[82.24175,16.9216],[82.24185,16.9216],[82.24185,16.92151],[82.24175,16.92151],[82.24175,16.9206],[82.24212,16.9206],[82.24212,16.92069],[82.24231,16.92069],[82.24231,16.92078],[82.2425,16.92087],[82.24251,16.92159],[82.24326,16.92159],[82.24326,16.92168],[82.24335,16.92168],[82.24335,16.92213],[82.24289,16.92213]]]},"properties":{"feature_id":"kakinada-00063","belt":"kakinada","district":"","area_ha":1.64,"lon":82.242349,"lat":16.921485,"source":"obia","sensor":"Sentinel-1 RTC (VV), 10 m","season":"2024 kharif","detected":true,"surveyed":false,"likely_block":false}},{"type":"Feature","geometry":{"type":"Polygon","coordinates":[[[82.14704,17.11014],[82.14704,17.10942],[82.14722,17.10942],[82.14722,17.10933],[82.14882,17.10932],[82.14883,17.11004],[82.14845,17.11004],[82.14845,17.11013],[82.14817,17.11013],[82.14817,17.11004],[82.14798,17.11005],[82.14798,17.11014],[82.14704,17.11014]]]},"properties":{"feature_id":"kakinada-00064","belt":"kakinada","district":"","area_ha":1.63,"lon":82.147921,"lat":17.10972,"source":"obia","sensor":"Sentinel-1 RTC (VV), 10 m","season":"2024 kharif","detected":true,"surveyed":false,"likely_block":false}},{"type":"Feature","geometry":{"type":"Polygon","coordinates":[[[82.10231,17.08011],[82.10231,17.08002],[82.10213,17.08002],[82.10203,17.07984],[82.10128,17.07985],[82.10128,17.07976],[82.101,17.07976],[82.101,17.07967],[82.10081,17.07967],[82.10081,17.07931],[82.1009,17.07931],[82.1009,17.07922],[82.1025,17.07921],[82.1025,17.0793],[82.10278,17.0793],[82.10278,17.08002],[82.10269,17.08002],[82.10269,17.08011],[82.10231,17.08011]]]},"properties":{"feature_id":"kakinada-00065","belt":"kakinada","district":"","area_ha":1.55,"lon":82.101899,"lat":17.079576,"source":"obia","sensor":"Sentinel-1 RTC (VV), 10 m","season":"2024 kharif","detected":true,"surveyed":false,"likely_block":false}},{"type":"Feature","geometry":{"type":"Polygon","coordinates":[[[82.11309,16.97991],[82.11309,16.97982],[82.1129,16.97982],[82.1129,16.97955],[82.11281,16.97955],[82.11281,16.97946],[82.11262,16.97946],[82.11262,16.97937],[82.11234,16.97937],[82.11234,16.97919],[82.11224,16.97919],[82.11224,16.97874],[82.11233,16.97874],[82.11233,16.97865],[82.1129,16.97874],[82.11299,16.97892],[82.11327,16.97892],[82.11327,16.97883],[82.11374,16.97882],[82.11374,16.97909],[82.11365,16.97909],[82.11365,16.97918],[82.11374,16.97918],[82.11375,16.97964],[82.11365,16.97964],[82.11366,16.97991],[82.11309,16.97991]]]},"properties":{"feature_id":"kakinada-00066","belt":"kakinada","district":"","area_ha":1.53,"lon":82.113064,"lat":16.979254,"source":"obia","sensor":"Sentinel-1 RTC (VV), 10 m","season":"2024 kharif","detected":true,"surveyed":false,"likely_block":false}},{"type":"Feature","geometry":{"type":"Polygon","coordinates":[[[82.26066,16.98285],[82.26066,16.98276],[82.26056,16.98276],[82.26056,16.9824],[82.26066,16.9824],[82.26066,16.98221],[82.26056,16.98222],[82.26056,16.98194],[82.26028,16.98195],[82.26028,16.98186],[82.26009,16.98195],[82.26009,16.9824],[82.26,16.9824],[82.26,16.98267],[82.25981,16.98267],[82.25981,16.98276],[82.25944,16.98276],[82.25943,16.98186],[82.25953,16.98186],[82.25953,16.98177],[82.25971,16.98177],[82.25971,16.98168],[82.25999,16.98168],[82.25999,16.98159],[82.26046,16.98158],[82.26056,16.98176],[82.26103,16.98176],[82.26103,16.98221],[82.26112,16.98221],[82.26113,16.98257],[82.26094,16.98266],[82.26094,16.98285],[82.26066,16.98285]]]},"properties":{"feature_id":"kakinada-00067","belt":"kakinada","district":"","area_ha":1.52,"lon":82.260237,"lat":16.982184,"source":"obia","sensor":"Sentinel-1 RTC (VV), 10 m","season":"2024 kharif","detected":true,"surveyed":false,"likely_block":false}},{"type":"Feature","geometry":{"type":"Polygon","coordinates":[[[82.1417,17.08251],[82.1417,17.08242],[82.14161,17.08242],[82.14161,17.08197],[82.14151,17.08197],[82.14151,17.08143],[82.14179,17.08143],[82.14179,17.08152],[82.14207,17.08152],[82.14207,17.08161],[82.14254,17.08161],[82.14254,17.0817],[82.14264,17.0817],[82.14264,17.08179],[82.14283,17.08188],[82.14283,17.08206],[82.14292,17.08206],[82.14292,17.08233],[82.14283,17.08233],[82.14283,17.08242],[82.14264,17.08242],[82.14264,17.08251],[82.1417,17.08251]]]},"properties":{"feature_id":"kakinada-00068","belt":"kakinada","district":"","area_ha":1.37,"lon":82.142156,"lat":17.082027,"source":"obia","sensor":"Sentinel-1 RTC (VV), 10 m","season":"2024 kharif","detected":true,"surveyed":false,"likely_block":false}},{"type":"Feature","geometry":{"type":"Polygon","coordinates":[[[82.2837,16.98767],[82.2837,16.98758],[82.28361,16.98758],[82.2836,16.98677],[82.2837,16.98677],[82.28369,16.98641],[82.28379,16.98641],[82.28379,16.98632],[82.28369,16.98632],[82.28369,16.98569],[82.28378,16.98569],[82.28378,16.9856],[82.28369,16.9856],[82.28369,16.98514],[82.28406,16.98514],[82.28406,16.98568],[82.28397,16.98568],[82.28397,16.98614],[82.28416,16.98623],[82.28416,16.98659],[82.28426,16.98659],[82.28426,16.98641],[82.28454,16.9864],[82.28454,16.98667],[82.28426,16.98668],[82.28426,16.98713],[82.28407,16.98713],[82.28408,16.98749],[82.28398,16.98749],[82.28398,16.98767],[82.2837,16.98767]]]},"properties":{"feature_id":"kakinada-00069","belt":"kakinada","district":"","area_ha":1.37,"lon":82.283927,"lat":16.986514,"source":"obia","sensor":"Sentinel-1 RTC (VV), 10 m","season":"2024 kharif","detected":true,"surveyed":false,"likely_block":false}},{"type":"Feature","geometry":{"type":"Polygon","coordinates":[[[82.2093,17.07263],[82.2093,17.07254],[82.20911,17.07245],[82.20911,17.07227],[82.20901,17.07227],[82.20901,17.07191],[82.20911,17.07191],[82.20911,17.07182],[82.2092,17.07182],[82.20929,17.07164],[82.20967,17.07164],[82.20967,17.07155],[82.20986,17.07155],[82.20985,17.07145],[82.21023,17.07145],[82.21023,17.07172],[82.21033,17.07172],[82.21033,17.07236],[82.21005,17.07236],[82.20996,17.07254],[82.20958,17.07254],[82.20958,17.07263],[82.2093,17.07263]]]},"properties":{"feature_id":"kakinada-00070","belt":"kakinada","district":"","area_ha":1.35,"lon":82.209701,"lat":17.072049,"source":"obia","sensor":"Sentinel-1 RTC (VV), 10 m","season":"2024 kharif","detected":true,"surveyed":false,"likely_block":false}},{"type":"Feature","geometry":{"type":"Polygon","coordinates":[[[82.16205,17.04435],[82.16205,17.04426],[82.16195,17.04426],[82.16195,17.04408],[82.16186,17.04408],[82.16185,17.04372],[82.16176,17.04372],[82.16176,17.04363],[82.16167,17.04363],[82.16167,17.04354],[82.16157,17.04354],[82.16157,17.04345],[82.16148,17.04345],[82.16148,17.04336],[82.16138,17.04336],[82.16138,17.04327],[82.16129,17.04327],[82.16129,17.04318],[82.1611,17.04309],[82.1611,17.04291],[82.161,17.04291],[82.161,17.04255],[82.16138,17.04255],[82.16138,17.04273],[82.16147,17.04273],[82.16147,17.04282],[82.16157,17.04282],[82.16166,17.043],[82.16185,17.04299],[82.16185,17.04318],[82.16195,17.04318],[82.16195,17.04327],[82.16223,17.04326],[82.16223,17.04344],[82.16242,17.04353],[82.16242,17.0439],[82.16261,17.04398],[82.16261,17.04435],[82.16205,17.04435]]]},"properties":{"feature_id":"kakinada-00071","belt":"kakinada","district":"","area_ha":1.34,"lon":82.161849,"lat":17.04349,"source":"obia","sensor":"Sentinel-1 RTC (VV), 10 m","season":"2024 kharif","detected":true,"surveyed":false,"likely_block":false}},{"type":"Feature","geometry":{"type":"Polygon","coordinates":[[[82.24606,16.9344],[82.24606,16.93404],[82.24625,16.93404],[82.24625,16.93395],[82.24634,16.93395],[82.24634,16.93359],[82.24653,16.93359],[82.24653,16.9335],[82.24643,16.9335],[82.24643,16.93305],[82.24671,16.93304],[82.24671,16.93323],[82.24718,16.93322],[82.24719,16.93349],[82.24728,16.93349],[82.24728,16.93422],[82.24719,16.93422],[82.24719,16.93431],[82.24672,16.93431],[82.24672,16.9344],[82.24606,16.9344]]]},"properties":{"feature_id":"kakinada-00072","belt":"kakinada","district":"","area_ha":1.34,"lon":82.246737,"lat":16.933817,"source":"obia","sensor":"Sentinel-1 RTC (VV), 10 m","season":"2024 kharif","detected":true,"surveyed":false,"likely_block":false}},{"type":"Feature","geometry":{"type":"Polygon","coordinates":[[[82.12493,17.0442],[82.12493,17.04411],[82.12465,17.04411],[82.12465,17.04375],[82.12474,17.04375],[82.12474,17.04366],[82.12484,17.04366],[82.12484,17.04356],[82.12493,17.04356],[82.12502,17.04338],[82.12521,17.04338],[82.12521,17.04329],[82.12559,17.04329],[82.12559,17.04338],[82.12615,17.04338],[82.12615,17.04347],[82.12624,17.04347],[82.12625,17.04401],[82.12587,17.04401],[82.12587,17.0441],[82.12568,17.0441],[82.12569,17.04419],[82.12493,17.0442]]]},"properties":{"feature_id":"kakinada-00073","belt":"kakinada","district":"","area_ha":1.33,"lon":82.125464,"lat":17.043764,"source":"obia","sensor":"Sentinel-1 RTC (VV), 10 m","season":"2024 kharif","detected":true,"surveyed":false,"likely_block":false}},{"type":"Feature","geometry":{"type":"Polygon","coordinates":[[[82.29094,17.08361],[82.29093,17.08334],[82.29103,17.08334],[82.29103,17.08316],[82.29121,17.08315],[82.29121,17.08306],[82.2914,17.08306],[82.2914,17.08297],[82.29187,17.08297],[82.29187,17.08288],[82.29319,17.08287],[82.29319,17.08323],[82.29309,17.08323],[82.29309,17.08332],[82.29244,17.08333],[82.29244,17.08342],[82.29197,17.08342],[82.29197,17.08351],[82.2915,17.08351],[82.2915,17.0836],[82.29094,17.08361]]]},"properties":{"feature_id":"kakinada-00074","belt":"kakinada","district":"","area_ha":1.32,"lon":82.292039,"lat":17.083201,"source":"obia","sensor":"Sentinel-1 RTC (VV), 10 m","season":"2024 kharif","detected":true,"surveyed":false,"likely_block":false}},{"type":"Feature","geometry":{"type":"Polygon","coordinates":[[[82.22589,16.92151],[82.22589,16.92142],[82.22579,16.92142],[82.22579,16.92106],[82.2257,16.92106],[82.22569,16.9207],[82.2256,16.9207],[82.2256,16.92025],[82.22569,16.92025],[82.22569,16.92007],[82.22578,16.92007],[82.22578,16.91998],[82.22644,16.91997],[82.22644,16.92024],[82.22635,16.92024],[82.22635,16.9207],[82.22645,16.92069],[82.22645,16.92097],[82.22654,16.92097],[82.22654,16.92133],[82.22636,16.92133],[82.22626,16.92151],[82.22589,16.92151]]]},"properties":{"feature_id":"kakinada-00075","belt":"kakinada","district":"","area_ha":1.3,"lon":82.226064,"lat":16.920718,"source":"obia","sensor":"Sentinel-1 RTC (VV), 10 m","season":"2024 kharif","detected":true,"surveyed":false,"likely_block":false}},{"type":"Feature","geometry":{"type":"Polygon","coordinates":[[[82.28273,16.98226],[82.28272,16.98181],[82.28253,16.98172],[82.28253,16.98145],[82.28263,16.98144],[82.28263,16.98135],[82.28328,16.98135],[82.28328,16.98153],[82.28347,16.98153],[82.28347,16.98144],[82.28366,16.98144],[82.28366,16.98135],[82.28357,16.98135],[82.28356,16.98108],[82.28366,16.98108],[82.28366,16.98099],[82.28394,16.98098],[82.28394,16.98108],[82.28413,16.98116],[82.28413,16.98135],[82.28422,16.98134],[82.28422,16.98162],[82.28394,16.98162],[82.28394,16.98171],[82.28357,16.98171],[82.28357,16.98189],[82.28348,16.98189],[82.28348,16.98225],[82.2832,16.98225],[82.2832,16.98216],[82.2831,16.98217],[82.2831,16.98198],[82.28301,16.98198],[82.28301,16.98226],[82.28273,16.98226]],[[82.2831,16.98171],[82.28319,16.98171],[82.28319,16.98162],[82.2831,16.98162],[82.2831,16.98171]]]},"properties":{"feature_id":"kakinada-00076","belt":"kakinada","district":"","area_ha":1.28,"lon":82.283339,"lat":16.981636,"source":"obia","sensor":"Sentinel-1 RTC (VV), 10 m","season":"2024 kharif","detected":true,"surveyed":false,"likely_block":false}},{"type":"Feature","geometry":{"type":"Polygon","coordinates":[[[82.19927,17.07631],[82.19927,17.07622],[82.19889,17.07622],[82.19889,17.07595],[82.19908,17.07595],[82.19908,17.07586],[82.19917,17.07586],[82.19917,17.07531],[82.19945,17.07531],[82.19945,17.07522],[82.20029,17.07522],[82.2003,17.07585],[82.2002,17.07585],[82.20021,17.07603],[82.19974,17.07603],[82.19974,17.07612],[82.19964,17.07612],[82.19955,17.07631],[82.19927,17.07631]]]},"properties":{"feature_id":"kakinada-00077","belt":"kakinada","district":"","area_ha":1.27,"lon":82.199647,"lat":17.075723,"source":"obia","sensor":"Sentinel-1 RTC (VV), 10 m","season":"2024 kharif","detected":true,"surveyed":false,"likely_block":false}},{"type":"Feature","geometry":{"type":"Polygon","coordinates":[[[82.28336,16.96517],[82.28336,16.96499],[82.28317,16.96499],[82.28317,16.96472],[82.28326,16.96472],[82.28326,16.96454],[82.28345,16.96454],[82.28345,16.96436],[82.28392,16.96436],[82.28392,16.96454],[82.28439,16.96453],[82.28439,16.96462],[82.28458,16.96462],[82.28458,16.96453],[82.28505,16.96453],[82.28505,16.96516],[82.28458,16.96516],[82.28458,16.96498],[82.28449,16.96498],[82.28449,16.96489],[82.2842,16.9649],[82.28421,16.96499],[82.28402,16.96499],[82.28402,16.96517],[82.28336,16.96517]]]},"properties":{"feature_id":"kakinada-00078","belt":"kakinada","district":"","area_ha":1.27,"lon":82.284088,"lat":16.964797,"source":"obia","sensor":"Sentinel-1 RTC (VV), 10 m","season":"2024 kharif","detected":true,"surveyed":false,"likely_block":false}},{"type":"Feature","geometry":{"type":"Polygon","coordinates":[[[82.2689,16.99382],[82.2689,16.99373],[82.26872,16.99373],[82.26872,16.99364],[82.26853,16.99364],[82.26853,16.99355],[82.26815,16.99347],[82.26815,16.9931],[82.26824,16.9931],[82.26824,16.99301],[82.26862,16.99301],[82.26862,16.99292],[82.2689,16.99292],[82.2689,16.99301],[82.26956,16.993],[82.26956,16.9931],[82.27003,16.99309],[82.27003,16.99336],[82.26965,16.99337],[82.26965,16.99346],[82.26956,16.99346],[82.26947,16.99364],[82.26928,16.99364],[82.26919,16.99382],[82.2689,16.99382]]]},"properties":{"feature_id":"kakinada-00079","belt":"kakinada","district":"","area_ha":1.25,"lon":82.269007,"lat":16.993322,"source":"obia","sensor":"Sentinel-1 RTC (VV), 10 m","season":"2024 kharif","detected":true,"surveyed":false,"likely_block":false}},{"type":"Feature","geometry":{"type":"Polygon","coordinates":[[[82.27519,16.95058],[82.27519,16.9504],[82.27509,16.9504],[82.27509,16.95031],[82.2749,16.95031],[82.2749,16.95022],[82.27481,16.95022],[82.27481,16.95004],[82.27462,16.95004],[82.27462,16.94995],[82.27443,16.95005],[82.27443,16.94995],[82.27434,16.94996],[82.27434,16.94987],[82.27415,16.94978],[82.27415,16.9495],[82.27396,16.94942],[82.27396,16.94914],[82.27386,16.94914],[82.27386,16.94896],[82.27414,16.94896],[82.27414,16.94905],[82.27424,16.94905],[82.27424,16.94914],[82.27433,16.94914],[82.27443,16.94932],[82.27461,16.94932],[82.27462,16.94941],[82.27471,16.94941],[82.27471,16.9495],[82.2748,16.9495],[82.2748,16.94959],[82.2749,16.94959],[82.27499,16.94977],[82.27518,16.94977],[82.27518,16.94986],[82.27537,16.94986],[82.27537,16.94995],[82.27546,16.94995],[82.27556,16.95013],[82.27575,16.95013],[82.27575,16.95031],[82.27565,16.95031],[82.27566,16.9504],[82.27556,16.9504],[82.27547,16.95058],[82.27519,16.95058]]]},"properties":{"feature_id":"kakinada-00080","belt":"kakinada","district":"","area_ha":1.25,"lon":82.274778,"lat":16.949818,"source":"obia","sensor":"Sentinel-1 RTC (VV), 10 m","season":"2024 kharif","detected":true,"surveyed":false,"likely_block":false}},{"type":"Feature","geometry":{"type":"Polygon","coordinates":[[[82.21191,17.08419],[82.21181,17.08383],[82.21163,17.08383],[82.21163,17.08374],[82.21153,17.08374],[82.21153,17.08356],[82.21144,17.08356],[82.21143,17.08319],[82.2119,17.08319],[82.2119,17.08328],[82.21228,17.08328],[82.21228,17.08337],[82.21256,17.08337],[82.21256,17.08346],[82.21275,17.08346],[82.21275,17.08355],[82.21285,17.08355],[82.21285,17.084],[82.21266,17.084],[82.21266,17.08409],[82.21247,17.08409],[82.21247,17.08418],[82.21191,17.08419]]]},"properties":{"feature_id":"kakinada-00081","belt":"kakinada","district":"","area_ha":1.17,"lon":82.212149,"lat":17.083681,"source":"obia","sensor":"Sentinel-1 RTC (VV), 10 m","season":"2024 kharif","detected":true,"surveyed":false,"likely_block":false}},{"type":"Feature","geometry":{"type":"Polygon","coordinates":[[[82.1031,17.06926],[82.10309,17.06881],[82.10319,17.06881],[82.10319,17.06863],[82.10328,17.06863],[82.10328,17.06809],[82.10337,17.06809],[82.10337,17.06727],[82.10374,17.06727],[82.10374,17.06745],[82.10384,17.06745],[82.10384,17.06772],[82.10393,17.06772],[82.10394,17.06817],[82.10384,17.06817],[82.10384,17.06844],[82.10375,17.06844],[82.10375,17.06881],[82.10356,17.0689],[82.10356,17.06908],[82.10347,17.06908],[82.10338,17.06926],[82.1031,17.06926]]]},"properties":{"feature_id":"kakinada-00082","belt":"kakinada","district":"","area_ha":1.17,"lon":82.103526,"lat":17.068256,"source":"obia","sensor":"Sentinel-1 RTC (VV), 10 m","season":"2024 kharif","detected":true,"surveyed":false,"likely_block":false}},{"type":"Feature","geometry":{"type":"Polygon","coordinates":[[[82.19173,17.08846],[82.19173,17.08837],[82.19136,17.08828],[82.19135,17.08783],[82.19145,17.08783],[82.19145,17.08765],[82.19154,17.08765],[82.19154,17.08756],[82.19173,17.08756],[82.19173,17.08747],[82.1921,17.08747],[82.1921,17.08738],[82.19238,17.08737],[82.19238,17.08747],[82.19248,17.08746],[82.19248,17.08819],[82.19239,17.08819],[82.1923,17.08837],[82.19211,17.08837],[82.19211,17.08846],[82.19173,17.08846]]]},"properties":{"feature_id":"kakinada-00083","belt":"kakinada","district":"","area_ha":1.14,"lon":82.191952,"lat":17.08793,"source":"obia","sensor":"Sentinel-1 RTC (VV), 10 m","season":"2024 kharif","detected":true,"surveyed":false,"likely_block":false}},{"type":"Feature","geometry":{"type":"Polygon","coordinates":[[[82.26677,16.99754],[82.26677,16.99745],[82.26658,16.99745],[82.26658,16.99736],[82.26649,16.99736],[82.26648,16.99709],[82.26639,16.99709],[82.26639,16.99673],[82.26648,16.99673],[82.26648,16.99664],[82.26639,16.99664],[82.26639,16.99637],[82.26704,16.99636],[82.26704,16.99645],[82.26733,16.99645],[82.26733,16.99681],[82.26723,16.99682],[82.26733,16.99754],[82.26677,16.99754]]]},"properties":{"feature_id":"kakinada-00084","belt":"kakinada","district":"","area_ha":1.13,"lon":82.266866,"lat":16.996932,"source":"obia","sensor":"Sentinel-1 RTC (VV), 10 m","season":"2024 kharif","detected":true,"surveyed":false,"likely_block":false}},{"type":"Feature","geometry":{"type":"Polygon","coordinates":[[[82.20092,17.08534],[82.20092,17.08497],[82.20111,17.08488],[82.2011,17.08389],[82.2012,17.08389],[82.20129,17.08371],[82.20185,17.0837],[82.20185,17.08407],[82.20176,17.08407],[82.20176,17.08434],[82.20167,17.08434],[82.20167,17.08488],[82.20158,17.08488],[82.20158,17.08497],[82.20148,17.08497],[82.20149,17.08515],[82.2013,17.08515],[82.2012,17.08533],[82.20092,17.08534]]]},"properties":{"feature_id":"kakinada-00085","belt":"kakinada","district":"","area_ha":1.11,"lon":82.201384,"lat":17.084453,"source":"obia","sensor":"Sentinel-1 RTC (VV), 10 m","season":"2024 kharif","detected":true,"surveyed":false,"likely_block":false}},{"type":"Feature","geometry":{"type":"Polygon","coordinates":[[[82.25784,16.96777],[82.25783,16.9675],[82.25774,16.9675],[82.25774,16.96687],[82.25764,16.96687],[82.25764,16.9666],[82.25773,16.9666],[82.25773,16.96642],[82.25764,16.96642],[82.25764,16.96606],[82.25792,16.96605],[82.25792,16.96623],[82.25801,16.96623],[82.25801,16.96641],[82.25811,16.96641],[82.25811,16.96669],[82.2582,16.96668],[82.2582,16.96678],[82.2583,16.96677],[82.2583,16.96696],[82.25839,16.96695],[82.2584,16.96741],[82.25849,16.96741],[82.25849,16.96777],[82.25784,16.96777]]]},"properties":{"feature_id":"kakinada-00086","belt":"kakinada","district":"","area_ha":1.1,"lon":82.258019,"lat":16.967034,"source":"obia","sensor":"Sentinel-1 RTC (VV), 10 m","season":"2024 kharif","detected":true,"surveyed":false,"likely_block":false}},{"type":"Feature","geometry":{"type":"Polygon","coordinates":[[[82.10729,17.06336],[82.10729,17.063],[82.10738,17.063],[82.10738,17.06273],[82.10757,17.06273],[82.10757,17.06264],[82.10766,17.06264],[82.10756,17.0621],[82.10775,17.0621],[82.10775,17.06201],[82.10766,17.06201],[82.10766,17.06183],[82.10756,17.06183],[82.10756,17.06156],[82.10765,17.06155],[82.10765,17.06101],[82.10775,17.06101],[82.10774,17.06083],[82.10803,17.06083],[82.10803,17.06119],[82.10793,17.06119],[82.10794,17.06173],[82.10803,17.06173],[82.10803,17.06209],[82.10794,17.0621],[82.10794,17.06273],[82.10785,17.06273],[82.10785,17.06309],[82.10776,17.06309],[82.10776,17.06327],[82.10757,17.06327],[82.10757,17.06336],[82.10729,17.06336]]]},"properties":{"feature_id":"kakinada-00087","belt":"kakinada","district":"","area_ha":1.09,"lon":82.107729,"lat":17.062179,"source":"obia","sensor":"Sentinel-1 RTC (VV), 10 m","season":"2024 kharif","detected":true,"surveyed":false,"likely_block":false}},{"type":"Feature","geometry":{"type":"Polygon","coordinates":[[[82.13434,17.10886],[82.13434,17.10859],[82.13453,17.10858],[82.13453,17.10849],[82.13462,17.10849],[82.13472,17.10831],[82.1349,17.10831],[82.1349,17.10822],[82.13519,17.10822],[82.13519,17.10813],[82.13537,17.10813],[82.13537,17.10804],[82.13547,17.10804],[82.13546,17.10768],[82.13584,17.10767],[82.13594,17.10785],[82.13612,17.10785],[82.13613,17.10812],[82.13603,17.10812],[82.13603,17.10821],[82.13594,17.10822],[82.13585,17.1084],[82.13566,17.1084],[82.13556,17.10858],[82.135,17.10867],[82.135,17.10876],[82.13481,17.10876],[82.13481,17.10885],[82.13434,17.10886]]]},"properties":{"feature_id":"kakinada-00088","belt":"kakinada","district":"","area_ha":1.07,"lon":82.135305,"lat":17.108305,"source":"obia","sensor":"Sentinel-1 RTC (VV), 10 m","season":"2024 kharif","detected":true,"surveyed":false,"likely_block":false}},{"type":"Feature","geometry":{"type":"Polygon","coordinates":[[[82.1656,17.07117],[82.16559,17.07072],[82.1655,17.07072],[82.1655,17.07027],[82.16559,17.07027],[82.16559,17.06973],[82.16596,17.06972],[82.16596,17.06981],[82.16615,17.06981],[82.16615,17.07008],[82.16634,17.07017],[82.16634,17.07063],[82.16616,17.07072],[82.16606,17.07108],[82.16588,17.07108],[82.16588,17.07117],[82.1656,17.07117]]]},"properties":{"feature_id":"kakinada-00089","belt":"kakinada","district":"","area_ha":1.06,"lon":82.165886,"lat":17.070428,"source":"obia","sensor":"Sentinel-1 RTC (VV), 10 m","season":"2024 kharif","detected":true,"surveyed":false,"likely_block":false}},{"type":"Feature","geometry":{"type":"Polygon","coordinates":[[[82.14695,17.11141],[82.14695,17.11132],[82.14648,17.11132],[82.14648,17.11078],[82.14657,17.11078],[82.14657,17.1106],[82.14667,17.11059],[82.14667,17.1105],[82.14751,17.1105],[82.14752,17.11095],[82.14761,17.11095],[82.14761,17.11131],[82.14724,17.11131],[82.14724,17.1114],[82.14695,17.11141]]]},"properties":{"feature_id":"kakinada-00090","belt":"kakinada","district":"","area_ha":1.02,"lon":82.14704,"lat":17.110943,"source":"obia","sensor":"Sentinel-1 RTC (VV), 10 m","season":"2024 kharif","detected":true,"surveyed":false,"likely_block":false}},{"type":"Feature","geometry":{"type":"Polygon","coordinates":[[[82.09799,17.09667],[82.09799,17.09658],[82.0979,17.09658],[82.0979,17.0964],[82.0978,17.0964],[82.0978,17.09631],[82.09762,17.09632],[82.09761,17.09613],[82.09752,17.09614],[82.09752,17.09604],[82.09743,17.09605],[82.09743,17.09595],[82.09724,17.09587],[82.09723,17.09532],[82.09761,17.09532],[82.09761,17.09541],[82.0977,17.09541],[82.09771,17.0955],[82.0978,17.0955],[82.0978,17.09559],[82.09789,17.09559],[82.09789,17.09568],[82.09799,17.09568],[82.09799,17.09577],[82.09818,17.09586],[82.09818,17.09604],[82.09827,17.09604],[82.09827,17.09613],[82.09846,17.09622],[82.09846,17.09649],[82.09837,17.09649],[82.09828,17.09667],[82.09799,17.09667]]]},"properties":{"feature_id":"kakinada-00091","belt":"kakinada","district":"","area_ha":1.02,"lon":82.097821,"lat":17.095992,"source":"obia","sensor":"Sentinel-1 RTC (VV), 10 m","season":"2024 kharif","detected":true,"surveyed":false,"likely_block":false}},{"type":"Feature","geometry":{"type":"Polygon","coordinates":[[[82.2413,16.95215],[82.24129,16.95151],[82.24139,16.95151],[82.24139,16.95115],[82.24148,16.95115],[82.24148,16.95106],[82.24138,16.95106],[82.24138,16.95079],[82.24148,16.95079],[82.24148,16.9507],[82.24176,16.9507],[82.24176,16.95079],[82.24213,16.95088],[82.24214,16.95115],[82.24204,16.95115],[82.24205,16.95151],[82.24195,16.95151],[82.24195,16.95169],[82.24186,16.95169],[82.24186,16.95205],[82.2413,16.95215]]]},"properties":{"feature_id":"kakinada-00092","belt":"kakinada","district":"","area_ha":1.01,"lon":82.241671,"lat":16.951401,"source":"obia","sensor":"Sentinel-1 RTC (VV), 10 m","season":"2024 kharif","detected":true,"surveyed":false,"likely_block":false}},{"type":"Feature","geometry":{"type":"Polygon","coordinates":[[[82.14677,17.11258],[82.14677,17.11249],[82.14649,17.11249],[82.14649,17.11186],[82.14658,17.11186],[82.14658,17.11177],[82.14677,17.11177],[82.14677,17.11168],[82.14705,17.11168],[82.14705,17.11159],[82.14752,17.11158],[82.14752,17.1124],[82.14724,17.1124],[82.14724,17.11249],[82.14705,17.11249],[82.14706,17.11258],[82.14677,17.11258]]]},"properties":{"feature_id":"kakinada-00093","belt":"kakinada","district":"","area_ha":1.0,"lon":82.147021,"lat":17.112078,"source":"obia","sensor":"Sentinel-1 RTC (VV), 10 m","season":"2024 kharif","detected":true,"surveyed":false,"likely_block":false}},{"type":"Feature","geometry":{"type":"Polygon","coordinates":[[[82.13605,17.11038],[82.13604,17.10948],[82.13595,17.10948],[82.13594,17.1093],[82.13585,17.1093],[82.13585,17.10876],[82.13594,17.10876],[82.13603,17.10858],[82.13632,17.10857],[82.13632,17.10866],[82.13641,17.10866],[82.13641,17.10903],[82.13651,17.10903],[82.13651,17.1093],[82.1366,17.1093],[82.1366,17.10966],[82.13642,17.10966],[82.13642,17.10993],[82.13632,17.10993],[82.13633,17.11038],[82.13605,17.11038]]]},"properties":{"feature_id":"kakinada-00094","belt":"kakinada","district":"","area_ha":1.0,"lon":82.136208,"lat":17.10938,"source":"obia","sensor":"Sentinel-1 RTC (VV), 10 m","season":"2024 kharif","detected":true,"surveyed":false,"likely_block":false}},{"type":"Feature","geometry":{"type":"Polygon","coordinates":[[[82.15523,17.05135],[82.15523,17.05108],[82.15542,17.05108],[82.15542,17.0508],[82.15551,17.0508],[82.15551,17.05026],[82.15541,17.05026],[82.15532,17.05008],[82.15494,17.05008],[82.15494,17.04963],[82.15578,17.04963],[82.15579,17.05107],[82.1557,17.05107],[82.1557,17.05134],[82.15523,17.05135]]]},"properties":{"feature_id":"kakinada-00095","belt":"kakinada","district":"","area_ha":0.99,"lon":82.155479,"lat":17.050343,"source":"obia","sensor":"Sentinel-1 RTC (VV), 10 m","season":"2024 kharif","detected":true,"surveyed":false,"likely_block":false}},{"type":"Feature","geometry":{"type":"Polygon","coordinates":[[[82.29458,17.03984],[82.29458,17.03957],[82.29467,17.03957],[82.29467,17.03948],[82.29486,17.03939],[82.29486,17.03921],[82.29495,17.03921],[82.29495,17.03885],[82.29504,17.03885],[82.29504,17.03866],[82.29514,17.03866],[82.29513,17.03857],[82.29551,17.03857],[82.29551,17.03911],[82.2957,17.0392],[82.2957,17.03947],[82.29561,17.03947],[82.29561,17.03957],[82.29542,17.03957],[82.29542,17.03966],[82.29524,17.03966],[82.29524,17.03975],[82.29505,17.03975],[82.29505,17.03984],[82.29458,17.03984]]]},"properties":{"feature_id":"kakinada-00096","belt":"kakinada","district":"","area_ha":0.98,"lon":82.295178,"lat":17.039267,"source":"obia","sensor":"Sentinel-1 RTC (VV), 10 m","season":"2024 kharif","detected":true,"surveyed":false,"likely_block":false}},{"type":"Feature","geometry":{"type":"Polygon","coordinates":[[[82.26697,16.9989],[82.26696,16.99862],[82.26687,16.99862],[82.26696,16.9979],[82.26705,16.9979],[82.26705,16.99772],[82.26752,16.99772],[82.26753,16.99826],[82.26762,16.99826],[82.26762,16.99835],[82.26781,16.99844],[82.26781,16.99889],[82.26753,16.99889],[82.26753,16.9988],[82.26743,16.9988],[82.26744,16.99889],[82.26697,16.9989]]]},"properties":{"feature_id":"kakinada-00097","belt":"kakinada","district":"","area_ha":0.97,"lon":82.26731,"lat":16.998371,"source":"obia","sensor":"Sentinel-1 RTC (VV), 10 m","season":"2024 kharif","detected":true,"surveyed":false,"likely_block":false}},{"type":"Feature","geometry":{"type":"Polygon","coordinates":[[[82.12676,17.09841],[82.12676,17.09832],[82.12667,17.09832],[82.12667,17.09796],[82.12657,17.09796],[82.12657,17.09769],[82.12666,17.09769],[82.12666,17.09733],[82.12713,17.09733],[82.12723,17.09751],[82.12741,17.09751],[82.12742,17.0976],[82.12751,17.0976],[82.12751,17.09796],[82.12732,17.09805],[82.12733,17.09841],[82.12676,17.09841]]]},"properties":{"feature_id":"kakinada-00098","belt":"kakinada","district":"","area_ha":0.93,"lon":82.127021,"lat":17.097869,"source":"obia","sensor":"Sentinel-1 RTC (VV), 10 m","season":"2024 kharif","detected":true,"surveyed":false,"likely_block":false}},{"type":"Feature","geometry":{"type":"Polygon","coordinates":[[[82.2849,16.97077],[82.2849,16.97059],[82.28481,16.97059],[82.28481,16.97031],[82.2849,16.97031],[82.28499,16.97013],[82.28612,16.97004],[82.28612,16.97031],[82.28621,16.97031],[82.28621,16.9704],[82.28612,16.9704],[82.28612,16.97058],[82.28603,16.97058],[82.28603,16.97067],[82.28556,16.97067],[82.28556,16.97076],[82.2849,16.97077]]]},"properties":{"feature_id":"kakinada-00099","belt":"kakinada","district":"","area_ha":0.93,"lon":82.28549,"lat":16.970406,"source":"obia","sensor":"Sentinel-1 RTC (VV), 10 m","season":"2024 kharif","detected":true,"surveyed":false,"likely_block":false}},{"type":"Feature","geometry":{"type":"Polygon","coordinates":[[[82.25677,17.06186],[82.25677,17.06168],[82.25658,17.06168],[82.25658,17.06159],[82.25649,17.06159],[82.25649,17.0615],[82.25639,17.0615],[82.25639,17.06141],[82.25621,17.06132],[82.2562,17.06105],[82.2563,17.06105],[82.2563,17.06096],[82.25639,17.06096],[82.25639,17.06087],[82.25648,17.06087],[82.25658,17.06069],[82.25695,17.06068],[82.25695,17.06087],[82.25705,17.06087],[82.25705,17.06132],[82.25714,17.06132],[82.25715,17.06159],[82.25724,17.06159],[82.25724,17.06186],[82.25677,17.06186]]]},"properties":{"feature_id":"kakinada-00100","belt":"kakinada","district":"","area_ha":0.92,"lon":82.256748,"lat":17.061274,"source":"obia","sensor":"Sentinel-1 RTC (VV), 10 m","season":"2024 kharif","detected":true,"surveyed":false,"likely_block":false}},{"type":"Feature","geometry":{"type":"Polygon","coordinates":[[[82.17071,16.97127],[82.1707,16.971],[82.17061,16.971],[82.1706,16.97001],[82.17117,16.97],[82.17117,16.97019],[82.17126,16.97019],[82.17127,16.97109],[82.17117,16.97109],[82.17108,16.97127],[82.17071,16.97127]]]},"properties":{"feature_id":"kakinada-00101","belt":"kakinada","district":"","area_ha":0.9,"lon":82.170931,"lat":16.970616,"source":"obia","sensor":"Sentinel-1 RTC (VV), 10 m","season":"2024 kharif","detected":true,"surveyed":false,"likely_block":false}},{"type":"Feature","geometry":{"type":"Polygon","coordinates":[[[82.10142,17.00772],[82.10142,17.00763],[82.10133,17.00763],[82.10132,17.00745],[82.10114,17.00736],[82.10113,17.00718],[82.10095,17.00709],[82.10094,17.00682],[82.10113,17.00682],[82.10113,17.00673],[82.1017,17.00673],[82.1017,17.00682],[82.10207,17.00681],[82.10207,17.00708],[82.10198,17.00709],[82.10198,17.00727],[82.10179,17.00736],[82.10179,17.00763],[82.1017,17.00763],[82.1017,17.00772],[82.10142,17.00772]]]},"properties":{"feature_id":"kakinada-00102","belt":"kakinada","district":"","area_ha":0.88,"lon":82.101515,"lat":17.007143,"source":"obia","sensor":"Sentinel-1 RTC (VV), 10 m","season":"2024 kharif","detected":true,"surveyed":false,"likely_block":false}},{"type":"Feature","geometry":{"type":"Polygon","coordinates":[[[82.27995,16.98779],[82.27985,16.98725],[82.28004,16.98725],[82.28004,16.98706],[82.28013,16.98706],[82.28022,16.9867],[82.28031,16.9867],[82.28031,16.98661],[82.2805,16.98652],[82.2805,16.98634],[82.28078,16.98634],[82.28078,16.9867],[82.28069,16.9867],[82.28069,16.98697],[82.2806,16.98697],[82.2806,16.9876],[82.28032,16.98761],[82.28032,16.98779],[82.27995,16.98779]]]},"properties":{"feature_id":"kakinada-00103","belt":"kakinada","district":"","area_ha":0.87,"lon":82.280346,"lat":16.987129,"source":"obia","sensor":"Sentinel-1 RTC (VV), 10 m","season":"2024 kharif","detected":true,"surveyed":false,"likely_block":false}},{"type":"Feature","geometry":{"type":"Polygon","coordinates":[[[82.11263,17.10807],[82.11263,17.10798],[82.11244,17.10798],[82.11244,17.10789],[82.11225,17.1078],[82.11225,17.10762],[82.11216,17.10762],[82.11215,17.10735],[82.11253,17.10735],[82.11253,17.10726],[82.11281,17.10726],[82.11281,17.10735],[82.113,17.10735],[82.113,17.10744],[82.11328,17.10744],[82.11328,17.10753],[82.11338,17.10753],[82.11338,17.10789],[82.11329,17.10789],[82.11329,17.10798],[82.1131,17.10798],[82.1131,17.10807],[82.11263,17.10807]]]},"properties":{"feature_id":"kakinada-00104","belt":"kakinada","district":"","area_ha":0.86,"lon":82.112778,"lat":17.107671,"source":"obia","sensor":"Sentinel-1 RTC (VV), 10 m","season":"2024 kharif","detected":true,"surveyed":false,"likely_block":false}},{"type":"Feature","geometry":{"type":"Polygon","coordinates":[[[82.28599,17.0342],[82.28599,17.03393],[82.2859,17.03393],[82.28589,17.03348],[82.28599,17.03348],[82.28599,17.0333],[82.28608,17.0333],[82.28608,17.03312],[82.28598,17.03312],[82.28598,17.03285],[82.28626,17.03285],[82.28636,17.03303],[82.28664,17.03302],[82.28664,17.03311],[82.28674,17.03311],[82.28674,17.03348],[82.28664,17.03348],[82.28665,17.03357],[82.28646,17.03366],[82.28646,17.03384],[82.28637,17.03384],[82.28627,17.0342],[82.28599,17.0342]]]},"properties":{"feature_id":"kakinada-00105","belt":"kakinada","district":"","area_ha":0.86,"lon":82.286264,"lat":17.033486,"source":"obia","sensor":"Sentinel-1 RTC (VV), 10 m","season":"2024 kharif","detected":true,"surveyed":false,"likely_block":false}},{"type":"Feature","geometry":{"type":"Polygon","coordinates":[[[82.11874,16.98223],[82.11874,16.98214],[82.11865,16.98214],[82.11864,16.98178],[82.11874,16.98178],[82.11874,16.98169],[82.11893,16.98169],[82.11892,16.98151],[82.11874,16.98151],[82.11874,16.98142],[82.11864,16.98142],[82.11864,16.98115],[82.11873,16.98115],[82.11873,16.98105],[82.1192,16.98105],[82.11921,16.98141],[82.11911,16.98141],[82.11911,16.9815],[82.1193,16.9815],[82.1193,16.98159],[82.11939,16.98159],[82.1194,16.98177],[82.11949,16.98177],[82.11949,16.98214],[82.1194,16.98214],[82.1194,16.98223],[82.11874,16.98223]]]},"properties":{"feature_id":"kakinada-00106","belt":"kakinada","district":"","area_ha":0.86,"lon":82.119032,"lat":16.981705,"source":"obia","sensor":"Sentinel-1 RTC (VV), 10 m","season":"2024 kharif","detected":true,"surveyed":false,"likely_block":false}},{"type":"Feature","geometry":{"type":"Polygon","coordinates":[[[82.28132,16.98272],[82.28132,16.98254],[82.28113,16.98254],[82.28113,16.98218],[82.28104,16.98218],[82.28103,16.98191],[82.28084,16.98182],[82.28084,16.98128],[82.28122,16.98127],[82.28122,16.98145],[82.28131,16.98145],[82.28131,16.98181],[82.2815,16.9819],[82.28151,16.98227],[82.28188,16.98235],[82.28188,16.98262],[82.28179,16.98263],[82.28179,16.98272],[82.28132,16.98272]]]},"properties":{"feature_id":"kakinada-00107","belt":"kakinada","district":"","area_ha":0.85,"lon":82.281294,"lat":16.982051,"source":"obia","sensor":"Sentinel-1 RTC (VV), 10 m","season":"2024 kharif","detected":true,"surveyed":false,"likely_block":false}},{"type":"Feature","geometry":{"type":"Polygon","coordinates":[[[82.12118,16.98204],[82.12118,16.98195],[82.12109,16.98195],[82.12109,16.98176],[82.12099,16.98177],[82.12099,16.98158],[82.1209,16.98159],[82.12089,16.98122],[82.12174,16.98122],[82.12174,16.98131],[82.12183,16.98131],[82.12184,16.98167],[82.12193,16.98167],[82.12193,16.98203],[82.12118,16.98204]]]},"properties":{"feature_id":"kakinada-00108","belt":"kakinada","district":"","area_ha":0.84,"lon":82.121426,"lat":16.981618,"source":"obia","sensor":"Sentinel-1 RTC (VV), 10 m","season":"2024 kharif","detected":true,"surveyed":false,"likely_block":false}},{"type":"Feature","geometry":{"type":"Polygon","coordinates":[[[82.14819,17.03747],[82.14819,17.03738],[82.1481,17.03738],[82.148,17.0372],[82.14782,17.0372],[82.14781,17.03702],[82.14763,17.03693],[82.14762,17.03666],[82.14781,17.03666],[82.14781,17.03657],[82.14819,17.03657],[82.14819,17.03666],[82.14847,17.03665],[82.14847,17.03674],[82.14866,17.03674],[82.14866,17.03747],[82.14819,17.03747]]]},"properties":{"feature_id":"kakinada-00109","belt":"kakinada","district":"","area_ha":0.81,"lon":82.148204,"lat":17.036995,"source":"obia","sensor":"Sentinel-1 RTC (VV), 10 m","season":"2024 kharif","detected":true,"surveyed":false,"likely_block":false}},{"type":"Feature","geometry":{"type":"Polygon","coordinates":[[[82.24448,16.93685],[82.24457,16.93631],[82.24551,16.93631],[82.24551,16.93622],[82.24617,16.93621],[82.24617,16.93648],[82.24608,16.93648],[82.24608,16.93657],[82.2457,16.93658],[82.2457,16.93667],[82.24505,16.93667],[82.24505,16.93676],[82.24486,16.93676],[82.24486,16.93685],[82.24448,16.93685]]]},"properties":{"feature_id":"kakinada-00110","belt":"kakinada","district":"","area_ha":0.8,"lon":82.245279,"lat":16.936492,"source":"obia","sensor":"Sentinel-1 RTC (VV), 10 m","season":"2024 kharif","detected":true,"surveyed":false,"likely_block":false}},{"type":"Feature","geometry":{"type":"Polygon","coordinates":[[[82.14744,17.0523],[82.14744,17.05202],[82.14762,17.05193],[82.14762,17.05175],[82.14772,17.05175],[82.14772,17.05166],[82.14837,17.05166],[82.14837,17.05175],[82.14847,17.05175],[82.14847,17.05166],[82.14903,17.05165],[82.14903,17.05192],[82.14885,17.05193],[82.14885,17.05202],[82.14838,17.05202],[82.14838,17.05211],[82.14809,17.05211],[82.1481,17.0522],[82.14781,17.0522],[82.14781,17.05229],[82.14744,17.0523]]]},"properties":{"feature_id":"kakinada-00111","belt":"kakinada","district":"","area_ha":0.78,"lon":82.148169,"lat":17.05192,"source":"obia","sensor":"Sentinel-1 RTC (VV), 10 m","season":"2024 kharif","detected":true,"surveyed":false,"likely_block":false}},{"type":"Feature","geometry":{"type":"Polygon","coordinates":[[[82.28904,17.04069],[82.28904,17.04051],[82.28895,17.04051],[82.28895,17.04042],[82.28885,17.04042],[82.28885,17.04024],[82.28876,17.04024],[82.28875,17.03979],[82.28885,17.03979],[82.28894,17.03961],[82.28922,17.03961],[82.28922,17.0397],[82.28941,17.03969],[82.28941,17.03979],[82.28951,17.03978],[82.28951,17.04051],[82.28942,17.04051],[82.28942,17.04069],[82.28904,17.04069]]]},"properties":{"feature_id":"kakinada-00112","belt":"kakinada","district":"","area_ha":0.77,"lon":82.289157,"lat":17.040131,"source":"obia","sensor":"Sentinel-1 RTC (VV), 10 m","season":"2024 kharif","detected":true,"surveyed":false,"likely_block":false}},{"type":"Feature","geometry":{"type":"Polygon","coordinates":[[[82.12536,16.97451],[82.12536,16.97442],[82.12517,16.97442],[82.12517,16.97433],[82.12499,16.97433],[82.12499,16.97424],[82.12489,16.97424],[82.12489,16.97406],[82.1248,16.97406],[82.12479,16.9737],[82.12573,16.9737],[82.12574,16.97451],[82.12536,16.97451]]]},"properties":{"feature_id":"kakinada-00113","belt":"kakinada","district":"","area_ha":0.76,"lon":82.125317,"lat":16.974056,"source":"obia","sensor":"Sentinel-1 RTC (VV), 10 m","season":"2024 kharif","detected":true,"surveyed":false,"likely_block":false}},{"type":"Feature","geometry":{"type":"Polygon","coordinates":[[[82.18859,16.94812],[82.18859,16.94785],[82.18868,16.94785],[82.18868,16.94776],[82.18897,16.94776],[82.18896,16.94767],[82.18906,16.94767],[82.18915,16.94749],[82.18943,16.94749],[82.18943,16.94739],[82.18953,16.94739],[82.18962,16.94721],[82.1899,16.94721],[82.1899,16.94694],[82.19009,16.94694],[82.19009,16.94685],[82.19037,16.94685],[82.19037,16.94712],[82.19028,16.94712],[82.19018,16.9473],[82.1899,16.9473],[82.1899,16.94748],[82.18981,16.94748],[82.18981,16.94757],[82.18972,16.94757],[82.18962,16.94776],[82.18934,16.94776],[82.18934,16.94785],[82.18925,16.94785],[82.18925,16.94794],[82.18906,16.94794],[82.18897,16.94812],[82.18859,16.94812]]]},"properties":{"feature_id":"kakinada-00114","belt":"kakinada","district":"","area_ha":0.76,"lon":82.189485,"lat":16.947525,"source":"obia","sensor":"Sentinel-1 RTC (VV), 10 m","season":"2024 kharif","detected":true,"surveyed":false,"likely_block":false}},{"type":"Feature","geometry":{"type":"Polygon","coordinates":[[[82.244,16.93496],[82.244,16.93442],[82.24381,16.93442],[82.24381,16.93388],[82.244,16.93387],[82.24399,16.93378],[82.24446,16.93378],[82.24447,16.93487],[82.24438,16.93487],[82.24438,16.93496],[82.244,16.93496]]]},"properties":{"feature_id":"kakinada-00115","belt":"kakinada","district":"","area_ha":0.76,"lon":82.244178,"lat":16.934328,"source":"obia","sensor":"Sentinel-1 RTC (VV), 10 m","season":"2024 kharif","detected":true,"surveyed":false,"likely_block":false}},{"type":"Feature","geometry":{"type":"Polygon","coordinates":[[[82.14275,17.05413],[82.14275,17.05404],[82.14266,17.05404],[82.14265,17.05368],[82.14275,17.05368],[82.14275,17.05359],[82.14294,17.05359],[82.14294,17.0535],[82.14312,17.05349],[82.14312,17.0534],[82.14369,17.0534],[82.14378,17.05358],[82.14397,17.05358],[82.14397,17.05385],[82.14388,17.05385],[82.14388,17.05394],[82.14322,17.05395],[82.14322,17.05386],[82.14313,17.05386],[82.14313,17.05395],[82.14303,17.05395],[82.14303,17.05413],[82.14275,17.05413]]]},"properties":{"feature_id":"kakinada-00116","belt":"kakinada","district":"","area_ha":0.75,"lon":82.143286,"lat":17.053735,"source":"obia","sensor":"Sentinel-1 RTC (VV), 10 m","season":"2024 kharif","detected":true,"surveyed":false,"likely_block":false}},{"type":"Feature","geometry":{"type":"Polygon","coordinates":[[[82.16457,16.96616],[82.16457,16.96589],[82.16447,16.96589],[82.16447,16.96552],[82.16457,16.96552],[82.16457,16.96543],[82.16447,16.96543],[82.16447,16.96534],[82.16428,16.96525],[82.16428,16.9648],[82.16456,16.9648],[82.16456,16.96489],[82.16475,16.96489],[82.16475,16.96498],[82.16484,16.96498],[82.16485,16.96534],[82.16475,16.96534],[82.16475,16.96543],[82.16494,16.96543],[82.16494,16.9657],[82.16504,16.9657],[82.16504,16.96615],[82.16457,16.96616]]]},"properties":{"feature_id":"kakinada-00117","belt":"kakinada","district":"","area_ha":0.75,"lon":82.164667,"lat":16.965491,"source":"obia","sensor":"Sentinel-1 RTC (VV), 10 m","season":"2024 kharif","detected":true,"surveyed":false,"likely_block":false}},{"type":"Feature","geometry":{"type":"Polygon","coordinates":[[[82.21163,17.07],[82.21163,17.06991],[82.21154,17.06991],[82.21153,17.06964],[82.21163,17.06964],[82.21163,17.06928],[82.21172,17.06927],[82.21181,17.06909],[82.21219,17.06909],[82.21219,17.06927],[82.21228,17.06927],[82.21229,17.06963],[82.21238,17.06963],[82.21238,17.06999],[82.21163,17.07]]]},"properties":{"feature_id":"kakinada-00118","belt":"kakinada","district":"","area_ha":0.72,"lon":82.211965,"lat":17.069594,"source":"obia","sensor":"Sentinel-1 RTC (VV), 10 m","season":"2024 kharif","detected":true,"surveyed":false,"likely_block":false}},{"type":"Feature","geometry":{"type":"Polygon","coordinates":[[[82.28135,16.95922],[82.28135,16.95913],[82.28107,16.95913],[82.28106,16.95886],[82.28097,16.95886],[82.28097,16.9585],[82.28106,16.9585],[82.28106,16.95841],[82.28144,16.95841],[82.28144,16.95859],[82.28181,16.95858],[82.28181,16.95868],[82.28191,16.95867],[82.28191,16.95895],[82.282,16.95895],[82.28201,16.95913],[82.28172,16.95913],[82.28172,16.95922],[82.28135,16.95922]]]},"properties":{"feature_id":"kakinada-00119","belt":"kakinada","district":"","area_ha":0.71,"lon":82.281445,"lat":16.958833,"source":"obia","sensor":"Sentinel-1 RTC (VV), 10 m","season":"2024 kharif","detected":true,"surveyed":false,"likely_block":false}},{"type":"Feature","geometry":{"type":"Polygon","coordinates":[[[82.14799,17.11113],[82.14798,17.11086],[82.14789,17.11086],[82.14789,17.1105],[82.14836,17.11049],[82.14836,17.1104],[82.14892,17.11049],[82.14892,17.11094],[82.14864,17.11095],[82.14864,17.11104],[82.14827,17.11104],[82.14827,17.11113],[82.14799,17.11113]]]},"properties":{"feature_id":"kakinada-00120","belt":"kakinada","district":"","area_ha":0.67,"lon":82.148398,"lat":17.110751,"source":"obia","sensor":"Sentinel-1 RTC (VV), 10 m","season":"2024 kharif","detected":true,"surveyed":false,"likely_block":false}},{"type":"Feature","geometry":{"type":"Polygon","coordinates":[[[82.17084,17.06816],[82.17084,17.06789],[82.17093,17.06789],[82.17093,17.06753],[82.17102,17.06753],[82.17102,17.06744],[82.17083,17.06735],[82.17083,17.06671],[82.17121,17.06671],[82.17121,17.06689],[82.1713,17.06689],[82.1713,17.06734],[82.17121,17.06734],[82.17121,17.06743],[82.1713,17.06743],[82.17131,17.06798],[82.17121,17.06798],[82.17112,17.06816],[82.17084,17.06816]]]},"properties":{"feature_id":"kakinada-00121","belt":"kakinada","district":"","area_ha":0.67,"lon":82.171071,"lat":17.067408,"source":"obia","sensor":"Sentinel-1 RTC (VV), 10 m","season":"2024 kharif","detected":true,"surveyed":false,"likely_block":false}},{"type":"Feature","geometry":{"type":"Polygon","coordinates":[[[82.27333,16.99587],[82.27333,16.99569],[82.27324,16.99569],[82.27314,16.99551],[82.27295,16.99551],[82.27295,16.99524],[82.27314,16.99524],[82.27314,16.99515],[82.27342,16.99515],[82.27342,16.99524],[82.27352,16.99524],[82.27361,16.99542],[82.27371,16.99542],[82.2737,16.99533],[82.27389,16.99533],[82.27389,16.99524],[82.27427,16.99523],[82.27427,16.99551],[82.27418,16.99551],[82.27418,16.99569],[82.27361,16.99569],[82.27361,16.99587],[82.27333,16.99587]]]},"properties":{"feature_id":"kakinada-00122","belt":"kakinada","district":"","area_ha":0.67,"lon":82.2736,"lat":16.995478,"source":"obia","sensor":"Sentinel-1 RTC (VV), 10 m","season":"2024 kharif","detected":true,"surveyed":false,"likely_block":false}},{"type":"Feature","geometry":{"type":"Polygon","coordinates":[[[82.17575,16.95154],[82.17575,16.95145],[82.17565,16.95145],[82.17565,16.95091],[82.1765,16.9509],[82.1765,16.95099],[82.17659,16.95099],[82.17659,16.95145],[82.1765,16.95145],[82.1765,16.95154],[82.17575,16.95154]]]},"properties":{"feature_id":"kakinada-00123","belt":"kakinada","district":"","area_ha":0.67,"lon":82.176116,"lat":16.951219,"source":"obia","sensor":"Sentinel-1 RTC (VV), 10 m","season":"2024 kharif","detected":true,"surveyed":false,"likely_block":false}},{"type":"Feature","geometry":{"type":"Polygon","coordinates":[[[82.12455,16.94912],[82.12455,16.94903],[82.12437,16.94903],[82.12437,16.94885],[82.12418,16.94876],[82.12417,16.9484],[82.12427,16.9484],[82.12436,16.94822],[82.12464,16.94821],[82.12474,16.94839],[82.12493,16.94839],[82.12493,16.94848],[82.12502,16.94848],[82.12502,16.94884],[82.12493,16.94884],[82.12493,16.94912],[82.12455,16.94912]]]},"properties":{"feature_id":"kakinada-00124","belt":"kakinada","district":"","area_ha":0.67,"lon":82.124604,"lat":16.948667,"source":"obia","sensor":"Sentinel-1 RTC (VV), 10 m","season":"2024 kharif","detected":true,"surveyed":false,"likely_block":false}},{"type":"Feature","geometry":{"type":"Polygon","coordinates":[[[82.12492,16.97885],[82.12492,16.97849],[82.12482,16.97849],[82.12482,16.97822],[82.12501,16.97813],[82.12501,16.97768],[82.12538,16.97767],[82.12539,16.97849],[82.12548,16.97849],[82.12548,16.97876],[82.12539,16.97876],[82.12539,16.97885],[82.12492,16.97885]]]},"properties":{"feature_id":"kakinada-00125","belt":"kakinada","district":"","area_ha":0.66,"lon":82.125165,"lat":16.978311,"source":"obia","sensor":"Sentinel-1 RTC (VV), 10 m","season":"2024 kharif","detected":true,"surveyed":false,"likely_block":false}},{"type":"Feature","geometry":{"type":"Polygon","coordinates":[[[82.25979,16.96451],[82.25979,16.96442],[82.25969,16.96442],[82.25969,16.96415],[82.2596,16.96415],[82.25959,16.96369],[82.2595,16.96369],[82.2594,16.96315],[82.25987,16.96315],[82.25987,16.96333],[82.25997,16.96333],[82.25997,16.96414],[82.26007,16.96414],[82.26007,16.9645],[82.25979,16.96451]]]},"properties":{"feature_id":"kakinada-00126","belt":"kakinada","district":"","area_ha":0.66,"lon":82.259764,"lat":16.963777,"source":"obia","sensor":"Sentinel-1 RTC (VV), 10 m","season":"2024 kharif","detected":true,"surveyed":false,"likely_block":false}},{"type":"Feature","geometry":{"type":"Polygon","coordinates":[[[82.20961,16.95975],[82.20961,16.95966],[82.20923,16.95966],[82.20923,16.95957],[82.20904,16.95957],[82.20904,16.95948],[82.20867,16.95948],[82.20867,16.95939],[82.20857,16.95939],[82.20857,16.95912],[82.20904,16.95912],[82.20904,16.95921],[82.20942,16.95921],[82.20951,16.95939],[82.20979,16.95939],[82.20979,16.95948],[82.21017,16.95947],[82.21017,16.95975],[82.20961,16.95975]]]},"properties":{"feature_id":"kakinada-00127","belt":"kakinada","district":"","area_ha":0.64,"lon":82.209339,"lat":16.959443,"source":"obia","sensor":"Sentinel-1 RTC (VV), 10 m","season":"2024 kharif","detected":true,"surveyed":false,"likely_block":false}},{"type":"Feature","geometry":{"type":"Polygon","coordinates":[[[82.11841,17.10027],[82.11841,17.10018],[82.11831,17.10018],[82.11831,17.09955],[82.11906,17.09945],[82.11906,17.09954],[82.11916,17.09954],[82.11916,17.0999],[82.11906,17.0999],[82.11897,17.10008],[82.11878,17.10009],[82.11869,17.10027],[82.11841,17.10027]]]},"properties":{"feature_id":"kakinada-00128","belt":"kakinada","district":"","area_ha":0.63,"lon":82.1187,"lat":17.099832,"source":"obia","sensor":"Sentinel-1 RTC (VV), 10 m","season":"2024 kharif","detected":true,"surveyed":false,"likely_block":false}},{"type":"Feature","geometry":{"type":"Polygon","coordinates":[[[82.18881,17.08721],[82.18881,17.08694],[82.1889,17.08694],[82.1889,17.08685],[82.18928,17.08685],[82.18928,17.08676],[82.18947,17.08676],[82.18947,17.08667],[82.18965,17.08667],[82.18965,17.08658],[82.19012,17.08657],[82.19013,17.08685],[82.19003,17.08685],[82.18994,17.08703],[82.18975,17.08703],[82.18975,17.08712],[82.18947,17.08712],[82.18947,17.08721],[82.18881,17.08721]]]},"properties":{"feature_id":"kakinada-00129","belt":"kakinada","district":"","area_ha":0.62,"lon":82.189488,"lat":17.086917,"source":"obia","sensor":"Sentinel-1 RTC (VV), 10 m","season":"2024 kharif","detected":true,"surveyed":false,"likely_block":false}},{"type":"Feature","geometry":{"type":"Polygon","coordinates":[[[82.20147,17.08334],[82.20147,17.08325],[82.2011,17.08326],[82.20109,17.08262],[82.20185,17.08262],[82.20185,17.08298],[82.20194,17.08298],[82.20194,17.08325],[82.20176,17.08325],[82.20176,17.08334],[82.20147,17.08334]]]},"properties":{"feature_id":"kakinada-00130","belt":"kakinada","district":"","area_ha":0.62,"lon":82.201499,"lat":17.082964,"source":"obia","sensor":"Sentinel-1 RTC (VV), 10 m","season":"2024 kharif","detected":true,"surveyed":false,"likely_block":false}},{"type":"Feature","geometry":{"type":"Polygon","coordinates":[[[82.22631,17.05906],[82.22631,17.05897],[82.22603,17.05898],[82.22603,17.05889],[82.22593,17.05889],[82.22593,17.05862],[82.22603,17.05861],[82.22612,17.05843],[82.22631,17.05843],[82.2264,17.05825],[82.22668,17.05825],[82.22668,17.05834],[82.22678,17.05834],[82.22678,17.05897],[82.22669,17.05897],[82.22669,17.05906],[82.22631,17.05906]]]},"properties":{"feature_id":"kakinada-00131","belt":"kakinada","district":"","area_ha":0.62,"lon":82.226413,"lat":17.058683,"source":"obia","sensor":"Sentinel-1 RTC (VV), 10 m","season":"2024 kharif","detected":true,"surveyed":false,"likely_block":false}},{"type":"Feature","geometry":{"type":"Polygon","coordinates":[[[82.24402,17.07965],[82.24402,17.07956],[82.24392,17.07956],[82.24392,17.0792],[82.24402,17.0792],[82.24401,17.07911],[82.2442,17.07911],[82.2442,17.07893],[82.24476,17.07893],[82.24477,17.07956],[82.24449,17.07956],[82.24449,17.07965],[82.24402,17.07965]]]},"properties":{"feature_id":"kakinada-00132","belt":"kakinada","district":"","area_ha":0.61,"lon":82.244371,"lat":17.079298,"source":"obia","sensor":"Sentinel-1 RTC (VV), 10 m","season":"2024 kharif","detected":true,"surveyed":false,"likely_block":false}},{"type":"Feature","geometry":{"type":"Polygon","coordinates":[[[82.12724,16.97441],[82.12724,16.97369],[82.12752,16.97369],[82.12752,16.97378],[82.12761,16.97378],[82.12761,16.97368],[82.12789,16.97368],[82.12789,16.97377],[82.12799,16.97377],[82.12799,16.97432],[82.1279,16.97432],[82.1279,16.97441],[82.12724,16.97441]]]},"properties":{"feature_id":"kakinada-00133","belt":"kakinada","district":"","area_ha":0.61,"lon":82.127604,"lat":16.974052,"source":"obia","sensor":"Sentinel-1 RTC (VV), 10 m","season":"2024 kharif","detected":true,"surveyed":false,"likely_block":false}},{"type":"Feature","geometry":{"type":"Polygon","coordinates":[[[82.12861,16.96753],[82.1286,16.96681],[82.12851,16.96681],[82.12851,16.96654],[82.1286,16.96654],[82.1286,16.96636],[82.12898,16.96636],[82.12898,16.96699],[82.12907,16.96699],[82.12908,16.96753],[82.12861,16.96753]]]},"properties":{"feature_id":"kakinada-00134","belt":"kakinada","district":"","area_ha":0.61,"lon":82.128805,"lat":16.966963,"source":"obia","sensor":"Sentinel-1 RTC (VV), 10 m","season":"2024 kharif","detected":true,"surveyed":false,"likely_block":false}},{"type":"Feature","geometry":{"type":"Polygon","coordinates":[[[82.12249,17.10684],[82.12249,17.10648],[82.12258,17.10648],[82.12258,17.10603],[82.12305,17.10603],[82.12314,17.10621],[82.12333,17.10621],[82.12333,17.10648],[82.12324,17.10648],[82.12315,17.10666],[82.12296,17.10666],[82.12296,17.10684],[82.12249,17.10684]]]},"properties":{"feature_id":"kakinada-00135","belt":"kakinada","district":"","area_ha":0.6,"lon":82.122868,"lat":17.106428,"source":"obia","sensor":"Sentinel-1 RTC (VV), 10 m","season":"2024 kharif","detected":true,"surveyed":false,"likely_block":false}},{"type":"Feature","geometry":{"type":"Polygon","coordinates":[[[82.21276,17.06999],[82.21276,17.06981],[82.21266,17.06981],[82.21266,17.069],[82.21313,17.069],[82.21313,17.06927],[82.21322,17.06927],[82.21323,17.0699],[82.21304,17.0699],[82.21304,17.06999],[82.21276,17.06999]]]},"properties":{"feature_id":"kakinada-00136","belt":"kakinada","district":"","area_ha":0.59,"lon":82.212932,"lat":17.069483,"source":"obia","sensor":"Sentinel-1 RTC (VV), 10 m","season":"2024 kharif","detected":true,"surveyed":false,"likely_block":false}},{"type":"Feature","geometry":{"type":"Polygon","coordinates":[[[82.21693,17.00263],[82.21692,17.00191],[82.21702,17.00191],[82.21701,17.00173],[82.21711,17.00173],[82.21711,17.00164],[82.21748,17.00164],[82.21749,17.00254],[82.21693,17.00263]]]},"properties":{"feature_id":"kakinada-00137","belt":"kakinada","district":"","area_ha":0.59,"lon":82.217215,"lat":17.002138,"source":"obia","sensor":"Sentinel-1 RTC (VV), 10 m","season":"2024 kharif","detected":true,"surveyed":false,"likely_block":false}},{"type":"Feature","geometry":{"type":"Polygon","coordinates":[[[82.12837,16.9744],[82.12836,16.97368],[82.12893,16.97368],[82.12893,16.97377],[82.12912,16.97386],[82.12912,16.97431],[82.12902,16.97431],[82.12903,16.9744],[82.12874,16.9744],[82.12874,16.97431],[82.12865,16.97431],[82.12865,16.9744],[82.12837,16.9744]]]},"properties":{"feature_id":"kakinada-00138","belt":"kakinada","district":"","area_ha":0.59,"lon":82.128722,"lat":16.974044,"source":"obia","sensor":"Sentinel-1 RTC (VV), 10 m","season":"2024 kharif","detected":true,"surveyed":false,"likely_block":false}},{"type":"Feature","geometry":{"type":"Polygon","coordinates":[[[82.12621,16.97442],[82.12611,16.97369],[82.12677,16.97369],[82.12677,16.97378],[82.12686,16.97378],[82.12687,16.97441],[82.12621,16.97442]]]},"properties":{"feature_id":"kakinada-00139","belt":"kakinada","district":"","area_ha":0.59,"lon":82.126505,"lat":16.97405,"source":"obia","sensor":"Sentinel-1 RTC (VV), 10 m","season":"2024 kharif","detected":true,"surveyed":false,"likely_block":false}},{"type":"Feature","geometry":{"type":"Polygon","coordinates":[[[82.22776,16.93461],[82.22776,16.93451],[82.22747,16.93452],[82.22747,16.93443],[82.22738,16.93443],[82.22738,16.93379],[82.22756,16.93379],[82.22756,16.9337],[82.22784,16.9337],[82.22785,16.93397],[82.22775,16.93397],[82.22775,16.93415],[82.22813,16.93415],[82.22813,16.93424],[82.22822,16.93424],[82.22822,16.93451],[82.22813,16.93451],[82.22813,16.9346],[82.22776,16.93461]]]},"properties":{"feature_id":"kakinada-00140","belt":"kakinada","district":"","area_ha":0.59,"lon":82.227741,"lat":16.934206,"source":"obia","sensor":"Sentinel-1 RTC (VV), 10 m","season":"2024 kharif","detected":true,"surveyed":false,"likely_block":false}},{"type":"Feature","geometry":{"type":"Polygon","coordinates":[[[82.11996,16.98213],[82.11996,16.98204],[82.11987,16.98204],[82.11986,16.98141],[82.12043,16.98141],[82.12043,16.98159],[82.12062,16.98168],[82.12062,16.98213],[82.11996,16.98213]]]},"properties":{"feature_id":"kakinada-00141","belt":"kakinada","district":"","area_ha":0.58,"lon":82.120222,"lat":16.981785,"source":"obia","sensor":"Sentinel-1 RTC (VV), 10 m","season":"2024 kharif","detected":true,"surveyed":false,"likely_block":false}},{"type":"Feature","geometry":{"type":"Polygon","coordinates":[[[82.11947,17.07288],[82.11947,17.07279],[82.11928,17.0727],[82.11928,17.07234],[82.11937,17.07234],[82.11937,17.07225],[82.12003,17.07224],[82.12003,17.07233],[82.12012,17.07233],[82.12012,17.07278],[82.12003,17.07278],[82.12003,17.07287],[82.11947,17.07288]]]},"properties":{"feature_id":"kakinada-00142","belt":"kakinada","district":"","area_ha":0.57,"lon":82.119712,"lat":17.072552,"source":"obia","sensor":"Sentinel-1 RTC (VV), 10 m","season":"2024 kharif","detected":true,"surveyed":false,"likely_block":false}},{"type":"Feature","geometry":{"type":"Polygon","coordinates":[[[82.1246,16.97226],[82.1246,16.97217],[82.1245,16.97217],[82.1245,16.9718],[82.1246,16.9718],[82.12459,16.97162],[82.12535,16.97162],[82.12535,16.97198],[82.12525,16.97198],[82.12526,16.97225],[82.1246,16.97226]]]},"properties":{"feature_id":"kakinada-00143","belt":"kakinada","district":"","area_ha":0.57,"lon":82.124925,"lat":16.971931,"source":"obia","sensor":"Sentinel-1 RTC (VV), 10 m","season":"2024 kharif","detected":true,"surveyed":false,"likely_block":false}},{"type":"Feature","geometry":{"type":"Polygon","coordinates":[[[82.10574,17.11941],[82.10574,17.11914],[82.10593,17.11914],[82.10602,17.11896],[82.10621,17.11895],[82.10621,17.11877],[82.1063,17.11877],[82.1063,17.11868],[82.10639,17.11868],[82.10649,17.1185],[82.10677,17.1185],[82.10677,17.11895],[82.10668,17.11895],[82.10668,17.11904],[82.10658,17.11904],[82.10649,17.11922],[82.1063,17.11922],[82.1063,17.11932],[82.10612,17.11932],[82.10612,17.11941],[82.10574,17.11941]]]},"properties":{"feature_id":"kakinada-00144","belt":"kakinada","district":"","area_ha":0.56,"lon":82.106318,"lat":17.118987,"source":"obia","sensor":"Sentinel-1 RTC (VV), 10 m","season":"2024 kharif","detected":true,"surveyed":false,"likely_block":false}},{"type":"Feature","geometry":{"type":"Polygon","coordinates":[[[82.11266,17.11268],[82.11266,17.1125],[82.11247,17.11241],[82.11246,17.11214],[82.11256,17.11214],[82.11265,17.11196],[82.11312,17.11196],[82.11312,17.11205],[82.11331,17.11214],[82.11331,17.1125],[82.11322,17.1125],[82.11322,17.11259],[82.11294,17.11259],[82.11294,17.11268],[82.11266,17.11268]]]},"properties":{"feature_id":"kakinada-00145","belt":"kakinada","district":"","area_ha":0.56,"lon":82.112896,"lat":17.112302,"source":"obia","sensor":"Sentinel-1 RTC (VV), 10 m","season":"2024 kharif","detected":true,"surveyed":false,"likely_block":false}},{"type":"Feature","geometry":{"type":"Polygon","coordinates":[[[82.15646,17.03787],[82.15646,17.03778],[82.15637,17.03778],[82.15637,17.03769],[82.15618,17.0376],[82.15618,17.03724],[82.15627,17.03724],[82.15627,17.03706],[82.15674,17.03706],[82.15674,17.03724],[82.15693,17.03733],[82.15693,17.03769],[82.15684,17.03769],[82.15675,17.03787],[82.15646,17.03787]]]},"properties":{"feature_id":"kakinada-00146","belt":"kakinada","district":"","area_ha":0.56,"lon":82.156553,"lat":17.037454,"source":"obia","sensor":"Sentinel-1 RTC (VV), 10 m","season":"2024 kharif","detected":true,"surveyed":false,"likely_block":false}},{"type":"Feature","geometry":{"type":"Polygon","coordinates":[[[82.284,16.963],[82.284,16.96273],[82.28419,16.96264],[82.28419,16.96218],[82.28428,16.96218],[82.28428,16.962],[82.28456,16.962],[82.28456,16.96218],[82.28466,16.96218],[82.28466,16.9629],[82.28447,16.96291],[82.28447,16.963],[82.284,16.963]]]},"properties":{"feature_id":"kakinada-00147","belt":"kakinada","district":"","area_ha":0.56,"lon":82.284378,"lat":16.962555,"source":"obia","sensor":"Sentinel-1 RTC (VV), 10 m","season":"2024 kharif","detected":true,"surveyed":false,"likely_block":false}},{"type":"Feature","geometry":{"type":"Polygon","coordinates":[[[82.14809,17.11239],[82.14809,17.11194],[82.14912,17.11194],[82.14912,17.11239],[82.14809,17.11239]]]},"properties":{"feature_id":"kakinada-00148","belt":"kakinada","district":"","area_ha":0.55,"lon":82.148603,"lat":17.112165,"source":"obia","sensor":"Sentinel-1 RTC (VV), 10 m","season":"2024 kharif","detected":true,"surveyed":false,"likely_block":false}},{"type":"Feature","geometry":{"type":"Polygon","coordinates":[[[82.10247,17.07496],[82.10247,17.07487],[82.10228,17.07487],[82.10228,17.07442],[82.10237,17.07442],[82.10237,17.07424],[82.10303,17.07423],[82.10303,17.07459],[82.10294,17.0746],[82.10294,17.07487],[82.10285,17.07487],[82.10285,17.07496],[82.10247,17.07496]]]},"properties":{"feature_id":"kakinada-00149","belt":"kakinada","district":"","area_ha":0.55,"lon":82.102651,"lat":17.074576,"source":"obia","sensor":"Sentinel-1 RTC (VV), 10 m","season":"2024 kharif","detected":true,"surveyed":false,"likely_block":false}},{"type":"Feature","geometry":{"type":"Polygon","coordinates":[[[82.14708,16.97791],[82.14708,16.97755],[82.14698,16.97755],[82.14698,16.97728],[82.14773,16.97728],[82.14773,16.97737],[82.14783,16.97737],[82.14783,16.97782],[82.14755,16.97782],[82.14755,16.97791],[82.14708,16.97791]]]},"properties":{"feature_id":"kakinada-00150","belt":"kakinada","district":"","area_ha":0.55,"lon":82.147411,"lat":16.977577,"source":"obia","sensor":"Sentinel-1 RTC (VV), 10 m","season":"2024 kharif","detected":true,"surveyed":false,"likely_block":false}},{"type":"Feature","geometry":{"type":"Polygon","coordinates":[[[82.12534,16.97126],[82.12534,16.97117],[82.12487,16.97117],[82.12487,16.97081],[82.12497,16.97081],[82.12506,16.97063],[82.12572,16.97062],[82.12572,16.97126],[82.12534,16.97126]]]},"properties":{"feature_id":"kakinada-00151","belt":"kakinada","district":"","area_ha":0.55,"lon":82.125331,"lat":16.970929,"source":"obia","sensor":"Sentinel-1 RTC (VV), 10 m","season":"2024 kharif","detected":true,"surveyed":false,"likely_block":false}},{"type":"Feature","geometry":{"type":"Polygon","coordinates":[[[82.14716,17.0532],[82.14716,17.05293],[82.14735,17.05293],[82.14735,17.05284],[82.14754,17.05284],[82.14753,17.05275],[82.14782,17.05275],[82.14782,17.05265],[82.14829,17.05265],[82.14829,17.05292],[82.14819,17.05292],[82.14819,17.05301],[82.1481,17.05301],[82.14801,17.0532],[82.14716,17.0532]]]},"properties":{"feature_id":"kakinada-00152","belt":"kakinada","district":"","area_ha":0.53,"lon":82.147749,"lat":17.05295,"source":"obia","sensor":"Sentinel-1 RTC (VV), 10 m","season":"2024 kharif","detected":true,"surveyed":false,"likely_block":false}},{"type":"Feature","geometry":{"type":"Polygon","coordinates":[[[82.12662,17.02729],[82.12652,17.02711],[82.12633,17.02711],[82.12633,17.02684],[82.12643,17.02684],[82.12642,17.02638],[82.12671,17.02638],[82.12671,17.02665],[82.1269,17.02665],[82.1269,17.02674],[82.12699,17.02674],[82.12699,17.02701],[82.12709,17.02701],[82.12709,17.02728],[82.12662,17.02729]]]},"properties":{"feature_id":"kakinada-00153","belt":"kakinada","district":"","area_ha":0.53,"lon":82.126693,"lat":17.026895,"source":"obia","sensor":"Sentinel-1 RTC (VV), 10 m","season":"2024 kharif","detected":true,"surveyed":false,"likely_block":false}},{"type":"Feature","geometry":{"type":"Polygon","coordinates":[[[82.28948,17.03617],[82.28948,17.0359],[82.28939,17.0359],[82.28938,17.03554],[82.29004,17.03553],[82.29004,17.03562],[82.29023,17.03571],[82.29023,17.03598],[82.29014,17.03598],[82.29014,17.03608],[82.28986,17.03608],[82.28986,17.03617],[82.28948,17.03617]]]},"properties":{"feature_id":"kakinada-00154","belt":"kakinada","district":"","area_ha":0.52,"lon":82.289785,"lat":17.035831,"source":"obia","sensor":"Sentinel-1 RTC (VV), 10 m","season":"2024 kharif","detected":true,"surveyed":false,"likely_block":false}},{"type":"Feature","geometry":{"type":"Polygon","coordinates":[[[82.14737,16.97891],[82.14737,16.97864],[82.14727,16.97864],[82.14727,16.97828],[82.14755,16.97827],[82.14755,16.97818],[82.14793,16.97818],[82.14793,16.97845],[82.14802,16.97845],[82.14802,16.97881],[82.14774,16.97881],[82.14774,16.97891],[82.14737,16.97891]]]},"properties":{"feature_id":"kakinada-00155","belt":"kakinada","district":"","area_ha":0.52,"lon":82.147646,"lat":16.978544,"source":"obia","sensor":"Sentinel-1 RTC (VV), 10 m","season":"2024 kharif","detected":true,"surveyed":false,"likely_block":false}},{"type":"Feature","geometry":{"type":"Polygon","coordinates":[[[82.25422,16.96074],[82.25422,16.96065],[82.25394,16.96066],[82.25394,16.96057],[82.25384,16.96057],[82.25384,16.96011],[82.25403,16.96011],[82.25403,16.96002],[82.25431,16.96002],[82.25431,16.96011],[82.2544,16.96011],[82.2544,16.96029],[82.2545,16.96029],[82.2545,16.96038],[82.25469,16.96047],[82.25469,16.96074],[82.25422,16.96074]]]},"properties":{"feature_id":"kakinada-00156","belt":"kakinada","district":"","area_ha":0.52,"lon":82.254233,"lat":16.960413,"source":"obia","sensor":"Sentinel-1 RTC (VV), 10 m","season":"2024 kharif","detected":true,"surveyed":false,"likely_block":false}},{"type":"Feature","geometry":{"type":"Polygon","coordinates":[[[82.12586,17.02612],[82.12576,17.02594],[82.12558,17.02594],[82.12558,17.02585],[82.12548,17.02585],[82.12548,17.02558],[82.12539,17.02558],[82.12538,17.02521],[82.12567,17.02521],[82.12567,17.0253],[82.12576,17.0253],[82.12576,17.02539],[82.12585,17.02539],[82.12586,17.02548],[82.12595,17.02548],[82.12595,17.02557],[82.12614,17.02566],[82.12614,17.02611],[82.12586,17.02612]]]},"properties":{"feature_id":"kakinada-00157","belt":"kakinada","district":"","area_ha":0.51,"lon":82.125762,"lat":17.025673,"source":"obia","sensor":"Sentinel-1 RTC (VV), 10 m","season":"2024 kharif","detected":true,"surveyed":false,"likely_block":false}},{"type":"Feature","geometry":{"type":"Polygon","coordinates":[[[82.12725,16.97531],[82.12724,16.97477],[82.12771,16.97477],[82.12771,16.97468],[82.12799,16.97468],[82.128,16.97531],[82.12725,16.97531]]]},"properties":{"feature_id":"kakinada-00158","belt":"kakinada","district":"","area_ha":0.51,"lon":82.127634,"lat":16.975022,"source":"obia","sensor":"Sentinel-1 RTC (VV), 10 m","season":"2024 kharif","detected":true,"surveyed":false,"likely_block":false}},{"type":"Feature","geometry":{"type":"Polygon","coordinates":[[[82.12855,16.97323],[82.12854,16.9726],[82.1293,16.97259],[82.1293,16.97313],[82.12883,16.97314],[82.12883,16.97323],[82.12855,16.97323]]]},"properties":{"feature_id":"kakinada-00159","belt":"kakinada","district":"","area_ha":0.51,"lon":82.128909,"lat":16.972883,"source":"obia","sensor":"Sentinel-1 RTC (VV), 10 m","season":"2024 kharif","detected":true,"surveyed":false,"likely_block":false}},{"type":"Feature","geometry":{"type":"Polygon","coordinates":[[[82.16623,17.06828],[82.16623,17.06773],[82.16633,17.06773],[82.16632,17.06755],[82.16642,17.06755],[82.16642,17.06719],[82.16651,17.06719],[82.16651,17.06692],[82.16679,17.06692],[82.16679,17.06719],[82.1667,17.06719],[82.1667,17.06773],[82.16661,17.06773],[82.16652,17.06827],[82.16623,17.06828]]]},"properties":{"feature_id":"kakinada-00160","belt":"kakinada","district":"","area_ha":0.5,"lon":82.1665,"lat":17.067617,"source":"obia","sensor":"Sentinel-1 RTC (VV), 10 m","season":"2024 kharif","detected":true,"surveyed":false,"likely_block":false}},{"type":"Feature","geometry":{"type":"Polygon","coordinates":[[[82.28414,16.98243],[82.28413,16.98216],[82.28404,16.98216],[82.28404,16.98225],[82.28376,16.98225],[82.28376,16.98216],[82.28366,16.98216],[82.28366,16.98189],[82.28394,16.98189],[82.28394,16.98171],[82.28441,16.9817],[82.28451,16.98243],[82.28414,16.98243]]]},"properties":{"feature_id":"kakinada-00161","belt":"kakinada","district":"","area_ha":0.5,"lon":82.284134,"lat":16.982051,"source":"obia","sensor":"Sentinel-1 RTC (VV), 10 m","season":"2024 kharif","detected":true,"surveyed":false,"likely_block":false}},{"type":"Feature","geometry":{"type":"Polygon","coordinates":[[[82.24663,17.03364],[82.24663,17.03355],[82.24653,17.03355],[82.24653,17.03346],[82.24644,17.03346],[82.24634,17.03328],[82.24615,17.03328],[82.24615,17.03301],[82.24634,17.033],[82.24634,17.03282],[82.24671,17.03282],[82.24672,17.033],[82.2469,17.03309],[82.24691,17.03363],[82.24663,17.03364]]]},"properties":{"feature_id":"kakinada-00162","belt":"kakinada","district":"","area_ha":0.49,"lon":82.246578,"lat":17.033211,"source":"obia","sensor":"Sentinel-1 RTC (VV), 10 m","season":"2024 kharif","detected":true,"surveyed":false,"likely_block":false}},{"type":"Feature","geometry":{"type":"Polygon","coordinates":[[[82.28658,17.01088],[82.28658,17.01079],[82.28649,17.01079],[82.28649,17.0107],[82.2864,17.0107],[82.28639,17.01061],[82.28621,17.01052],[82.2862,17.01025],[82.28611,17.01025],[82.28611,17.00989],[82.28639,17.00989],[82.28639,17.01007],[82.28648,17.01007],[82.28649,17.01016],[82.28667,17.01025],[82.28668,17.01043],[82.28686,17.01052],[82.28687,17.01088],[82.28658,17.01088]]]},"properties":{"feature_id":"kakinada-00163","belt":"kakinada","district":"","area_ha":0.49,"lon":82.286475,"lat":17.010405,"source":"obia","sensor":"Sentinel-1 RTC (VV), 10 m","season":"2024 kharif","detected":true,"surveyed":false,"likely_block":false}},{"type":"Feature","geometry":{"type":"Polygon","coordinates":[[[82.18651,16.93078],[82.18651,16.93069],[82.18642,16.93069],[82.18642,16.93042],[82.18651,16.93042],[82.18651,16.93033],[82.1867,16.93033],[82.1867,16.93024],[82.18679,16.93024],[82.18679,16.93015],[82.18688,16.93015],[82.18698,16.92997],[82.18735,16.92996],[82.18735,16.93023],[82.18726,16.93024],[82.18726,16.93033],[82.18717,16.93033],[82.18717,16.93042],[82.18707,16.93042],[82.18707,16.93051],[82.18698,16.93051],[82.18698,16.9306],[82.18689,16.9306],[82.18679,16.93078],[82.18651,16.93078]]]},"properties":{"feature_id":"kakinada-00164","belt":"kakinada","district":"","area_ha":0.49,"lon":82.186877,"lat":16.930368,"source":"obia","sensor":"Sentinel-1 RTC (VV), 10 m","season":"2024 kharif","detected":true,"surveyed":false,"likely_block":false}},{"type":"Feature","geometry":{"type":"Polygon","coordinates":[[[82.2766,16.95139],[82.2766,16.9513],[82.27641,16.9513],[82.27641,16.95121],[82.27613,16.95121],[82.27613,16.95112],[82.27604,16.95112],[82.27604,16.95103],[82.27613,16.95103],[82.27613,16.95085],[82.27622,16.95085],[82.27622,16.95067],[82.2765,16.95066],[82.2765,16.95076],[82.2766,16.95075],[82.27669,16.95093],[82.27688,16.95093],[82.27698,16.95129],[82.2766,16.95139]]]},"properties":{"feature_id":"kakinada-00165","belt":"kakinada","district":"","area_ha":0.47,"lon":82.276508,"lat":16.951037,"source":"obia","sensor":"Sentinel-1 RTC (VV), 10 m","season":"2024 kharif","detected":true,"surveyed":false,"likely_block":false}},{"type":"Feature","geometry":{"type":"Polygon","coordinates":[[[82.22842,17.10912],[82.22842,17.10885],[82.22889,17.10885],[82.22889,17.10849],[82.22927,17.10848],[82.22927,17.10884],[82.22936,17.10884],[82.22936,17.10912],[82.22842,17.10912]]]},"properties":{"feature_id":"kakinada-00166","belt":"kakinada","district":"","area_ha":0.46,"lon":82.228958,"lat":17.108872,"source":"obia","sensor":"Sentinel-1 RTC (VV), 10 m","season":"2024 kharif","detected":true,"surveyed":false,"likely_block":false}},{"type":"Feature","geometry":{"type":"Polygon","coordinates":[[[82.14605,16.97819],[82.14605,16.97801],[82.14595,16.97801],[82.14595,16.97738],[82.14642,16.97738],[82.14652,16.9781],[82.14633,16.9781],[82.14633,16.97819],[82.14605,16.97819]]]},"properties":{"feature_id":"kakinada-00167","belt":"kakinada","district":"","area_ha":0.46,"lon":82.146213,"lat":16.977769,"source":"obia","sensor":"Sentinel-1 RTC (VV), 10 m","season":"2024 kharif","detected":true,"surveyed":false,"likely_block":false}},{"type":"Feature","geometry":{"type":"Polygon","coordinates":[[[82.1497,16.97618],[82.1497,16.97609],[82.1496,16.97609],[82.1496,16.97582],[82.1497,16.97582],[82.1497,16.97573],[82.14988,16.97573],[82.14988,16.97564],[82.15035,16.97564],[82.15035,16.97582],[82.15045,16.97582],[82.15045,16.97609],[82.15036,16.97609],[82.15036,16.97618],[82.1497,16.97618]]]},"properties":{"feature_id":"kakinada-00168","belt":"kakinada","district":"","area_ha":0.46,"lon":82.150036,"lat":16.975925,"source":"obia","sensor":"Sentinel-1 RTC (VV), 10 m","season":"2024 kharif","detected":true,"surveyed":false,"likely_block":false}},{"type":"Feature","geometry":{"type":"Polygon","coordinates":[[[82.12949,16.97431],[82.12949,16.97376],[82.13015,16.97376],[82.13015,16.97385],[82.13024,16.97385],[82.13025,16.97421],[82.13015,16.97421],[82.13015,16.9743],[82.12949,16.97431]]]},"properties":{"feature_id":"kakinada-00169","belt":"kakinada","district":"","area_ha":0.46,"lon":82.129854,"lat":16.974034,"source":"obia","sensor":"Sentinel-1 RTC (VV), 10 m","season":"2024 kharif","detected":true,"surveyed":false,"likely_block":false}},{"type":"Feature","geometry":{"type":"Polygon","coordinates":[[[82.16291,16.9705],[82.1629,16.97005],[82.163,16.97005],[82.163,16.96996],[82.16347,16.96996],[82.16347,16.96987],[82.16375,16.96987],[82.16375,16.97032],[82.16337,16.97032],[82.16337,16.97041],[82.16319,16.97041],[82.16319,16.9705],[82.16291,16.9705]]]},"properties":{"feature_id":"kakinada-00170","belt":"kakinada","district":"","area_ha":0.46,"lon":82.163314,"lat":16.970174,"source":"obia","sensor":"Sentinel-1 RTC (VV), 10 m","season":"2024 kharif","detected":true,"surveyed":false,"likely_block":false}},{"type":"Feature","geometry":{"type":"Polygon","coordinates":[[[82.21271,17.10659],[82.21271,17.10614],[82.21262,17.10614],[82.21261,17.10587],[82.21318,17.10578],[82.21318,17.1065],[82.21309,17.1065],[82.21309,17.10659],[82.21271,17.10659]]]},"properties":{"feature_id":"kakinada-00171","belt":"kakinada","district":"","area_ha":0.45,"lon":82.212925,"lat":17.106184,"source":"obia","sensor":"Sentinel-1 RTC (VV), 10 m","season":"2024 kharif","detected":true,"surveyed":false,"likely_block":false}},{"type":"Feature","geometry":{"type":"Polygon","coordinates":[[[82.12728,16.98155],[82.12728,16.98101],[82.12784,16.98091],[82.12784,16.981],[82.12794,16.981],[82.12794,16.98155],[82.12728,16.98155]]]},"properties":{"feature_id":"kakinada-00172","belt":"kakinada","district":"","area_ha":0.45,"lon":82.127614,"lat":16.981257,"source":"obia","sensor":"Sentinel-1 RTC (VV), 10 m","season":"2024 kharif","detected":true,"surveyed":false,"likely_block":false}},{"type":"Feature","geometry":{"type":"Polygon","coordinates":[[[82.14691,16.98126],[82.14691,16.98117],[82.14682,16.98117],[82.14681,16.98081],[82.14672,16.98081],[82.14672,16.98054],[82.14728,16.98053],[82.14728,16.98081],[82.14738,16.98081],[82.14738,16.98117],[82.14719,16.98117],[82.14719,16.98126],[82.14691,16.98126]]]},"properties":{"feature_id":"kakinada-00173","belt":"kakinada","district":"","area_ha":0.45,"lon":82.147056,"lat":16.980876,"source":"obia","sensor":"Sentinel-1 RTC (VV), 10 m","season":"2024 kharif","detected":true,"surveyed":false,"likely_block":false}},{"type":"Feature","geometry":{"type":"Polygon","coordinates":[[[82.12728,16.98065],[82.12727,16.98001],[82.12784,16.97992],[82.12784,16.98064],[82.12728,16.98065]]]},"properties":{"feature_id":"kakinada-00174","belt":"kakinada","district":"","area_ha":0.45,"lon":82.127564,"lat":16.980305,"source":"obia","sensor":"Sentinel-1 RTC (VV), 10 m","season":"2024 kharif","detected":true,"surveyed":false,"likely_block":false}},{"type":"Feature","geometry":{"type":"Polygon","coordinates":[[[82.12837,16.97531],[82.12837,16.97477],[82.12912,16.97476],[82.12903,16.9753],[82.12837,16.97531]]]},"properties":{"feature_id":"kakinada-00175","belt":"kakinada","district":"","area_ha":0.45,"lon":82.128724,"lat":16.975028,"source":"obia","sensor":"Sentinel-1 RTC (VV), 10 m","season":"2024 kharif","detected":true,"surveyed":false,"likely_block":false}},{"type":"Feature","geometry":{"type":"Polygon","coordinates":[[[82.12674,16.96944],[82.12674,16.96908],[82.12683,16.96908],[82.12693,16.9689],[82.12749,16.9689],[82.12749,16.96944],[82.12674,16.96944]]]},"properties":{"feature_id":"kakinada-00176","belt":"kakinada","district":"","area_ha":0.45,"lon":82.127136,"lat":16.969181,"source":"obia","sensor":"Sentinel-1 RTC (VV), 10 m","season":"2024 kharif","detected":true,"surveyed":false,"likely_block":false}},{"type":"Feature","geometry":{"type":"Polygon","coordinates":[[[82.1258,16.96854],[82.12579,16.968],[82.12645,16.968],[82.12645,16.96809],[82.12655,16.96809],[82.12655,16.96836],[82.12645,16.96836],[82.12645,16.96854],[82.1258,16.96854]]]},"properties":{"feature_id":"kakinada-00177","belt":"kakinada","district":"","area_ha":0.45,"lon":82.126149,"lat":16.968267,"source":"obia","sensor":"Sentinel-1 RTC (VV), 10 m","season":"2024 kharif","detected":true,"surveyed":false,"likely_block":false}},{"type":"Feature","geometry":{"type":"Polygon","coordinates":[[[82.17397,16.95182],[82.17396,16.95146],[82.17378,16.95137],[82.17377,16.9511],[82.17396,16.9511],[82.17396,16.95101],[82.17434,16.95101],[82.17434,16.95137],[82.17424,16.95137],[82.17425,16.95146],[82.17443,16.95155],[82.17444,16.95182],[82.17397,16.95182]]]},"properties":{"feature_id":"kakinada-00178","belt":"kakinada","district":"","area_ha":0.45,"lon":82.174121,"lat":16.951409,"source":"obia","sensor":"Sentinel-1 RTC (VV), 10 m","season":"2024 kharif","detected":true,"surveyed":false,"likely_block":false}},{"type":"Feature","geometry":{"type":"Polygon","coordinates":[[[82.26316,16.94903],[82.26315,16.94831],[82.26343,16.94831],[82.26343,16.9484],[82.26353,16.9484],[82.26362,16.94858],[82.26381,16.94857],[82.26381,16.94885],[82.26372,16.94885],[82.26372,16.94903],[82.26316,16.94903]]]},"properties":{"feature_id":"kakinada-00179","belt":"kakinada","district":"","area_ha":0.45,"lon":82.263435,"lat":16.948704,"source":"obia","sensor":"Sentinel-1 RTC (VV), 10 m","season":"2024 kharif","detected":true,"surveyed":false,"likely_block":false}},{"type":"Feature","geometry":{"type":"Polygon","coordinates":[[[82.22688,17.06051],[82.22688,17.06042],[82.2267,17.06042],[82.22669,17.06006],[82.22679,17.06006],[82.22679,17.05978],[82.22716,17.05978],[82.22716,17.05996],[82.22735,17.06005],[82.22735,17.06032],[82.22726,17.06032],[82.22726,17.06051],[82.22688,17.06051]]]},"properties":{"feature_id":"kakinada-00180","belt":"kakinada","district":"","area_ha":0.44,"lon":82.227013,"lat":17.060162,"source":"obia","sensor":"Sentinel-1 RTC (VV), 10 m","season":"2024 kharif","detected":true,"surveyed":false,"likely_block":false}},{"type":"Feature","geometry":{"type":"Polygon","coordinates":[[[82.14622,17.05284],[82.14622,17.05257],[82.14631,17.05257],[82.14631,17.0523],[82.1464,17.0523],[82.1464,17.05212],[82.1465,17.05212],[82.14659,17.05176],[82.14687,17.05176],[82.14687,17.05212],[82.14669,17.05221],[82.14669,17.05257],[82.14659,17.05257],[82.1466,17.05275],[82.1465,17.05275],[82.1465,17.05284],[82.14622,17.05284]]]},"properties":{"feature_id":"kakinada-00181","belt":"kakinada","district":"","area_ha":0.44,"lon":82.146551,"lat":17.052309,"source":"obia","sensor":"Sentinel-1 RTC (VV), 10 m","season":"2024 kharif","detected":true,"surveyed":false,"likely_block":false}},{"type":"Feature","geometry":{"type":"Polygon","coordinates":[[[82.28055,16.99438],[82.28055,16.99429],[82.28027,16.99429],[82.28027,16.9942],[82.28018,16.9942],[82.28017,16.99375],[82.28055,16.99375],[82.28065,16.99393],[82.28093,16.99393],[82.28093,16.99438],[82.28055,16.99438]]]},"properties":{"feature_id":"kakinada-00182","belt":"kakinada","district":"","area_ha":0.44,"lon":82.280544,"lat":16.994074,"source":"obia","sensor":"Sentinel-1 RTC (VV), 10 m","season":"2024 kharif","detected":true,"surveyed":false,"likely_block":false}},{"type":"Feature","geometry":{"type":"Polygon","coordinates":[[[82.16598,16.98178],[82.16598,16.98169],[82.16579,16.98169],[82.16579,16.9816],[82.1657,16.9816],[82.1657,16.98115],[82.16635,16.98115],[82.16636,16.98169],[82.16626,16.98169],[82.16626,16.98178],[82.16598,16.98178]]]},"properties":{"feature_id":"kakinada-00183","belt":"kakinada","district":"","area_ha":0.44,"lon":82.166038,"lat":16.981439,"source":"obia","sensor":"Sentinel-1 RTC (VV), 10 m","season":"2024 kharif","detected":true,"surveyed":false,"likely_block":false}},{"type":"Feature","geometry":{"type":"Polygon","coordinates":[[[82.1482,16.97646],[82.1482,16.97619],[82.14838,16.97619],[82.14838,16.9761],[82.14857,16.9761],[82.14857,16.97601],[82.14923,16.976],[82.14923,16.97628],[82.14914,16.97628],[82.14914,16.97637],[82.14885,16.97637],[82.14885,16.97646],[82.1482,16.97646]]]},"properties":{"feature_id":"kakinada-00184","belt":"kakinada","district":"","area_ha":0.44,"lon":82.148721,"lat":16.976235,"source":"obia","sensor":"Sentinel-1 RTC (VV), 10 m","season":"2024 kharif","detected":true,"surveyed":false,"likely_block":false}},{"type":"Feature","geometry":{"type":"Polygon","coordinates":[[[82.1264,16.97559],[82.1264,16.9755],[82.12631,16.9755],[82.1263,16.97487],[82.12687,16.97486],[82.12687,16.97541],[82.12678,16.97541],[82.12668,16.97559],[82.1264,16.97559]]]},"properties":{"feature_id":"kakinada-00185","belt":"kakinada","district":"","area_ha":0.44,"lon":82.126579,"lat":16.975201,"source":"obia","sensor":"Sentinel-1 RTC (VV), 10 m","season":"2024 kharif","detected":true,"surveyed":false,"likely_block":false}},{"type":"Feature","geometry":{"type":"Polygon","coordinates":[[[82.2152,17.08471],[82.2152,17.08417],[82.21567,17.08416],[82.21567,17.08425],[82.21595,17.08425],[82.21595,17.08461],[82.21577,17.08461],[82.21577,17.08471],[82.2152,17.08471]]]},"properties":{"feature_id":"kakinada-00186","belt":"kakinada","district":"","area_ha":0.43,"lon":82.215547,"lat":17.084441,"source":"obia","sensor":"Sentinel-1 RTC (VV), 10 m","season":"2024 kharif","detected":true,"surveyed":false,"likely_block":false}},{"type":"Feature","geometry":{"type":"Polygon","coordinates":[[[82.11995,16.98042],[82.11995,16.98023],[82.11986,16.98024],[82.11985,16.97996],[82.11995,16.97996],[82.11995,16.97987],[82.12032,16.97987],[82.12032,16.97996],[82.12051,16.97996],[82.12051,16.98014],[82.1207,16.98014],[82.1207,16.98041],[82.11995,16.98042]]]},"properties":{"feature_id":"kakinada-00187","belt":"kakinada","district":"","area_ha":0.43,"lon":82.120252,"lat":16.980169,"source":"obia","sensor":"Sentinel-1 RTC (VV), 10 m","season":"2024 kharif","detected":true,"surveyed":false,"likely_block":false}},{"type":"Feature","geometry":{"type":"Polygon","coordinates":[[[82.1295,16.9753],[82.1295,16.97476],[82.13015,16.97476],[82.13016,16.9753],[82.1295,16.9753]]]},"properties":{"feature_id":"kakinada-00188","belt":"kakinada","district":"","area_ha":0.42,"lon":82.129827,"lat":16.975028,"source":"obia","sensor":"Sentinel-1 RTC (VV), 10 m","season":"2024 kharif","detected":true,"surveyed":false,"likely_block":false}},{"type":"Feature","geometry":{"type":"Polygon","coordinates":[[[82.12563,16.97225],[82.12563,16.97171],[82.12629,16.9717],[82.12629,16.97225],[82.12563,16.97225]]]},"properties":{"feature_id":"kakinada-00189","belt":"kakinada","district":"","area_ha":0.42,"lon":82.125959,"lat":16.971977,"source":"obia","sensor":"Sentinel-1 RTC (VV), 10 m","season":"2024 kharif","detected":true,"surveyed":false,"likely_block":false}},{"type":"Feature","geometry":{"type":"Polygon","coordinates":[[[82.16642,16.96117],[82.16641,16.96072],[82.16651,16.96072],[82.16651,16.96063],[82.16707,16.96063],[82.16707,16.96081],[82.16717,16.96081],[82.16717,16.96108],[82.16689,16.96108],[82.16689,16.96117],[82.16642,16.96117]]]},"properties":{"feature_id":"kakinada-00190","belt":"kakinada","district":"","area_ha":0.42,"lon":82.166766,"lat":16.9609,"source":"obia","sensor":"Sentinel-1 RTC (VV), 10 m","season":"2024 kharif","detected":true,"surveyed":false,"likely_block":false}},{"type":"Feature","geometry":{"type":"Polygon","coordinates":[[[82.16529,16.96136],[82.16529,16.961],[82.16538,16.961],[82.16548,16.96082],[82.16595,16.96082],[82.16595,16.96091],[82.16604,16.96091],[82.16604,16.96127],[82.16576,16.96127],[82.16576,16.96136],[82.16529,16.96136]]]},"properties":{"feature_id":"kakinada-00191","belt":"kakinada","district":"","area_ha":0.41,"lon":82.165662,"lat":16.961092,"source":"obia","sensor":"Sentinel-1 RTC (VV), 10 m","season":"2024 kharif","detected":true,"surveyed":false,"likely_block":false}},{"type":"Feature","geometry":{"type":"Polygon","coordinates":[[[82.28247,17.06803],[82.28246,17.06794],[82.28237,17.06794],[82.28237,17.06785],[82.28218,17.06776],[82.28218,17.06749],[82.28256,17.06748],[82.28256,17.06757],[82.28293,17.06757],[82.28293,17.06766],[82.28303,17.06766],[82.28303,17.06793],[82.28284,17.06793],[82.28284,17.06802],[82.28247,17.06803]]]},"properties":{"feature_id":"kakinada-00192","belt":"kakinada","district":"","area_ha":0.4,"lon":82.282602,"lat":17.06775,"source":"obia","sensor":"Sentinel-1 RTC (VV), 10 m","season":"2024 kharif","detected":true,"surveyed":false,"likely_block":false}},{"type":"Feature","geometry":{"type":"Polygon","coordinates":[[[82.14794,16.98107],[82.14794,16.9808],[82.14785,16.9808],[82.14785,16.98035],[82.14831,16.98035],[82.14832,16.9808],[82.14841,16.9808],[82.14841,16.98107],[82.14794,16.98107]]]},"properties":{"feature_id":"kakinada-00193","belt":"kakinada","district":"","area_ha":0.4,"lon":82.148117,"lat":16.980711,"source":"obia","sensor":"Sentinel-1 RTC (VV), 10 m","season":"2024 kharif","detected":true,"surveyed":false,"likely_block":false}},{"type":"Feature","geometry":{"type":"Polygon","coordinates":[[[82.11779,16.98079],[82.11779,16.98061],[82.1177,16.98061],[82.1177,16.98016],[82.11826,16.98015],[82.11826,16.98079],[82.11779,16.98079]]]},"properties":{"feature_id":"kakinada-00194","belt":"kakinada","district":"","area_ha":0.4,"lon":82.117991,"lat":16.98046,"source":"obia","sensor":"Sentinel-1 RTC (VV), 10 m","season":"2024 kharif","detected":true,"surveyed":false,"likely_block":false}},{"type":"Feature","geometry":{"type":"Polygon","coordinates":[[[82.14662,16.98018],[82.14662,16.97991],[82.14653,16.97991],[82.14653,16.97954],[82.14662,16.97954],[82.14662,16.97945],[82.1469,16.97945],[82.1469,16.97954],[82.147,16.97954],[82.147,16.97972],[82.14709,16.97972],[82.14709,16.98017],[82.14662,16.98018]]]},"properties":{"feature_id":"kakinada-00195","belt":"kakinada","district":"","area_ha":0.4,"lon":82.146811,"lat":16.97983,"source":"obia","sensor":"Sentinel-1 RTC (VV), 10 m","season":"2024 kharif","detected":true,"surveyed":false,"likely_block":false}},{"type":"Feature","geometry":{"type":"Polygon","coordinates":[[[82.13157,16.97601],[82.13157,16.97547],[82.13213,16.97547],[82.13213,16.97556],[82.13223,16.97556],[82.13223,16.97592],[82.13213,16.97592],[82.13213,16.97601],[82.13157,16.97601]]]},"properties":{"feature_id":"kakinada-00196","belt":"kakinada","district":"","area_ha":0.4,"lon":82.131884,"lat":16.97574,"source":"obia","sensor":"Sentinel-1 RTC (VV), 10 m","season":"2024 kharif","detected":true,"surveyed":false,"likely_block":false}},{"type":"Feature","geometry":{"type":"Polygon","coordinates":[[[82.14801,16.97583],[82.148,16.97556],[82.14819,16.97556],[82.14819,16.97547],[82.14847,16.97547],[82.14847,16.97538],[82.14866,16.97538],[82.14866,16.97528],[82.14904,16.97528],[82.14904,16.97564],[82.14866,16.97565],[82.14866,16.97574],[82.14829,16.97574],[82.14829,16.97583],[82.14801,16.97583]]]},"properties":{"feature_id":"kakinada-00197","belt":"kakinada","district":"","area_ha":0.4,"lon":82.148549,"lat":16.975556,"source":"obia","sensor":"Sentinel-1 RTC (VV), 10 m","season":"2024 kharif","detected":true,"surveyed":false,"likely_block":false}},{"type":"Feature","geometry":{"type":"Polygon","coordinates":[[[82.15974,16.97531],[82.15974,16.97504],[82.15965,16.97504],[82.15964,16.97468],[82.15974,16.97468],[82.15974,16.97459],[82.16011,16.97459],[82.16011,16.97477],[82.16021,16.97477],[82.16021,16.97513],[82.16012,16.97513],[82.16012,16.97531],[82.15974,16.97531]]]},"properties":{"feature_id":"kakinada-00198","belt":"kakinada","district":"","area_ha":0.4,"lon":82.159928,"lat":16.974941,"source":"obia","sensor":"Sentinel-1 RTC (VV), 10 m","season":"2024 kharif","detected":true,"surveyed":false,"likely_block":false}},{"type":"Feature","geometry":{"type":"Polygon","coordinates":[[[82.12722,16.97134],[82.12722,16.97125],[82.12703,16.97125],[82.12703,16.9708],[82.12769,16.97079],[82.12769,16.97133],[82.12722,16.97134]]]},"properties":{"feature_id":"kakinada-00199","belt":"kakinada","district":"","area_ha":0.4,"lon":82.127374,"lat":16.971054,"source":"obia","sensor":"Sentinel-1 RTC (VV), 10 m","season":"2024 kharif","detected":true,"surveyed":false,"likely_block":false}},{"type":"Feature","geometry":{"type":"Polygon","coordinates":[[[82.12929,16.97142],[82.12928,16.97069],[82.12975,16.97069],[82.12976,16.97141],[82.12929,16.97142]]]},"properties":{"feature_id":"kakinada-00200","belt":"kakinada","district":"","area_ha":0.4,"lon":82.129522,"lat":16.971053,"source":"obia","sensor":"Sentinel-1 RTC (VV), 10 m","season":"2024 kharif","detected":true,"surveyed":false,"likely_block":false}},{"type":"Feature","geometry":{"type":"Polygon","coordinates":[[[82.12561,16.96936],[82.12561,16.96891],[82.12636,16.9689],[82.12637,16.96935],[82.12561,16.96936]]]},"properties":{"feature_id":"kakinada-00201","belt":"kakinada","district":"","area_ha":0.4,"lon":82.125989,"lat":16.96913,"source":"obia","sensor":"Sentinel-1 RTC (VV), 10 m","season":"2024 kharif","detected":true,"surveyed":false,"likely_block":false}},{"type":"Feature","geometry":{"type":"Polygon","coordinates":[[[82.12787,16.96935],[82.12787,16.96889],[82.12862,16.96889],[82.12862,16.96934],[82.12787,16.96935]]]},"properties":{"feature_id":"kakinada-00202","belt":"kakinada","district":"","area_ha":0.4,"lon":82.128242,"lat":16.969117,"source":"obia","sensor":"Sentinel-1 RTC (VV), 10 m","season":"2024 kharif","detected":true,"surveyed":false,"likely_block":false}},{"type":"Feature","geometry":{"type":"Polygon","coordinates":[[[82.16932,16.96062],[82.16932,16.95998],[82.16979,16.95998],[82.16979,16.96016],[82.16989,16.96016],[82.16989,16.96061],[82.16932,16.96062]]]},"properties":{"feature_id":"kakinada-00203","belt":"kakinada","district":"","area_ha":0.4,"lon":82.169593,"lat":16.960309,"source":"obia","sensor":"Sentinel-1 RTC (VV), 10 m","season":"2024 kharif","detected":true,"surveyed":false,"likely_block":false}},{"type":"Feature","geometry":{"type":"Polygon","coordinates":[[[82.20775,17.09542],[82.20784,17.09487],[82.20803,17.09478],[82.20803,17.0946],[82.20831,17.0946],[82.20832,17.09523],[82.20822,17.09523],[82.20822,17.09532],[82.20804,17.09533],[82.20804,17.09542],[82.20775,17.09542]]]},"properties":{"feature_id":"kakinada-00204","belt":"kakinada","district":"","area_ha":0.39,"lon":82.208066,"lat":17.095029,"source":"obia","sensor":"Sentinel-1 RTC (VV), 10 m","season":"2024 kharif","detected":true,"surveyed":false,"likely_block":false}},{"type":"Feature","geometry":{"type":"Polygon","coordinates":[[[82.29035,17.06644],[82.29035,17.06617],[82.29044,17.06617],[82.29044,17.06608],[82.29081,17.06608],[82.29081,17.06599],[82.29128,17.06598],[82.29129,17.06625],[82.2911,17.06625],[82.291,17.06644],[82.29035,17.06644]]]},"properties":{"feature_id":"kakinada-00205","belt":"kakinada","district":"","area_ha":0.39,"lon":82.290811,"lat":17.066219,"source":"obia","sensor":"Sentinel-1 RTC (VV), 10 m","season":"2024 kharif","detected":true,"surveyed":false,"likely_block":false}},{"type":"Feature","geometry":{"type":"Polygon","coordinates":[[[82.22139,17.05358],[82.22139,17.05295],[82.22186,17.05295],[82.22186,17.05313],[82.22195,17.05313],[82.22195,17.05349],[82.22186,17.05349],[82.22186,17.05358],[82.22139,17.05358]]]},"properties":{"feature_id":"kakinada-00206","belt":"kakinada","district":"","area_ha":0.39,"lon":82.221652,"lat":17.053268,"source":"obia","sensor":"Sentinel-1 RTC (VV), 10 m","season":"2024 kharif","detected":true,"surveyed":false,"likely_block":false}},{"type":"Feature","geometry":{"type":"Polygon","coordinates":[[[82.14765,16.9799],[82.14765,16.97972],[82.14756,16.97972],[82.14756,16.97936],[82.14765,16.97936],[82.14765,16.97927],[82.14812,16.97926],[82.14812,16.9799],[82.14765,16.9799]]]},"properties":{"feature_id":"kakinada-00207","belt":"kakinada","district":"","area_ha":0.39,"lon":82.147859,"lat":16.979578,"source":"obia","sensor":"Sentinel-1 RTC (VV), 10 m","season":"2024 kharif","detected":true,"surveyed":false,"likely_block":false}},{"type":"Feature","geometry":{"type":"Polygon","coordinates":[[[82.14624,16.97918],[82.14624,16.97855],[82.14671,16.97855],[82.14671,16.97882],[82.1468,16.97882],[82.1468,16.97918],[82.14624,16.97918]]]},"properties":{"feature_id":"kakinada-00208","belt":"kakinada","district":"","area_ha":0.39,"lon":82.146503,"lat":16.978881,"source":"obia","sensor":"Sentinel-1 RTC (VV), 10 m","season":"2024 kharif","detected":true,"surveyed":false,"likely_block":false}},{"type":"Feature","geometry":{"type":"Polygon","coordinates":[[[82.16084,16.96988],[82.16083,16.96961],[82.16102,16.96952],[82.16102,16.96934],[82.1614,16.96934],[82.1614,16.96943],[82.16158,16.96952],[82.16159,16.96979],[82.16149,16.96979],[82.16149,16.96988],[82.16084,16.96988]]]},"properties":{"feature_id":"kakinada-00209","belt":"kakinada","district":"","area_ha":0.39,"lon":82.161216,"lat":16.96964,"source":"obia","sensor":"Sentinel-1 RTC (VV), 10 m","season":"2024 kharif","detected":true,"surveyed":false,"likely_block":false}},{"type":"Feature","geometry":{"type":"Polygon","coordinates":[[[82.12786,16.96844],[82.12786,16.96799],[82.12852,16.96799],[82.12852,16.96808],[82.12861,16.96808],[82.12861,16.96844],[82.12786,16.96844]]]},"properties":{"feature_id":"kakinada-00210","belt":"kakinada","district":"","area_ha":0.39,"lon":82.128229,"lat":16.968218,"source":"obia","sensor":"Sentinel-1 RTC (VV), 10 m","season":"2024 kharif","detected":true,"surveyed":false,"likely_block":false}},{"type":"Feature","geometry":{"type":"Polygon","coordinates":[[[82.14678,17.1134],[82.14678,17.11312],[82.14668,17.11313],[82.14668,17.11276],[82.14724,17.11276],[82.14725,17.1133],[82.14715,17.1133],[82.14715,17.11339],[82.14678,17.1134]]]},"properties":{"feature_id":"kakinada-00211","belt":"kakinada","district":"","area_ha":0.38,"lon":82.146976,"lat":17.113057,"source":"obia","sensor":"Sentinel-1 RTC (VV), 10 m","season":"2024 kharif","detected":true,"surveyed":false,"likely_block":false}},{"type":"Feature","geometry":{"type":"Polygon","coordinates":[[[82.16803,17.08553],[82.16803,17.08517],[82.16794,17.08517],[82.16794,17.0849],[82.16803,17.0849],[82.16803,17.08481],[82.1685,17.0848],[82.1685,17.08525],[82.16831,17.08535],[82.16832,17.08553],[82.16803,17.08553]]]},"properties":{"feature_id":"kakinada-00212","belt":"kakinada","district":"","area_ha":0.38,"lon":82.168224,"lat":17.085122,"source":"obia","sensor":"Sentinel-1 RTC (VV), 10 m","season":"2024 kharif","detected":true,"surveyed":false,"likely_block":false}},{"type":"Feature","geometry":{"type":"Polygon","coordinates":[[[82.1246,16.97316],[82.1246,16.97262],[82.12526,16.97261],[82.12526,16.97307],[82.12488,16.97307],[82.12489,16.97316],[82.1246,16.97316]]]},"properties":{"feature_id":"kakinada-00213","belt":"kakinada","district":"","area_ha":0.38,"lon":82.124916,"lat":16.972863,"source":"obia","sensor":"Sentinel-1 RTC (VV), 10 m","season":"2024 kharif","detected":true,"surveyed":false,"likely_block":false}},{"type":"Feature","geometry":{"type":"Polygon","coordinates":[[[82.28243,16.98081],[82.28243,16.98045],[82.28253,16.98045],[82.28253,16.98036],[82.28318,16.98036],[82.28318,16.98045],[82.28328,16.98045],[82.28328,16.98072],[82.28272,16.98072],[82.28272,16.98081],[82.28243,16.98081]]]},"properties":{"feature_id":"kakinada-00214","belt":"kakinada","district":"","area_ha":0.37,"lon":82.282833,"lat":16.980566,"source":"obia","sensor":"Sentinel-1 RTC (VV), 10 m","season":"2024 kharif","detected":true,"surveyed":false,"likely_block":false}},{"type":"Feature","geometry":{"type":"Polygon","coordinates":[[[82.14507,16.9716],[82.14507,16.97151],[82.14488,16.97151],[82.14488,16.97124],[82.14497,16.97124],[82.14497,16.97115],[82.14563,16.97114],[82.14563,16.9716],[82.14507,16.9716]]]},"properties":{"feature_id":"kakinada-00215","belt":"kakinada","district":"","area_ha":0.37,"lon":82.145279,"lat":16.971367,"source":"obia","sensor":"Sentinel-1 RTC (VV), 10 m","season":"2024 kharif","detected":true,"surveyed":false,"likely_block":false}},{"type":"Feature","geometry":{"type":"Polygon","coordinates":[[[82.2283,17.03257],[82.2283,17.0323],[82.22839,17.0323],[82.22848,17.03212],[82.22867,17.03212],[82.22867,17.03203],[82.22905,17.03203],[82.22905,17.03248],[82.22877,17.03248],[82.22877,17.03239],[82.22867,17.03239],[82.22868,17.03257],[82.2283,17.03257]]]},"properties":{"feature_id":"kakinada-00216","belt":"kakinada","district":"","area_ha":0.36,"lon":82.228697,"lat":17.032303,"source":"obia","sensor":"Sentinel-1 RTC (VV), 10 m","season":"2024 kharif","detected":true,"surveyed":false,"likely_block":false}},{"type":"Feature","geometry":{"type":"Polygon","coordinates":[[[82.14597,16.98136],[82.14597,16.98117],[82.14588,16.98118],[82.14588,16.98072],[82.14634,16.98072],[82.14635,16.9809],[82.14644,16.9809],[82.14644,16.98126],[82.14625,16.98126],[82.14625,16.98135],[82.14597,16.98136]]]},"properties":{"feature_id":"kakinada-00217","belt":"kakinada","district":"","area_ha":0.36,"lon":82.146148,"lat":16.981023,"source":"obia","sensor":"Sentinel-1 RTC (VV), 10 m","season":"2024 kharif","detected":true,"surveyed":false,"likely_block":false}},{"type":"Feature","geometry":{"type":"Polygon","coordinates":[[[82.16764,16.96099],[82.16764,16.96081],[82.16754,16.96081],[82.16754,16.96045],[82.16763,16.96044],[82.16763,16.96035],[82.16801,16.96035],[82.16801,16.96062],[82.1681,16.96062],[82.16811,16.96098],[82.16764,16.96099]]]},"properties":{"feature_id":"kakinada-00218","belt":"kakinada","district":"","area_ha":0.36,"lon":82.167823,"lat":16.96068,"source":"obia","sensor":"Sentinel-1 RTC (VV), 10 m","season":"2024 kharif","detected":true,"surveyed":false,"likely_block":false}},{"type":"Feature","geometry":{"type":"Polygon","coordinates":[[[82.21136,17.07217],[82.21136,17.07208],[82.21127,17.07208],[82.21117,17.0719],[82.21089,17.0719],[82.21089,17.07163],[82.21155,17.07163],[82.21155,17.07172],[82.21164,17.07172],[82.21164,17.07217],[82.21136,17.07217]]]},"properties":{"feature_id":"kakinada-00219","belt":"kakinada","district":"","area_ha":0.35,"lon":82.211319,"lat":17.071853,"source":"obia","sensor":"Sentinel-1 RTC (VV), 10 m","season":"2024 kharif","detected":true,"surveyed":false,"likely_block":false}},{"type":"Feature","geometry":{"type":"Polygon","coordinates":[[[82.26374,16.99376],[82.26374,16.99367],[82.26364,16.99367],[82.26364,16.99304],[82.26392,16.99304],[82.26392,16.99313],[82.26411,16.99313],[82.26411,16.99358],[82.26402,16.99358],[82.26402,16.99376],[82.26374,16.99376]]]},"properties":{"feature_id":"kakinada-00220","belt":"kakinada","district":"","area_ha":0.35,"lon":82.263863,"lat":16.993395,"source":"obia","sensor":"Sentinel-1 RTC (VV), 10 m","season":"2024 kharif","detected":true,"surveyed":false,"likely_block":false}},{"type":"Feature","geometry":{"type":"Polygon","coordinates":[[[82.15057,16.98097],[82.15057,16.98043],[82.15123,16.98042],[82.15123,16.98069],[82.15113,16.98069],[82.15104,16.98087],[82.15085,16.98088],[82.15085,16.98097],[82.15057,16.98097]]]},"properties":{"feature_id":"kakinada-00221","belt":"kakinada","district":"","area_ha":0.35,"lon":82.150862,"lat":16.980661,"source":"obia","sensor":"Sentinel-1 RTC (VV), 10 m","season":"2024 kharif","detected":true,"surveyed":false,"likely_block":false}},{"type":"Feature","geometry":{"type":"Polygon","coordinates":[[[82.12573,16.97315],[82.12573,16.97306],[82.12564,16.97306],[82.12563,16.97261],[82.1262,16.97261],[82.1262,16.97315],[82.12573,16.97315]]]},"properties":{"feature_id":"kakinada-00222","belt":"kakinada","district":"","area_ha":0.35,"lon":82.125924,"lat":16.972874,"source":"obia","sensor":"Sentinel-1 RTC (VV), 10 m","season":"2024 kharif","detected":true,"surveyed":false,"likely_block":false}},{"type":"Feature","geometry":{"type":"Polygon","coordinates":[[[82.16309,16.96969],[82.16309,16.96942],[82.16318,16.96942],[82.16318,16.96924],[82.16384,16.96923],[82.16384,16.9695],[82.16374,16.96951],[82.16365,16.96969],[82.16309,16.96969]]]},"properties":{"feature_id":"kakinada-00223","belt":"kakinada","district":"","area_ha":0.35,"lon":82.163456,"lat":16.969457,"source":"obia","sensor":"Sentinel-1 RTC (VV), 10 m","season":"2024 kharif","detected":true,"surveyed":false,"likely_block":false}},{"type":"Feature","geometry":{"type":"Polygon","coordinates":[[[82.16486,16.96832],[82.16486,16.96796],[82.16496,16.96796],[82.16505,16.96778],[82.16552,16.96778],[82.16552,16.96814],[82.16543,16.96814],[82.16543,16.96823],[82.16524,16.96823],[82.16524,16.96832],[82.16486,16.96832]]]},"properties":{"feature_id":"kakinada-00224","belt":"kakinada","district":"","area_ha":0.35,"lon":82.165189,"lat":16.968044,"source":"obia","sensor":"Sentinel-1 RTC (VV), 10 m","season":"2024 kharif","detected":true,"surveyed":false,"likely_block":false}},{"type":"Feature","geometry":{"type":"Polygon","coordinates":[[[82.26734,16.95696],[82.26734,16.95687],[82.26678,16.95678],[82.26678,16.95651],[82.26753,16.9565],[82.26753,16.9566],[82.26762,16.95659],[82.26762,16.95696],[82.26734,16.95696]]]},"properties":{"feature_id":"kakinada-00225","belt":"kakinada","district":"","area_ha":0.35,"lon":82.267233,"lat":16.956698,"source":"obia","sensor":"Sentinel-1 RTC (VV), 10 m","season":"2024 kharif","detected":true,"surveyed":false,"likely_block":false}},{"type":"Feature","geometry":{"type":"Polygon","coordinates":[[[82.10793,17.05993],[82.10793,17.05966],[82.10802,17.05965],[82.10802,17.05947],[82.10811,17.05947],[82.10811,17.05938],[82.1083,17.05938],[82.1083,17.05929],[82.10858,17.05929],[82.10858,17.05956],[82.10849,17.05956],[82.10849,17.05974],[82.1084,17.05974],[82.1083,17.05992],[82.10793,17.05993]]]},"properties":{"feature_id":"kakinada-00226","belt":"kakinada","district":"","area_ha":0.34,"lon":82.108254,"lat":17.059616,"source":"obia","sensor":"Sentinel-1 RTC (VV), 10 m","season":"2024 kharif","detected":true,"surveyed":false,"likely_block":false}},{"type":"Feature","geometry":{"type":"Polygon","coordinates":[[[82.12667,16.97315],[82.12667,16.97306],[82.12658,16.97306],[82.12657,16.9727],[82.12667,16.9727],[82.12667,16.97261],[82.12714,16.9726],[82.12714,16.97315],[82.12667,16.97315]]]},"properties":{"feature_id":"kakinada-00227","belt":"kakinada","district":"","area_ha":0.34,"lon":82.12687,"lat":16.972876,"source":"obia","sensor":"Sentinel-1 RTC (VV), 10 m","season":"2024 kharif","detected":true,"surveyed":false,"likely_block":false}},{"type":"Feature","geometry":{"type":"Polygon","coordinates":[[[82.12692,16.96854],[82.12692,16.96799],[82.12739,16.96799],[82.12739,16.96808],[82.12748,16.96808],[82.12749,16.96844],[82.12739,16.96844],[82.12739,16.96853],[82.12692,16.96854]]]},"properties":{"feature_id":"kakinada-00228","belt":"kakinada","district":"","area_ha":0.34,"lon":82.12719,"lat":16.968264,"source":"obia","sensor":"Sentinel-1 RTC (VV), 10 m","season":"2024 kharif","detected":true,"surveyed":false,"likely_block":false}},{"type":"Feature","geometry":{"type":"Polygon","coordinates":[[[82.16857,16.9608],[82.16857,16.96062],[82.16839,16.96053],[82.16838,16.96026],[82.16848,16.96026],[82.16848,16.96017],[82.16885,16.96017],[82.16885,16.96035],[82.16895,16.96035],[82.16895,16.9608],[82.16857,16.9608]]]},"properties":{"feature_id":"kakinada-00229","belt":"kakinada","district":"","area_ha":0.34,"lon":82.168688,"lat":16.960476,"source":"obia","sensor":"Sentinel-1 RTC (VV), 10 m","season":"2024 kharif","detected":true,"surveyed":false,"likely_block":false}},{"type":"Feature","geometry":{"type":"Polygon","coordinates":[[[82.24279,16.95051],[82.24279,16.95042],[82.2426,16.95042],[82.2426,16.95015],[82.24335,16.95006],[82.24335,16.95051],[82.24279,16.95051]]]},"properties":{"feature_id":"kakinada-00230","belt":"kakinada","district":"","area_ha":0.34,"lon":82.243008,"lat":16.950296,"source":"obia","sensor":"Sentinel-1 RTC (VV), 10 m","season":"2024 kharif","detected":true,"surveyed":false,"likely_block":false}},{"type":"Feature","geometry":{"type":"Polygon","coordinates":[[[82.12325,16.98284],[82.12325,16.98275],[82.12316,16.98275],[82.12316,16.98257],[82.12306,16.98257],[82.12306,16.98212],[82.12344,16.98211],[82.12344,16.98238],[82.12353,16.98238],[82.12353,16.98284],[82.12325,16.98284]]]},"properties":{"feature_id":"kakinada-00231","belt":"kakinada","district":"","area_ha":0.33,"lon":82.1233,"lat":16.982466,"source":"obia","sensor":"Sentinel-1 RTC (VV), 10 m","season":"2024 kharif","detected":true,"surveyed":false,"likely_block":false}},{"type":"Feature","geometry":{"type":"Polygon","coordinates":[[[82.12738,16.98236],[82.12738,16.98218],[82.12729,16.98218],[82.12729,16.98191],[82.12757,16.98191],[82.12757,16.98182],[82.12794,16.98182],[82.12794,16.98218],[82.12785,16.98218],[82.12785,16.98227],[82.12766,16.98227],[82.12766,16.98236],[82.12738,16.98236]]]},"properties":{"feature_id":"kakinada-00232","belt":"kakinada","district":"","area_ha":0.33,"lon":82.127624,"lat":16.982075,"source":"obia","sensor":"Sentinel-1 RTC (VV), 10 m","season":"2024 kharif","detected":true,"surveyed":false,"likely_block":false}},{"type":"Feature","geometry":{"type":"Polygon","coordinates":[[[82.14578,16.98036],[82.14578,16.98027],[82.14568,16.98027],[82.14568,16.97973],[82.14606,16.97973],[82.14606,16.97982],[82.14615,16.97982],[82.14615,16.98036],[82.14578,16.98036]]]},"properties":{"feature_id":"kakinada-00233","belt":"kakinada","district":"","area_ha":0.33,"lon":82.145918,"lat":16.980045,"source":"obia","sensor":"Sentinel-1 RTC (VV), 10 m","season":"2024 kharif","detected":true,"surveyed":false,"likely_block":false}},{"type":"Feature","geometry":{"type":"Polygon","coordinates":[[[82.15083,16.97735],[82.15083,16.97717],[82.15074,16.97717],[82.15073,16.97672],[82.1512,16.97672],[82.15121,16.97735],[82.15083,16.97735]]]},"properties":{"feature_id":"kakinada-00234","belt":"kakinada","district":"","area_ha":0.33,"lon":82.150983,"lat":16.97702,"source":"obia","sensor":"Sentinel-1 RTC (VV), 10 m","season":"2024 kharif","detected":true,"surveyed":false,"likely_block":false}},{"type":"Feature","geometry":{"type":"Polygon","coordinates":[[[82.12752,16.97314],[82.12751,16.97269],[82.12761,16.97269],[82.12761,16.9726],[82.12789,16.9726],[82.12789,16.97269],[82.12808,16.97269],[82.12808,16.97314],[82.12752,16.97314]]]},"properties":{"feature_id":"kakinada-00235","belt":"kakinada","district":"","area_ha":0.33,"lon":82.127791,"lat":16.972891,"source":"obia","sensor":"Sentinel-1 RTC (VV), 10 m","season":"2024 kharif","detected":true,"surveyed":false,"likely_block":false}},{"type":"Feature","geometry":{"type":"Polygon","coordinates":[[[82.1615,16.9716],[82.1615,16.97105],[82.16197,16.97105],[82.16197,16.97114],[82.16206,16.97114],[82.16207,16.97141],[82.16197,16.97141],[82.16197,16.97159],[82.1615,16.9716]]]},"properties":{"feature_id":"kakinada-00236","belt":"kakinada","district":"","area_ha":0.33,"lon":82.161763,"lat":16.97132,"source":"obia","sensor":"Sentinel-1 RTC (VV), 10 m","season":"2024 kharif","detected":true,"surveyed":false,"likely_block":false}},{"type":"Feature","geometry":{"type":"Polygon","coordinates":[[[82.12534,16.97026],[82.12534,16.9699],[82.12543,16.9699],[82.12543,16.96981],[82.12599,16.96981],[82.12599,16.97017],[82.1259,16.97017],[82.1259,16.97026],[82.12534,16.97026]]]},"properties":{"feature_id":"kakinada-00237","belt":"kakinada","district":"","area_ha":0.33,"lon":82.125665,"lat":16.970035,"source":"obia","sensor":"Sentinel-1 RTC (VV), 10 m","season":"2024 kharif","detected":true,"surveyed":false,"likely_block":false}},{"type":"Feature","geometry":{"type":"Polygon","coordinates":[[[82.16317,16.96797],[82.16317,16.96788],[82.16308,16.96788],[82.16308,16.96779],[82.16289,16.9677],[82.16289,16.96752],[82.16279,16.96752],[82.16279,16.96725],[82.16307,16.96725],[82.16307,16.96734],[82.16326,16.96743],[82.16326,16.96761],[82.16345,16.9677],[82.16345,16.96797],[82.16317,16.96797]]]},"properties":{"feature_id":"kakinada-00238","belt":"kakinada","district":"","area_ha":0.33,"lon":82.163118,"lat":16.967613,"source":"obia","sensor":"Sentinel-1 RTC (VV), 10 m","season":"2024 kharif","detected":true,"surveyed":false,"likely_block":false}},{"type":"Feature","geometry":{"type":"Polygon","coordinates":[[[82.27176,16.9582],[82.27176,16.95811],[82.27167,16.95811],[82.27167,16.95802],[82.27148,16.95793],[82.27148,16.95766],[82.27195,16.95765],[82.27195,16.95774],[82.27214,16.95783],[82.27214,16.95801],[82.27223,16.95801],[82.27223,16.9581],[82.27204,16.9581],[82.27205,16.95819],[82.27176,16.9582]]]},"properties":{"feature_id":"kakinada-00239","belt":"kakinada","district":"","area_ha":0.33,"lon":82.271829,"lat":16.957909,"source":"obia","sensor":"Sentinel-1 RTC (VV), 10 m","season":"2024 kharif","detected":true,"surveyed":false,"likely_block":false}},{"type":"Feature","geometry":{"type":"Polygon","coordinates":[[[82.26099,16.94832],[82.26099,16.94787],[82.26127,16.94787],[82.26127,16.94796],[82.26174,16.94795],[82.26174,16.94832],[82.26146,16.94832],[82.26146,16.94823],[82.26127,16.94823],[82.26127,16.94832],[82.26099,16.94832]]]},"properties":{"feature_id":"kakinada-00240","belt":"kakinada","district":"","area_ha":0.33,"lon":82.261345,"lat":16.948109,"source":"obia","sensor":"Sentinel-1 RTC (VV), 10 m","season":"2024 kharif","detected":true,"surveyed":false,"likely_block":false}},{"type":"Feature","geometry":{"type":"Polygon","coordinates":[[[82.22539,17.09061],[82.22539,17.09034],[82.22558,17.09034],[82.22558,17.09025],[82.22623,17.09025],[82.22624,17.09052],[82.22605,17.09052],[82.22605,17.09061],[82.22539,17.09061]]]},"properties":{"feature_id":"kakinada-00241","belt":"kakinada","district":"","area_ha":0.32,"lon":82.225812,"lat":17.090429,"source":"obia","sensor":"Sentinel-1 RTC (VV), 10 m","season":"2024 kharif","detected":true,"surveyed":false,"likely_block":false}},{"type":"Feature","geometry":{"type":"Polygon","coordinates":[[[82.16375,17.06097],[82.16374,17.06061],[82.16384,17.06061],[82.16384,17.06034],[82.16412,17.06033],[82.16412,17.06052],[82.16431,17.0606],[82.16431,17.06088],[82.16412,17.06088],[82.16412,17.06097],[82.16375,17.06097]]]},"properties":{"feature_id":"kakinada-00242","belt":"kakinada","district":"","area_ha":0.32,"lon":82.164006,"lat":17.060683,"source":"obia","sensor":"Sentinel-1 RTC (VV), 10 m","season":"2024 kharif","detected":true,"surveyed":false,"likely_block":false}},{"type":"Feature","geometry":{"type":"Polygon","coordinates":[[[82.13024,16.9884],[82.13023,16.98795],[82.13089,16.98795],[82.13089,16.98831],[82.13061,16.98831],[82.13061,16.9884],[82.13024,16.9884]]]},"properties":{"feature_id":"kakinada-00243","belt":"kakinada","district":"","area_ha":0.32,"lon":82.130546,"lat":16.988158,"source":"obia","sensor":"Sentinel-1 RTC (VV), 10 m","season":"2024 kharif","detected":true,"surveyed":false,"likely_block":false}},{"type":"Feature","geometry":{"type":"Polygon","coordinates":[[[82.14941,16.97537],[82.14941,16.9751],[82.1495,16.9751],[82.1495,16.97501],[82.14979,16.97501],[82.14978,16.97492],[82.15016,16.97491],[82.15016,16.97528],[82.14988,16.97528],[82.14988,16.97537],[82.14941,16.97537]]]},"properties":{"feature_id":"kakinada-00244","belt":"kakinada","district":"","area_ha":0.32,"lon":82.149798,"lat":16.975151,"source":"obia","sensor":"Sentinel-1 RTC (VV), 10 m","season":"2024 kharif","detected":true,"surveyed":false,"likely_block":false}},{"type":"Feature","geometry":{"type":"Polygon","coordinates":[[[82.16245,16.97213],[82.16244,16.97168],[82.16254,16.97168],[82.16254,16.97141],[82.16282,16.97141],[82.16282,16.97177],[82.16291,16.97177],[82.16292,16.97204],[82.16282,16.97204],[82.16282,16.97213],[82.16245,16.97213]]]},"properties":{"feature_id":"kakinada-00245","belt":"kakinada","district":"","area_ha":0.32,"lon":82.162667,"lat":16.971805,"source":"obia","sensor":"Sentinel-1 RTC (VV), 10 m","season":"2024 kharif","detected":true,"surveyed":false,"likely_block":false}},{"type":"Feature","geometry":{"type":"Polygon","coordinates":[[[82.12899,16.96925],[82.12899,16.96889],[82.12974,16.96888],[82.12975,16.96924],[82.12899,16.96925]]]},"properties":{"feature_id":"kakinada-00246","belt":"kakinada","district":"","area_ha":0.32,"lon":82.129369,"lat":16.969066,"source":"obia","sensor":"Sentinel-1 RTC (VV), 10 m","season":"2024 kharif","detected":true,"surveyed":false,"likely_block":false}},{"type":"Feature","geometry":{"type":"Polygon","coordinates":[[[82.16844,16.96903],[82.16844,16.96894],[82.16834,16.96894],[82.16834,16.96867],[82.16844,16.96866],[82.16843,16.96857],[82.16862,16.96857],[82.16862,16.96848],[82.169,16.96848],[82.169,16.96884],[82.16881,16.96884],[82.16872,16.96902],[82.16844,16.96903]]]},"properties":{"feature_id":"kakinada-00247","belt":"kakinada","district":"","area_ha":0.32,"lon":82.168673,"lat":16.968743,"source":"obia","sensor":"Sentinel-1 RTC (VV), 10 m","season":"2024 kharif","detected":true,"surveyed":false,"likely_block":false}},{"type":"Feature","geometry":{"type":"Polygon","coordinates":[[[82.16598,16.96669],[82.16598,16.96624],[82.16617,16.96624],[82.16617,16.96615],[82.16645,16.96615],[82.16645,16.96633],[82.16654,16.96633],[82.16655,16.96669],[82.16598,16.96669]]]},"properties":{"feature_id":"kakinada-00248","belt":"kakinada","district":"","area_ha":0.32,"lon":82.166259,"lat":16.966443,"source":"obia","sensor":"Sentinel-1 RTC (VV), 10 m","season":"2024 kharif","detected":true,"surveyed":false,"likely_block":false}},{"type":"Feature","geometry":{"type":"Polygon","coordinates":[[[82.14852,16.9207],[82.14852,16.92061],[82.14842,16.92061],[82.14842,16.92033],[82.14851,16.92033],[82.14851,16.92024],[82.14879,16.92024],[82.1488,16.92033],[82.14917,16.92042],[82.14917,16.92069],[82.14852,16.9207]]]},"properties":{"feature_id":"kakinada-00249","belt":"kakinada","district":"","area_ha":0.32,"lon":82.148778,"lat":16.920497,"source":"obia","sensor":"Sentinel-1 RTC (VV), 10 m","season":"2024 kharif","detected":true,"surveyed":false,"likely_block":false}},{"type":"Feature","geometry":{"type":"Polygon","coordinates":[[[82.20232,17.06816],[82.20231,17.0677],[82.2025,17.0677],[82.2025,17.06761],[82.20288,17.06761],[82.20279,17.06815],[82.20232,17.06816]]]},"properties":{"feature_id":"kakinada-00250","belt":"kakinada","district":"","area_ha":0.31,"lon":82.202584,"lat":17.067889,"source":"obia","sensor":"Sentinel-1 RTC (VV), 10 m","season":"2024 kharif","detected":true,"surveyed":false,"likely_block":false}},{"type":"Feature","geometry":{"type":"Polygon","coordinates":[[[82.15307,17.036],[82.15307,17.0359],[82.15298,17.03591],[82.15297,17.03572],[82.15288,17.03573],[82.15288,17.03545],[82.15316,17.03545],[82.15316,17.03554],[82.15335,17.03554],[82.15335,17.03563],[82.15354,17.03572],[82.15354,17.03599],[82.15307,17.036]]]},"properties":{"feature_id":"kakinada-00251","belt":"kakinada","district":"","area_ha":0.31,"lon":82.1532,"lat":17.035743,"source":"obia","sensor":"Sentinel-1 RTC (VV), 10 m","season":"2024 kharif","detected":true,"surveyed":false,"likely_block":false}},{"type":"Feature","geometry":{"type":"Polygon","coordinates":[[[82.15122,16.97988],[82.15122,16.97952],[82.15132,16.97952],[82.15131,16.97943],[82.15169,16.97943],[82.15169,16.97952],[82.15188,16.97951],[82.15188,16.97979],[82.15179,16.97979],[82.15179,16.97988],[82.15122,16.97988]]]},"properties":{"feature_id":"kakinada-00252","belt":"kakinada","district":"","area_ha":0.31,"lon":82.151536,"lat":16.979664,"source":"obia","sensor":"Sentinel-1 RTC (VV), 10 m","season":"2024 kharif","detected":true,"surveyed":false,"likely_block":false}},{"type":"Feature","geometry":{"type":"Polygon","coordinates":[[[82.15945,16.97432],[82.15945,16.97387],[82.15955,16.97387],[82.15954,16.97369],[82.15992,16.97368],[82.15992,16.97423],[82.15974,16.97423],[82.15974,16.97432],[82.15945,16.97432]]]},"properties":{"feature_id":"kakinada-00253","belt":"kakinada","district":"","area_ha":0.31,"lon":82.15969,"lat":16.973999,"source":"obia","sensor":"Sentinel-1 RTC (VV), 10 m","season":"2024 kharif","detected":true,"surveyed":false,"likely_block":false}},{"type":"Feature","geometry":{"type":"Polygon","coordinates":[[[82.25898,16.95656],[82.25888,16.95584],[82.25926,16.95583],[82.25926,16.95619],[82.25935,16.95619],[82.25936,16.95647],[82.25926,16.95647],[82.25926,16.95656],[82.25898,16.95656]]]},"properties":{"feature_id":"kakinada-00254","belt":"kakinada","district":"","area_ha":0.31,"lon":82.259116,"lat":16.956193,"source":"obia","sensor":"Sentinel-1 RTC (VV), 10 m","season":"2024 kharif","detected":true,"surveyed":false,"likely_block":false}},{"type":"Feature","geometry":{"type":"Polygon","coordinates":[[[82.21662,17.07105],[82.21662,17.07078],[82.21756,17.07078],[82.21756,17.07105],[82.21662,17.07105]]]},"properties":{"feature_id":"kakinada-00255","belt":"kakinada","district":"","area_ha":0.3,"lon":82.217086,"lat":17.070915,"source":"obia","sensor":"Sentinel-1 RTC (VV), 10 m","season":"2024 kharif","detected":true,"surveyed":false,"likely_block":false}},{"type":"Feature","geometry":{"type":"Polygon","coordinates":[[[82.2169,17.07042],[82.21689,17.07015],[82.21708,17.07015],[82.21708,17.07006],[82.21764,17.07005],[82.21765,17.07041],[82.2169,17.07042]]]},"properties":{"feature_id":"kakinada-00256","belt":"kakinada","district":"","area_ha":0.3,"lon":82.217289,"lat":17.070245,"source":"obia","sensor":"Sentinel-1 RTC (VV), 10 m","season":"2024 kharif","detected":true,"surveyed":false,"likely_block":false}},{"type":"Feature","geometry":{"type":"Polygon","coordinates":[[[82.17181,17.04249],[82.1718,17.04203],[82.1719,17.04203],[82.1719,17.04185],[82.17218,17.04185],[82.17218,17.04203],[82.17227,17.04203],[82.17227,17.04239],[82.17218,17.04239],[82.17218,17.04248],[82.17181,17.04249]]]},"properties":{"feature_id":"kakinada-00257","belt":"kakinada","district":"","area_ha":0.3,"lon":82.172033,"lat":17.042189,"source":"obia","sensor":"Sentinel-1 RTC (VV), 10 m","season":"2024 kharif","detected":true,"surveyed":false,"likely_block":false}},{"type":"Feature","geometry":{"type":"Polygon","coordinates":[[[82.12921,16.98913],[82.12921,16.98877],[82.12958,16.98877],[82.12958,16.98868],[82.12986,16.98868],[82.12986,16.98904],[82.12977,16.98904],[82.12977,16.98913],[82.12921,16.98913]]]},"properties":{"feature_id":"kakinada-00258","belt":"kakinada","district":"","area_ha":0.3,"lon":82.129544,"lat":16.988922,"source":"obia","sensor":"Sentinel-1 RTC (VV), 10 m","season":"2024 kharif","detected":true,"surveyed":false,"likely_block":false}},{"type":"Feature","geometry":{"type":"Polygon","coordinates":[[[82.12391,16.98229],[82.12391,16.9822],[82.12381,16.9822],[82.12381,16.98202],[82.12372,16.98202],[82.12371,16.98157],[82.124,16.98157],[82.124,16.98175],[82.12409,16.98175],[82.12409,16.98193],[82.12419,16.98193],[82.12419,16.98229],[82.12391,16.98229]]]},"properties":{"feature_id":"kakinada-00259","belt":"kakinada","district":"","area_ha":0.3,"lon":82.123942,"lat":16.981939,"source":"obia","sensor":"Sentinel-1 RTC (VV), 10 m","season":"2024 kharif","detected":true,"surveyed":false,"likely_block":false}},{"type":"Feature","geometry":{"type":"Polygon","coordinates":[[[82.11864,16.98069],[82.11864,16.9806],[82.11854,16.9806],[82.11854,16.98006],[82.11892,16.98006],[82.11901,16.9806],[82.11892,16.9806],[82.11892,16.98069],[82.11864,16.98069]]]},"properties":{"feature_id":"kakinada-00260","belt":"kakinada","district":"","area_ha":0.3,"lon":82.118756,"lat":16.980372,"source":"obia","sensor":"Sentinel-1 RTC (VV), 10 m","season":"2024 kharif","detected":true,"surveyed":false,"likely_block":false}},{"type":"Feature","geometry":{"type":"Polygon","coordinates":[[[82.1192,16.9806],[82.1192,16.98006],[82.11929,16.98006],[82.11929,16.97997],[82.11957,16.97997],[82.11967,16.98051],[82.11958,16.98051],[82.11958,16.9806],[82.1192,16.9806]]]},"properties":{"feature_id":"kakinada-00261","belt":"kakinada","district":"","area_ha":0.3,"lon":82.119413,"lat":16.980296,"source":"obia","sensor":"Sentinel-1 RTC (VV), 10 m","season":"2024 kharif","detected":true,"surveyed":false,"likely_block":false}},{"type":"Feature","geometry":{"type":"Polygon","coordinates":[[[82.12666,16.97224],[82.12666,16.97179],[82.12723,16.97179],[82.12723,16.97224],[82.12666,16.97224]]]},"properties":{"feature_id":"kakinada-00262","belt":"kakinada","district":"","area_ha":0.3,"lon":82.126945,"lat":16.972017,"source":"obia","sensor":"Sentinel-1 RTC (VV), 10 m","season":"2024 kharif","detected":true,"surveyed":false,"likely_block":false}},{"type":"Feature","geometry":{"type":"Polygon","coordinates":[[[82.12619,16.97125],[82.12619,16.97071],[82.12666,16.97071],[82.12666,16.97125],[82.12619,16.97125]]]},"properties":{"feature_id":"kakinada-00263","belt":"kakinada","district":"","area_ha":0.3,"lon":82.126422,"lat":16.97098,"source":"obia","sensor":"Sentinel-1 RTC (VV), 10 m","season":"2024 kharif","detected":true,"surveyed":false,"likely_block":false}},{"type":"Feature","geometry":{"type":"Polygon","coordinates":[[[82.16844,16.97011],[82.16844,16.97002],[82.16816,16.97002],[82.16816,16.96975],[82.16825,16.96975],[82.16825,16.96966],[82.16872,16.96966],[82.16872,16.96975],[82.16882,16.96975],[82.16882,16.97011],[82.16844,16.97011]]]},"properties":{"feature_id":"kakinada-00264","belt":"kakinada","district":"","area_ha":0.3,"lon":82.168509,"lat":16.969879,"source":"obia","sensor":"Sentinel-1 RTC (VV), 10 m","season":"2024 kharif","detected":true,"surveyed":false,"likely_block":false}},{"type":"Feature","geometry":{"type":"Polygon","coordinates":[[[82.16206,16.96988],[82.16206,16.96979],[82.16196,16.96979],[82.16196,16.96952],[82.16224,16.96951],[82.16224,16.96942],[82.16262,16.96942],[82.16262,16.96978],[82.16253,16.96978],[82.16253,16.96987],[82.16206,16.96988]]]},"properties":{"feature_id":"kakinada-00265","belt":"kakinada","district":"","area_ha":0.3,"lon":82.162309,"lat":16.969655,"source":"obia","sensor":"Sentinel-1 RTC (VV), 10 m","season":"2024 kharif","detected":true,"surveyed":false,"likely_block":false}},{"type":"Feature","geometry":{"type":"Polygon","coordinates":[[[82.16158,16.96916],[82.16158,16.96888],[82.16167,16.96888],[82.16167,16.96879],[82.16224,16.9687],[82.16224,16.96915],[82.16158,16.96916]]]},"properties":{"feature_id":"kakinada-00266","belt":"kakinada","district":"","area_ha":0.3,"lon":82.161934,"lat":16.968957,"source":"obia","sensor":"Sentinel-1 RTC (VV), 10 m","season":"2024 kharif","detected":true,"surveyed":false,"likely_block":false}},{"type":"Feature","geometry":{"type":"Polygon","coordinates":[[[82.14917,16.96733],[82.14917,16.96724],[82.14908,16.96724],[82.14908,16.9667],[82.14917,16.9667],[82.14917,16.96661],[82.14945,16.9666],[82.14946,16.96733],[82.14917,16.96733]]]},"properties":{"feature_id":"kakinada-00267","belt":"kakinada","district":"","area_ha":0.3,"lon":82.149276,"lat":16.966966,"source":"obia","sensor":"Sentinel-1 RTC (VV), 10 m","season":"2024 kharif","detected":true,"surveyed":false,"likely_block":false}},{"type":"Feature","geometry":{"type":"Polygon","coordinates":[[[82.16269,16.96644],[82.16269,16.96635],[82.1625,16.96626],[82.1625,16.9659],[82.1626,16.9659],[82.1626,16.96581],[82.16288,16.9658],[82.16288,16.96589],[82.16297,16.96589],[82.16297,16.96644],[82.16269,16.96644]]]},"properties":{"feature_id":"kakinada-00268","belt":"kakinada","district":"","area_ha":0.3,"lon":82.162753,"lat":16.966115,"source":"obia","sensor":"Sentinel-1 RTC (VV), 10 m","season":"2024 kharif","detected":true,"surveyed":false,"likely_block":false}},{"type":"Feature","geometry":{"type":"Polygon","coordinates":[[[82.10999,16.94721],[82.10999,16.94676],[82.11055,16.94675],[82.11055,16.94721],[82.10999,16.94721]]]},"properties":{"feature_id":"kakinada-00269","belt":"kakinada","district":"","area_ha":0.3,"lon":82.110268,"lat":16.946982,"source":"obia","sensor":"Sentinel-1 RTC (VV), 10 m","season":"2024 kharif","detected":true,"surveyed":false,"likely_block":false}},{"type":"Feature","geometry":{"type":"Polygon","coordinates":[[[82.11767,16.94418],[82.11767,16.94373],[82.11804,16.94373],[82.11814,16.94391],[82.11833,16.94391],[82.11833,16.94418],[82.11767,16.94418]]]},"properties":{"feature_id":"kakinada-00270","belt":"kakinada","district":"","area_ha":0.3,"lon":82.117963,"lat":16.943981,"source":"obia","sensor":"Sentinel-1 RTC (VV), 10 m","season":"2024 kharif","detected":true,"surveyed":false,"likely_block":false}},{"type":"Feature","geometry":{"type":"Polygon","coordinates":[[[82.15063,16.97509],[82.15063,16.975],[82.15054,16.975],[82.15053,16.97473],[82.1511,16.97464],[82.1511,16.97482],[82.15119,16.97482],[82.15119,16.97509],[82.15063,16.97509]]]},"properties":{"feature_id":"kakinada-00271","belt":"kakinada","district":"","area_ha":0.29,"lon":82.150869,"lat":16.974889,"source":"obia","sensor":"Sentinel-1 RTC (VV), 10 m","season":"2024 kharif","detected":true,"surveyed":false,"likely_block":false}},{"type":"Feature","geometry":{"type":"Polygon","coordinates":[[[82.14983,16.96732],[82.14983,16.96696],[82.14992,16.96696],[82.14992,16.96687],[82.15039,16.96687],[82.1504,16.96732],[82.14983,16.96732]]]},"properties":{"feature_id":"kakinada-00272","belt":"kakinada","district":"","area_ha":0.29,"lon":82.150121,"lat":16.967103,"source":"obia","sensor":"Sentinel-1 RTC (VV), 10 m","season":"2024 kharif","detected":true,"surveyed":false,"likely_block":false}},{"type":"Feature","geometry":{"type":"Polygon","coordinates":[[[82.12711,16.96745],[82.1271,16.967],[82.1272,16.967],[82.1272,16.96691],[82.12757,16.96691],[82.12758,16.96745],[82.12711,16.96745]]]},"properties":{"feature_id":"kakinada-00273","belt":"kakinada","district":"","area_ha":0.29,"lon":82.127345,"lat":16.967187,"source":"obia","sensor":"Sentinel-1 RTC (VV), 10 m","season":"2024 kharif","detected":true,"surveyed":false,"likely_block":false}},{"type":"Feature","geometry":{"type":"Polygon","coordinates":[[[82.13819,16.95266],[82.13819,16.95239],[82.13828,16.95239],[82.13828,16.95221],[82.13885,16.9522],[82.13885,16.95256],[82.13847,16.95257],[82.13847,16.95266],[82.13819,16.95266]]]},"properties":{"feature_id":"kakinada-00274","belt":"kakinada","district":"","area_ha":0.29,"lon":82.13852,"lat":16.952414,"source":"obia","sensor":"Sentinel-1 RTC (VV), 10 m","season":"2024 kharif","detected":true,"surveyed":false,"likely_block":false}},{"type":"Feature","geometry":{"type":"Polygon","coordinates":[[[82.20044,17.08317],[82.20044,17.08299],[82.20034,17.08299],[82.20034,17.08245],[82.20062,17.08245],[82.20062,17.08263],[82.20072,17.08263],[82.20072,17.08317],[82.20044,17.08317]]]},"properties":{"feature_id":"kakinada-00275","belt":"kakinada","district":"","area_ha":0.28,"lon":82.200531,"lat":17.082808,"source":"obia","sensor":"Sentinel-1 RTC (VV), 10 m","season":"2024 kharif","detected":true,"surveyed":false,"likely_block":false}},{"type":"Feature","geometry":{"type":"Polygon","coordinates":[[[82.14938,17.06223],[82.14938,17.06186],[82.14947,17.06186],[82.14947,17.06168],[82.14984,17.06168],[82.14985,17.06222],[82.14938,17.06223]]]},"properties":{"feature_id":"kakinada-00276","belt":"kakinada","district":"","area_ha":0.28,"lon":82.149625,"lat":17.061967,"source":"obia","sensor":"Sentinel-1 RTC (VV), 10 m","season":"2024 kharif","detected":true,"surveyed":false,"likely_block":false}},{"type":"Feature","geometry":{"type":"Polygon","coordinates":[[[82.12071,16.98113],[82.12071,16.98104],[82.12061,16.98104],[82.12061,16.98077],[82.1207,16.98077],[82.1207,16.98068],[82.12117,16.98068],[82.12118,16.98113],[82.12071,16.98113]]]},"properties":{"feature_id":"kakinada-00277","belt":"kakinada","district":"","area_ha":0.28,"lon":82.12091,"lat":16.980907,"source":"obia","sensor":"Sentinel-1 RTC (VV), 10 m","season":"2024 kharif","detected":true,"surveyed":false,"likely_block":false}},{"type":"Feature","geometry":{"type":"Polygon","coordinates":[[[82.13141,16.98089],[82.13141,16.98035],[82.13169,16.98035],[82.13169,16.98044],[82.13188,16.98044],[82.13188,16.98089],[82.13141,16.98089]]]},"properties":{"feature_id":"kakinada-00278","belt":"kakinada","district":"","area_ha":0.28,"lon":82.131635,"lat":16.980638,"source":"obia","sensor":"Sentinel-1 RTC (VV), 10 m","season":"2024 kharif","detected":true,"surveyed":false,"likely_block":false}},{"type":"Feature","geometry":{"type":"Polygon","coordinates":[[[82.12474,16.97985],[82.12474,16.97958],[82.12492,16.97957],[82.12492,16.97948],[82.12549,16.97948],[82.12549,16.97975],[82.1253,16.97975],[82.1253,16.97984],[82.12474,16.97985]]]},"properties":{"feature_id":"kakinada-00279","belt":"kakinada","district":"","area_ha":0.28,"lon":82.125112,"lat":16.979664,"source":"obia","sensor":"Sentinel-1 RTC (VV), 10 m","season":"2024 kharif","detected":true,"surveyed":false,"likely_block":false}},{"type":"Feature","geometry":{"type":"Polygon","coordinates":[[[82.14944,16.97926],[82.14943,16.97871],[82.14981,16.97871],[82.14981,16.9788],[82.1499,16.9788],[82.1499,16.97916],[82.14981,16.97916],[82.14981,16.97925],[82.14944,16.97926]]]},"properties":{"feature_id":"kakinada-00280","belt":"kakinada","district":"","area_ha":0.28,"lon":82.149655,"lat":16.978985,"source":"obia","sensor":"Sentinel-1 RTC (VV), 10 m","season":"2024 kharif","detected":true,"surveyed":false,"likely_block":false}},{"type":"Feature","geometry":{"type":"Polygon","coordinates":[[[82.16708,16.97789],[82.16708,16.97753],[82.16718,16.97753],[82.16717,16.97744],[82.16764,16.97744],[82.16765,16.9778],[82.16755,16.9778],[82.16755,16.97789],[82.16708,16.97789]]]},"properties":{"feature_id":"kakinada-00281","belt":"kakinada","district":"","area_ha":0.28,"lon":82.167364,"lat":16.977664,"source":"obia","sensor":"Sentinel-1 RTC (VV), 10 m","season":"2024 kharif","detected":true,"surveyed":false,"likely_block":false}},{"type":"Feature","geometry":{"type":"Polygon","coordinates":[[[82.14999,16.97736],[82.14998,16.97672],[82.15036,16.97672],[82.15036,16.97735],[82.14999,16.97736]]]},"properties":{"feature_id":"kakinada-00282","belt":"kakinada","district":"","area_ha":0.28,"lon":82.150173,"lat":16.977039,"source":"obia","sensor":"Sentinel-1 RTC (VV), 10 m","season":"2024 kharif","detected":true,"surveyed":false,"likely_block":false}},{"type":"Feature","geometry":{"type":"Polygon","coordinates":[[[82.15158,16.97726],[82.15158,16.97671],[82.15196,16.97671],[82.15196,16.97689],[82.15205,16.97689],[82.15205,16.97725],[82.15158,16.97726]]]},"properties":{"feature_id":"kakinada-00283","belt":"kakinada","district":"","area_ha":0.28,"lon":82.151803,"lat":16.976997,"source":"obia","sensor":"Sentinel-1 RTC (VV), 10 m","season":"2024 kharif","detected":true,"surveyed":false,"likely_block":false}},{"type":"Feature","geometry":{"type":"Polygon","coordinates":[[[82.16075,16.9716],[82.16075,16.97133],[82.16066,16.97133],[82.16065,16.97097],[82.16103,16.97097],[82.16103,16.97106],[82.16112,16.97106],[82.16103,16.9716],[82.16075,16.9716]]]},"properties":{"feature_id":"kakinada-00284","belt":"kakinada","district":"","area_ha":0.28,"lon":82.160883,"lat":16.97126,"source":"obia","sensor":"Sentinel-1 RTC (VV), 10 m","season":"2024 kharif","detected":true,"surveyed":false,"likely_block":false}},{"type":"Feature","geometry":{"type":"Polygon","coordinates":[[[82.1675,16.96867],[82.16749,16.9684],[82.16759,16.9684],[82.16768,16.96822],[82.16787,16.96822],[82.16787,16.96813],[82.16815,16.96812],[82.16815,16.9684],[82.16806,16.9684],[82.16806,16.96849],[82.16787,16.96849],[82.16787,16.96867],[82.1675,16.96867]]]},"properties":{"feature_id":"kakinada-00285","belt":"kakinada","district":"","area_ha":0.28,"lon":82.167821,"lat":16.9684,"source":"obia","sensor":"Sentinel-1 RTC (VV), 10 m","season":"2024 kharif","detected":true,"surveyed":false,"likely_block":false}},{"type":"Feature","geometry":{"type":"Polygon","coordinates":[[[82.16616,16.9657],[82.16616,16.96524],[82.16625,16.96524],[82.16625,16.96515],[82.16663,16.96515],[82.16663,16.9656],[82.16654,16.9656],[82.16654,16.96569],[82.16616,16.9657]]]},"properties":{"feature_id":"kakinada-00286","belt":"kakinada","district":"","area_ha":0.28,"lon":82.166396,"lat":16.965423,"source":"obia","sensor":"Sentinel-1 RTC (VV), 10 m","season":"2024 kharif","detected":true,"surveyed":false,"likely_block":false}},{"type":"Feature","geometry":{"type":"Polygon","coordinates":[[[82.11044,16.94395],[82.11043,16.94323],[82.11072,16.94323],[82.11072,16.9435],[82.11081,16.9435],[82.11081,16.94386],[82.11072,16.94386],[82.11072,16.94395],[82.11044,16.94395]]]},"properties":{"feature_id":"kakinada-00287","belt":"kakinada","district":"","area_ha":0.28,"lon":82.110604,"lat":16.943604,"source":"obia","sensor":"Sentinel-1 RTC (VV), 10 m","season":"2024 kharif","detected":true,"surveyed":false,"likely_block":false}},{"type":"Feature","geometry":{"type":"Polygon","coordinates":[[[82.1292,16.9885],[82.1292,16.98841],[82.12911,16.98841],[82.12911,16.98814],[82.12976,16.98813],[82.12977,16.9885],[82.1292,16.9885]]]},"properties":{"feature_id":"kakinada-00288","belt":"kakinada","district":"","area_ha":0.27,"lon":82.129448,"lat":16.988311,"source":"obia","sensor":"Sentinel-1 RTC (VV), 10 m","season":"2024 kharif","detected":true,"surveyed":false,"likely_block":false}},{"type":"Feature","geometry":{"type":"Polygon","coordinates":[[[82.13014,16.98768],[82.13014,16.98732],[82.13079,16.98731],[82.13079,16.98759],[82.1307,16.98759],[82.1307,16.98768],[82.13014,16.98768]]]},"properties":{"feature_id":"kakinada-00289","belt":"kakinada","district":"","area_ha":0.27,"lon":82.130455,"lat":16.987492,"source":"obia","sensor":"Sentinel-1 RTC (VV), 10 m","season":"2024 kharif","detected":true,"surveyed":false,"likely_block":false}},{"type":"Feature","geometry":{"type":"Polygon","coordinates":[[[82.13151,16.98153],[82.13151,16.98144],[82.13142,16.98144],[82.13141,16.98117],[82.13151,16.98116],[82.13151,16.98107],[82.13188,16.98107],[82.13188,16.98116],[82.13198,16.98116],[82.13198,16.98152],[82.13151,16.98153]]]},"properties":{"feature_id":"kakinada-00290","belt":"kakinada","district":"","area_ha":0.27,"lon":82.131705,"lat":16.981306,"source":"obia","sensor":"Sentinel-1 RTC (VV), 10 m","season":"2024 kharif","detected":true,"surveyed":false,"likely_block":false}},{"type":"Feature","geometry":{"type":"Polygon","coordinates":[[[82.15188,16.97897],[82.15187,16.97852],[82.15244,16.97852],[82.15244,16.97879],[82.15234,16.97879],[82.15225,16.97897],[82.15188,16.97897]]]},"properties":{"feature_id":"kakinada-00291","belt":"kakinada","district":"","area_ha":0.27,"lon":82.152133,"lat":16.978729,"source":"obia","sensor":"Sentinel-1 RTC (VV), 10 m","season":"2024 kharif","detected":true,"surveyed":false,"likely_block":false}},{"type":"Feature","geometry":{"type":"Polygon","coordinates":[[[82.1453,16.97829],[82.14529,16.97792],[82.1452,16.97793],[82.1452,16.97765],[82.14557,16.97765],[82.14558,16.97801],[82.14567,16.97801],[82.14567,16.97828],[82.1453,16.97829]]]},"properties":{"feature_id":"kakinada-00292","belt":"kakinada","district":"","area_ha":0.27,"lon":82.145436,"lat":16.977969,"source":"obia","sensor":"Sentinel-1 RTC (VV), 10 m","season":"2024 kharif","detected":true,"surveyed":false,"likely_block":false}},{"type":"Feature","geometry":{"type":"Polygon","coordinates":[[[82.14924,16.97745],[82.14914,16.97691],[82.14923,16.97691],[82.14923,16.97682],[82.14951,16.97682],[82.14952,16.97718],[82.14961,16.97718],[82.14961,16.97745],[82.14924,16.97745]]]},"properties":{"feature_id":"kakinada-00293","belt":"kakinada","district":"","area_ha":0.27,"lon":82.149377,"lat":16.977149,"source":"obia","sensor":"Sentinel-1 RTC (VV), 10 m","season":"2024 kharif","detected":true,"surveyed":false,"likely_block":false}},{"type":"Feature","geometry":{"type":"Polygon","coordinates":[[[82.1265,16.97658],[82.1265,16.97649],[82.12641,16.97649],[82.12641,16.97613],[82.1265,16.97613],[82.1265,16.97604],[82.12687,16.97604],[82.12688,16.97649],[82.12678,16.97649],[82.12678,16.97658],[82.1265,16.97658]]]},"properties":{"feature_id":"kakinada-00294","belt":"kakinada","district":"","area_ha":0.27,"lon":82.126649,"lat":16.976303,"source":"obia","sensor":"Sentinel-1 RTC (VV), 10 m","season":"2024 kharif","detected":true,"surveyed":false,"likely_block":false}},{"type":"Feature","geometry":{"type":"Polygon","coordinates":[[[82.1276,16.97224],[82.1276,16.97197],[82.1277,16.97197],[82.1277,16.97188],[82.12826,16.97187],[82.12826,16.97224],[82.1276,16.97224]]]},"properties":{"feature_id":"kakinada-00295","belt":"kakinada","district":"","area_ha":0.27,"lon":82.127942,"lat":16.972061,"source":"obia","sensor":"Sentinel-1 RTC (VV), 10 m","season":"2024 kharif","detected":true,"surveyed":false,"likely_block":false}},{"type":"Feature","geometry":{"type":"Polygon","coordinates":[[[82.16478,16.96995],[82.16478,16.9695],[82.16515,16.9695],[82.16515,16.96959],[82.16534,16.96959],[82.16534,16.96986],[82.16525,16.96986],[82.16525,16.96995],[82.16478,16.96995]]]},"properties":{"feature_id":"kakinada-00296","belt":"kakinada","district":"","area_ha":0.27,"lon":82.165039,"lat":16.96973,"source":"obia","sensor":"Sentinel-1 RTC (VV), 10 m","season":"2024 kharif","detected":true,"surveyed":false,"likely_block":false}},{"type":"Feature","geometry":{"type":"Polygon","coordinates":[[[82.12607,16.96755],[82.12607,16.96719],[82.12663,16.96718],[82.12663,16.96727],[82.12673,16.96727],[82.12673,16.96754],[82.12607,16.96755]]]},"properties":{"feature_id":"kakinada-00297","belt":"kakinada","district":"","area_ha":0.27,"lon":82.12639,"lat":16.96737,"source":"obia","sensor":"Sentinel-1 RTC (VV), 10 m","season":"2024 kharif","detected":true,"surveyed":false,"likely_block":false}},{"type":"Feature","geometry":{"type":"Polygon","coordinates":[[[82.12795,16.96745],[82.12795,16.96663],[82.12823,16.96663],[82.12823,16.96745],[82.12795,16.96745]]]},"properties":{"feature_id":"kakinada-00298","belt":"kakinada","district":"","area_ha":0.27,"lon":82.128089,"lat":16.967039,"source":"obia","sensor":"Sentinel-1 RTC (VV), 10 m","season":"2024 kharif","detected":true,"surveyed":false,"likely_block":false}},{"type":"Feature","geometry":{"type":"Polygon","coordinates":[[[82.11111,16.94711],[82.11111,16.94675],[82.11139,16.94675],[82.11139,16.94684],[82.11149,16.94684],[82.11149,16.94675],[82.11177,16.94675],[82.11177,16.94711],[82.11111,16.94711]]]},"properties":{"feature_id":"kakinada-00299","belt":"kakinada","district":"","area_ha":0.27,"lon":82.111442,"lat":16.946935,"source":"obia","sensor":"Sentinel-1 RTC (VV), 10 m","season":"2024 kharif","detected":true,"surveyed":false,"likely_block":false}},{"type":"Feature","geometry":{"type":"Polygon","coordinates":[[[82.10876,16.94649],[82.10876,16.94622],[82.10886,16.94622],[82.10885,16.94613],[82.10942,16.94613],[82.10942,16.94649],[82.10876,16.94649]]]},"properties":{"feature_id":"kakinada-00300","belt":"kakinada","district":"","area_ha":0.27,"lon":82.109101,"lat":16.946315,"source":"obia","sensor":"Sentinel-1 RTC (VV), 10 m","season":"2024 kharif","detected":true,"surveyed":false,"likely_block":false}},{"type":"Feature","geometry":{"type":"Polygon","coordinates":[[[82.11054,16.94495],[82.11053,16.94431],[82.11082,16.94431],[82.11082,16.9444],[82.11091,16.9444],[82.11091,16.94494],[82.11054,16.94495]]]},"properties":{"feature_id":"kakinada-00301","belt":"kakinada","district":"","area_ha":0.27,"lon":82.110719,"lat":16.94464,"source":"obia","sensor":"Sentinel-1 RTC (VV), 10 m","season":"2024 kharif","detected":true,"surveyed":false,"likely_block":false}},{"type":"Feature","geometry":{"type":"Polygon","coordinates":[[[82.12713,16.93934],[82.12712,16.93916],[82.12703,16.93916],[82.12703,16.93889],[82.12712,16.93889],[82.12712,16.9388],[82.1275,16.9388],[82.1275,16.93934],[82.12713,16.93934]]]},"properties":{"feature_id":"kakinada-00302","belt":"kakinada","district":"","area_ha":0.27,"lon":82.127286,"lat":16.939066,"source":"obia","sensor":"Sentinel-1 RTC (VV), 10 m","season":"2024 kharif","detected":true,"surveyed":false,"likely_block":false}},{"type":"Feature","geometry":{"type":"Polygon","coordinates":[[[82.13011,16.98244],[82.13011,16.98235],[82.13001,16.98235],[82.13001,16.98208],[82.13067,16.98207],[82.13067,16.98234],[82.13058,16.98235],[82.13058,16.98244],[82.13011,16.98244]]]},"properties":{"feature_id":"kakinada-00303","belt":"kakinada","district":"","area_ha":0.26,"lon":82.13034,"lat":16.982246,"source":"obia","sensor":"Sentinel-1 RTC (VV), 10 m","season":"2024 kharif","detected":true,"surveyed":false,"likely_block":false}},{"type":"Feature","geometry":{"type":"Polygon","coordinates":[[[82.1602,16.97386],[82.1602,16.97368],[82.16011,16.97368],[82.16011,16.97332],[82.16048,16.97332],[82.16048,16.9735],[82.16058,16.9735],[82.16058,16.97386],[82.1602,16.97386]]]},"properties":{"feature_id":"kakinada-00304","belt":"kakinada","district":"","area_ha":0.26,"lon":82.160342,"lat":16.973592,"source":"obia","sensor":"Sentinel-1 RTC (VV), 10 m","season":"2024 kharif","detected":true,"surveyed":false,"likely_block":false}},{"type":"Feature","geometry":{"type":"Polygon","coordinates":[[[82.1676,16.96957],[82.16759,16.9693],[82.16769,16.9693],[82.16778,16.96912],[82.16816,16.96912],[82.16816,16.96948],[82.16806,16.96948],[82.16807,16.96957],[82.1676,16.96957]]]},"properties":{"feature_id":"kakinada-00305","belt":"kakinada","district":"","area_ha":0.26,"lon":82.167891,"lat":16.969356,"source":"obia","sensor":"Sentinel-1 RTC (VV), 10 m","season":"2024 kharif","detected":true,"surveyed":false,"likely_block":false}},{"type":"Feature","geometry":{"type":"Polygon","coordinates":[[[82.16597,16.96488],[82.16597,16.9647],[82.16588,16.9647],[82.16587,16.96443],[82.16634,16.96443],[82.16634,16.96461],[82.16644,16.96461],[82.16644,16.96488],[82.16597,16.96488]]]},"properties":{"feature_id":"kakinada-00306","belt":"kakinada","district":"","area_ha":0.26,"lon":82.166157,"lat":16.964656,"source":"obia","sensor":"Sentinel-1 RTC (VV), 10 m","season":"2024 kharif","detected":true,"surveyed":false,"likely_block":false}},{"type":"Feature","geometry":{"type":"Polygon","coordinates":[[[82.28258,16.96084],[82.28258,16.96048],[82.28286,16.96048],[82.28295,16.96029],[82.28314,16.96029],[82.28314,16.96075],[82.28258,16.96084]]]},"properties":{"feature_id":"kakinada-00307","belt":"kakinada","district":"","area_ha":0.26,"lon":82.282881,"lat":16.960588,"source":"obia","sensor":"Sentinel-1 RTC (VV), 10 m","season":"2024 kharif","detected":true,"surveyed":false,"likely_block":false}},{"type":"Feature","geometry":{"type":"Polygon","coordinates":[[[82.15341,16.93757],[82.15341,16.9373],[82.1535,16.9373],[82.15359,16.93712],[82.15387,16.93711],[82.15387,16.93721],[82.15397,16.9372],[82.15397,16.93757],[82.15341,16.93757]]]},"properties":{"feature_id":"kakinada-00308","belt":"kakinada","district":"","area_ha":0.26,"lon":82.153703,"lat":16.937365,"source":"obia","sensor":"Sentinel-1 RTC (VV), 10 m","season":"2024 kharif","detected":true,"surveyed":false,"likely_block":false}},{"type":"Feature","geometry":{"type":"Polygon","coordinates":[[[82.22874,16.92737],[82.22874,16.92728],[82.22855,16.92719],[82.22855,16.92692],[82.22911,16.92691],[82.22912,16.92728],[82.22902,16.92728],[82.22902,16.92737],[82.22874,16.92737]]]},"properties":{"feature_id":"kakinada-00309","belt":"kakinada","district":"","area_ha":0.26,"lon":82.228848,"lat":16.927118,"source":"obia","sensor":"Sentinel-1 RTC (VV), 10 m","season":"2024 kharif","detected":true,"surveyed":false,"likely_block":false}},{"type":"Feature","geometry":{"type":"Polygon","coordinates":[[[82.28911,17.00861],[82.28901,17.00789],[82.28929,17.00788],[82.28929,17.00815],[82.28938,17.00815],[82.28939,17.00861],[82.28911,17.00861]]]},"properties":{"feature_id":"kakinada-00310","belt":"kakinada","district":"","area_ha":0.25,"lon":82.289205,"lat":17.008253,"source":"obia","sensor":"Sentinel-1 RTC (VV), 10 m","season":"2024 kharif","detected":true,"surveyed":false,"likely_block":false}},{"type":"Feature","geometry":{"type":"Polygon","coordinates":[[[82.27087,16.99327],[82.27087,16.99318],[82.27078,16.99318],[82.27078,16.99291],[82.27125,16.9929],[82.27125,16.99299],[82.27143,16.99299],[82.27144,16.99326],[82.27087,16.99327]]]},"properties":{"feature_id":"kakinada-00311","belt":"kakinada","district":"","area_ha":0.25,"lon":82.271099,"lat":16.993091,"source":"obia","sensor":"Sentinel-1 RTC (VV), 10 m","season":"2024 kharif","detected":true,"surveyed":false,"likely_block":false}},{"type":"Feature","geometry":{"type":"Polygon","coordinates":[[[82.26493,16.9896],[82.26493,16.98915],[82.2654,16.98914],[82.2654,16.9896],[82.26493,16.9896]]]},"properties":{"feature_id":"kakinada-00312","belt":"kakinada","district":"","area_ha":0.25,"lon":82.265164,"lat":16.989372,"source":"obia","sensor":"Sentinel-1 RTC (VV), 10 m","season":"2024 kharif","detected":true,"surveyed":false,"likely_block":false}},{"type":"Feature","geometry":{"type":"Polygon","coordinates":[[[82.16354,16.98126],[82.16353,16.98108],[82.16335,16.98108],[82.16334,16.9808],[82.16344,16.9808],[82.16344,16.98071],[82.16381,16.98071],[82.16382,16.98125],[82.16354,16.98126]]]},"properties":{"feature_id":"kakinada-00313","belt":"kakinada","district":"","area_ha":0.25,"lon":82.163611,"lat":16.980964,"source":"obia","sensor":"Sentinel-1 RTC (VV), 10 m","season":"2024 kharif","detected":true,"surveyed":false,"likely_block":false}},{"type":"Feature","geometry":{"type":"Polygon","coordinates":[[[82.15038,16.97997],[82.15038,16.97952],[82.15085,16.97952],[82.15085,16.97997],[82.15038,16.97997]]]},"properties":{"feature_id":"kakinada-00314","belt":"kakinada","district":"","area_ha":0.25,"lon":82.150612,"lat":16.979748,"source":"obia","sensor":"Sentinel-1 RTC (VV), 10 m","season":"2024 kharif","detected":true,"surveyed":false,"likely_block":false}},{"type":"Feature","geometry":{"type":"Polygon","coordinates":[[[82.2827,16.979],[82.2827,16.97873],[82.28289,16.97864],[82.28289,16.97846],[82.28326,16.97846],[82.28327,16.97873],[82.28308,16.97873],[82.28308,16.979],[82.2827,16.979]]]},"properties":{"feature_id":"kakinada-00315","belt":"kakinada","district":"","area_ha":0.25,"lon":82.282978,"lat":16.97873,"source":"obia","sensor":"Sentinel-1 RTC (VV), 10 m","season":"2024 kharif","detected":true,"surveyed":false,"likely_block":false}},{"type":"Feature","geometry":{"type":"Polygon","coordinates":[[[82.16209,16.97602],[82.16209,16.97593],[82.16191,16.97593],[82.1619,16.97566],[82.162,16.97566],[82.162,16.97548],[82.16228,16.97548],[82.16228,16.97557],[82.16237,16.97557],[82.16238,16.97602],[82.16209,16.97602]]]},"properties":{"feature_id":"kakinada-00316","belt":"kakinada","district":"","area_ha":0.25,"lon":82.162159,"lat":16.975756,"source":"obia","sensor":"Sentinel-1 RTC (VV), 10 m","season":"2024 kharif","detected":true,"surveyed":false,"likely_block":false}},{"type":"Feature","geometry":{"type":"Polygon","coordinates":[[[82.16432,16.97113],[82.16432,16.97104],[82.16422,16.97104],[82.16422,16.97059],[82.1645,16.97059],[82.1645,16.97068],[82.16469,16.97077],[82.16469,16.97104],[82.1646,16.97104],[82.1646,16.97113],[82.16432,16.97113]]]},"properties":{"feature_id":"kakinada-00317","belt":"kakinada","district":"","area_ha":0.25,"lon":82.16444,"lat":16.970863,"source":"obia","sensor":"Sentinel-1 RTC (VV), 10 m","season":"2024 kharif","detected":true,"surveyed":false,"likely_block":false}},{"type":"Feature","geometry":{"type":"Polygon","coordinates":[[[82.12899,16.96844],[82.12899,16.96807],[82.12918,16.96807],[82.12917,16.96798],[82.12955,16.96798],[82.12955,16.96834],[82.12899,16.96844]]]},"properties":{"feature_id":"kakinada-00318","belt":"kakinada","district":"","area_ha":0.25,"lon":82.129274,"lat":16.968199,"source":"obia","sensor":"Sentinel-1 RTC (VV), 10 m","season":"2024 kharif","detected":true,"surveyed":false,"likely_block":false}}]}