{"type":"FeatureCollection","name":"aquawatch_ponds_tuni","crs":{"type":"name","properties":{"name":"urn:ogc:def:crs:OGC:1.3:CRS84"}},"metadata":{"produced_by":"AquaWatch, AP AI Living Labs sovereign cluster","method":"object-based detection on multi-pass SAR","min_area_ha":0.25,"belts":{"tuni":{"features":216,"hectares":225.8}},"total_features":216,"total_hectares":225.8,"CAVEAT":"Automatic detections from Sentinel-1 SAR, not a cadastral or surveyed product. Boundaries are raster-derived at 10 m and are approximate. Accuracy is still being measured against hand-checked optical imagery; the previously published F1 ~0.90 is agreement with the OBIA detector, NOT accuracy against the ground. Adjacent ponds that share a bund merge into ONE polygon, so a feature can be a farm block rather than a single pond: the feature count is a lower bound on the number of ponds, and area is the reliable quantity. Do not use as sole evidence for enforcement or for any legal determination of ownership, extent or permitting status."},"features":[{"type":"Feature","geometry":{"type":"Polygon","coordinates":[[[82.62594,17.37294],[82.62594,17.37285],[82.62575,17.37285],[82.62575,17.37276],[82.62565,17.37276],[82.62565,17.37267],[82.62556,17.37267],[82.62556,17.37258],[82.62546,17.37258],[82.62546,17.37249],[82.62537,17.37249],[82.62527,17.37231],[82.62508,17.37231],[82.62508,17.37213],[82.62489,17.37213],[82.62489,17.37204],[82.6248,17.37204],[82.6247,17.37186],[82.62452,17.37187],[82.62451,17.37178],[82.62442,17.37178],[82.62433,17.3716],[82.62414,17.3716],[82.62414,17.37151],[82.62404,17.37151],[82.62404,17.37133],[82.62395,17.37133],[82.62385,17.37115],[82.62357,17.37115],[82.62357,17.37106],[82.62347,17.37106],[82.62347,17.37097],[82.62338,17.37097],[82.62338,17.37088],[82.62328,17.37088],[82.62328,17.37079],[82.62319,17.37079],[82.62309,17.37061],[82.6229,17.37061],[82.6229,17.37052],[82.62281,17.37052],[82.62281,17.37043],[82.62272,17.37043],[82.62271,17.37034],[82.62262,17.37035],[82.62252,17.37017],[82.62234,17.37017],[82.62234,17.37008],[82.62224,17.37008],[82.62224,17.36999],[82.62215,17.36999],[82.62215,17.3699],[82.62205,17.3699],[82.62205,17.36981],[82.62196,17.36981],[82.62186,17.36963],[82.62167,17.36963],[82.62167,17.36954],[82.62158,17.36954],[82.62158,17.36945],[82.62148,17.36945],[82.62139,17.36927],[82.6212,17.36927],[82.6212,17.36918],[82.62101,17.36909],[82.62101,17.36873],[82.62082,17.36873],[82.62082,17.36864],[82.62044,17.36865],[82.62044,17.36856],[82.62035,17.36856],[82.62035,17.36847],[82.62025,17.36847],[82.62025,17.36838],[82.62016,17.36838],[82.62016,17.36829],[82.62006,17.36829],[82.61997,17.36811],[82.61959,17.36802],[82.61958,17.36748],[82.61968,17.36748],[82.61968,17.36739],[82.61987,17.36739],[82.61996,17.3672],[82.62015,17.3672],[82.62024,17.36702],[82.62043,17.36702],[82.62052,17.36684],[82.62108,17.36674],[82.62108,17.36665],[82.62118,17.36665],[82.62118,17.36656],[82.62136,17.36656],[82.62136,17.36647],[82.62202,17.36646],[82.62202,17.36655],[82.62212,17.36655],[82.62212,17.36664],[82.62221,17.36664],[82.62221,17.36673],[82.6224,17.36682],[82.6224,17.36727],[82.62259,17.36727],[82.62259,17.36736],[82.62297,17.36736],[82.62297,17.36745],[82.62325,17.36745],[82.62325,17.36763],[82.62363,17.36772],[82.62363,17.36781],[82.62373,17.36781],[82.62373,17.3679],[82.62382,17.3679],[82.62382,17.36799],[82.62392,17.36799],[82.62392,17.36808],[82.62401,17.36807],[82.62411,17.36825],[82.62448,17.36834],[82.62449,17.36843],[82.62458,17.36843],[82.62458,17.36852],[82.62467,17.36852],[82.62468,17.36861],[82.62477,17.36861],[82.62477,17.3687],[82.62486,17.3687],[82.62486,17.36879],[82.62496,17.36879],[82.62505,17.36897],[82.62524,17.36897],[82.62524,17.36906],[82.62534,17.36906],[82.62534,17.36915],[82.62543,17.36915],[82.62553,17.36933],[82.62572,17.36933],[82.62572,17.3696],[82.62591,17.3696],[82.62591,17.36969],[82.6261,17.36968],[82.6261,17.36977],[82.62629,17.36986],[82.62629,17.37013],[82.62638,17.37013],[82.62638,17.37031],[82.62648,17.37031],[82.62648,17.37058],[82.62667,17.37067],[82.62667,17.37094],[82.62677,17.37094],[82.62677,17.37103],[82.62686,17.37103],[82.62686,17.37121],[82.62696,17.37121],[82.62696,17.37176],[82.62687,17.37176],[82.62678,17.37212],[82.62659,17.37212],[82.62659,17.37239],[82.6265,17.37239],[82.62641,17.37275],[82.62631,17.37276],[82.62622,17.37294],[82.62594,17.37294]]]},"properties":{"feature_id":"tuni-00000","belt":"tuni","district":"","area_ha":23.3,"lon":82.623539,"lat":17.369476,"source":"obia","sensor":"Sentinel-1 RTC (VV), 10 m","season":"2024 kharif","detected":true,"surveyed":false,"likely_block":true}},{"type":"Feature","geometry":{"type":"Polygon","coordinates":[[[82.59696,17.28679],[82.59696,17.28669],[82.59658,17.2867],[82.59658,17.28661],[82.59611,17.28661],[82.59611,17.28652],[82.59564,17.28652],[82.59564,17.28643],[82.59536,17.28644],[82.59536,17.28635],[82.59498,17.28635],[82.59498,17.28626],[82.59451,17.28626],[82.59451,17.28617],[82.59423,17.28617],[82.59423,17.28608],[82.59376,17.28609],[82.59376,17.286],[82.59291,17.286],[82.59291,17.28591],[82.59263,17.28592],[82.59263,17.28583],[82.59244,17.28583],[82.59244,17.28574],[82.59206,17.28574],[82.59206,17.28565],[82.59178,17.28565],[82.59168,17.28547],[82.59149,17.28547],[82.59149,17.28538],[82.59121,17.28538],[82.59121,17.28529],[82.59102,17.2853],[82.59102,17.28521],[82.59083,17.28521],[82.59083,17.28512],[82.59064,17.28512],[82.59064,17.28503],[82.58961,17.28504],[82.58961,17.28495],[82.58933,17.28495],[82.58932,17.28486],[82.58895,17.28486],[82.58895,17.28477],[82.58867,17.28477],[82.58857,17.28459],[82.58829,17.28459],[82.58829,17.2845],[82.5881,17.28451],[82.5881,17.28442],[82.588,17.28442],[82.588,17.28415],[82.58838,17.28414],[82.58838,17.28423],[82.58857,17.28423],[82.58857,17.28432],[82.58885,17.28432],[82.58885,17.28441],[82.5896,17.2844],[82.5896,17.28449],[82.59026,17.28449],[82.59026,17.28458],[82.59055,17.28458],[82.59055,17.28467],[82.59092,17.28466],[82.59092,17.28475],[82.59121,17.28475],[82.5913,17.28493],[82.59177,17.28493],[82.59177,17.28448],[82.59214,17.28447],[82.59214,17.2842],[82.59195,17.28411],[82.59185,17.28375],[82.59167,17.28366],[82.59166,17.28348],[82.59157,17.28348],[82.59147,17.2833],[82.59129,17.28331],[82.59119,17.28313],[82.591,17.28313],[82.591,17.28304],[82.59063,17.28295],[82.59062,17.28286],[82.59053,17.28286],[82.59053,17.28277],[82.59034,17.28277],[82.59034,17.28268],[82.58959,17.28269],[82.58959,17.28278],[82.58921,17.28278],[82.58921,17.28269],[82.58902,17.28269],[82.58902,17.28242],[82.5894,17.28233],[82.5894,17.28215],[82.58949,17.28215],[82.58949,17.28206],[82.58977,17.28205],[82.58987,17.28223],[82.59024,17.28223],[82.59024,17.28232],[82.59043,17.28232],[82.59043,17.28241],[82.59071,17.28241],[82.59081,17.28259],[82.59109,17.28258],[82.59119,17.28276],[82.59138,17.28276],[82.59138,17.28285],[82.59147,17.28285],[82.59147,17.28303],[82.59175,17.28303],[82.59176,17.28312],[82.59194,17.28312],[82.59195,17.28339],[82.59213,17.28348],[82.59214,17.28366],[82.59233,17.28375],[82.59233,17.28393],[82.59251,17.28393],[82.59252,17.28411],[82.59261,17.28411],[82.59271,17.28429],[82.59289,17.28429],[82.59289,17.28438],[82.59299,17.28438],[82.59299,17.28447],[82.59308,17.28447],[82.59308,17.28456],[82.59327,17.28465],[82.59328,17.28483],[82.59346,17.28482],[82.59346,17.28492],[82.59375,17.28491],[82.59384,17.28509],[82.59459,17.28509],[82.5946,17.28527],[82.59469,17.28527],[82.59479,17.28545],[82.59535,17.28535],[82.59535,17.28517],[82.59544,17.28517],[82.59544,17.28508],[82.596,17.28508],[82.59601,17.28517],[82.5961,17.28517],[82.5961,17.28498],[82.596,17.28499],[82.596,17.28462],[82.59562,17.28463],[82.59562,17.28436],[82.59685,17.28435],[82.59685,17.28444],[82.59732,17.28443],[82.59732,17.28452],[82.59751,17.28452],[82.5976,17.2847],[82.59807,17.2847],[82.59807,17.28479],[82.59854,17.28478],[82.59854,17.28487],[82.59939,17.28487],[82.59939,17.28496],[82.59958,17.28496],[82.59958,17.28514],[82.59977,17.28514],[82.59977,17.28523],[82.59986,17.28523],[82.59986,17.28541],[82.59996,17.28541],[82.59996,17.28568],[82.60034,17.28567],[82.60034,17.28585],[82.6009,17.28585],[82.6009,17.28594],[82.60109,17.28603],[82.60109,17.28621],[82.60119,17.28621],[82.60119,17.28675],[82.60063,17.28676],[82.60053,17.28658],[82.60025,17.28658],[82.60025,17.28649],[82.59997,17.28649],[82.59997,17.2864],[82.59921,17.28641],[82.59922,17.2865],[82.59903,17.2865],[82.59903,17.28659],[82.59846,17.28659],[82.59846,17.28641],[82.59827,17.28641],[82.59828,17.28659],[82.59771,17.2866],[82.59771,17.28669],[82.59724,17.28669],[82.59724,17.28678],[82.59696,17.28679]],[[82.5979,17.28633],[82.59799,17.28633],[82.59799,17.28623],[82.59818,17.28623],[82.59818,17.28605],[82.59789,17.28605],[82.5979,17.28633]],[[82.5993,17.28577],[82.59949,17.28577],[82.59949,17.2855],[82.59939,17.2855],[82.59939,17.28541],[82.59921,17.28541],[82.59921,17.28532],[82.59892,17.28532],[82.59892,17.28541],[82.59911,17.28541],[82.59911,17.2855],[82.59921,17.2855],[82.59921,17.28568],[82.5993,17.28568],[82.5993,17.28577]],[[82.59846,17.2856],[82.59855,17.2856],[82.59855,17.28551],[82.59845,17.28551],[82.59846,17.2856]],[[82.59864,17.28551],[82.59883,17.28551],[82.59883,17.28541],[82.59864,17.28542],[82.59864,17.28551]],[[82.59704,17.28525],[82.59723,17.28525],[82.59723,17.28516],[82.59732,17.28516],[82.59732,17.28497],[82.59723,17.28498],[82.59723,17.28489],[82.59704,17.28498],[82.59704,17.28525]],[[82.59666,17.2848],[82.59676,17.2848],[82.59675,17.28471],[82.59666,17.28471],[82.59666,17.2848]]]},"properties":{"feature_id":"tuni-00001","belt":"tuni","district":"","area_ha":19.98,"lon":82.595164,"lat":17.285236,"source":"obia","sensor":"Sentinel-1 RTC (VV), 10 m","season":"2024 kharif","detected":true,"surveyed":false,"likely_block":true}},{"type":"Feature","geometry":{"type":"Polygon","coordinates":[[[82.52424,17.26259],[82.52414,17.26241],[82.52396,17.26241],[82.52396,17.26232],[82.52377,17.26232],[82.52377,17.26223],[82.52358,17.26223],[82.52358,17.26214],[82.52339,17.26214],[82.52339,17.26205],[82.5232,17.26206],[82.5231,17.26188],[82.52292,17.26188],[82.52292,17.26179],[82.52282,17.26179],[82.52282,17.26152],[82.5231,17.26151],[82.5231,17.2616],[82.52329,17.26151],[82.52329,17.26106],[82.52357,17.26106],[82.52357,17.26079],[82.52366,17.26079],[82.52366,17.26043],[82.52347,17.26043],[82.52347,17.26016],[82.52328,17.26016],[82.52328,17.26025],[82.52319,17.26025],[82.52319,17.26043],[82.5229,17.26043],[82.52281,17.26025],[82.52225,17.26026],[82.52224,17.25989],[82.52243,17.2598],[82.52243,17.25962],[82.52252,17.25962],[82.52252,17.25944],[82.52261,17.25944],[82.52271,17.25908],[82.5228,17.25908],[82.5228,17.25899],[82.52318,17.25898],[82.52318,17.25907],[82.52346,17.25907],[82.52346,17.25916],[82.52365,17.25916],[82.52365,17.25925],[82.52374,17.25925],[82.52374,17.25916],[82.52525,17.25915],[82.52525,17.25951],[82.52487,17.25969],[82.52487,17.25978],[82.52497,17.25978],[82.52497,17.25996],[82.52516,17.25996],[82.52516,17.26014],[82.52535,17.26014],[82.52544,17.25996],[82.52572,17.25996],[82.52572,17.25978],[82.52582,17.25978],[82.52581,17.25969],[82.52572,17.25969],[82.52572,17.25951],[82.52534,17.25951],[82.52534,17.25915],[82.52609,17.25914],[82.52609,17.25923],[82.52628,17.25923],[82.52628,17.25932],[82.52638,17.25932],[82.52638,17.25968],[82.52628,17.25968],[82.52629,17.25977],[82.52619,17.25977],[82.52619,17.25986],[82.526,17.25996],[82.52592,17.2605],[82.52582,17.2605],[82.52582,17.26059],[82.52563,17.26068],[82.52564,17.26086],[82.52554,17.26086],[82.52545,17.26123],[82.52526,17.26132],[82.52517,17.26168],[82.52499,17.26177],[82.52499,17.26195],[82.5248,17.26204],[82.5248,17.26222],[82.52461,17.26232],[82.52461,17.2625],[82.52452,17.2625],[82.52452,17.26259],[82.52424,17.26259]],[[82.52442,17.26187],[82.52452,17.26187],[82.52451,17.26177],[82.52442,17.26178],[82.52442,17.26187]],[[82.52376,17.26169],[82.52404,17.26169],[82.52395,17.26133],[82.52376,17.26133],[82.52376,17.26142],[82.52367,17.26142],[82.52367,17.2616],[82.52376,17.2616],[82.52376,17.26169]],[[82.52433,17.2616],[82.52442,17.26159],[82.52442,17.2615],[82.52432,17.26151],[82.52433,17.2616]],[[82.5247,17.2615],[82.52489,17.2615],[82.52489,17.26141],[82.5247,17.26141],[82.5247,17.2615]],[[82.52423,17.26096],[82.52432,17.26096],[82.52432,17.26087],[82.52423,17.26087],[82.52423,17.26096]],[[82.52498,17.26096],[82.52517,17.26096],[82.52516,17.2606],[82.52507,17.2606],[82.52498,17.26096]],[[82.52403,17.25988],[82.52412,17.25988],[82.52412,17.25979],[82.52403,17.25979],[82.52403,17.25988]]]},"properties":{"feature_id":"tuni-00002","belt":"tuni","district":"","area_ha":9.27,"lon":82.524267,"lat":17.26049,"source":"obia","sensor":"Sentinel-1 RTC (VV), 10 m","season":"2024 kharif","detected":true,"surveyed":false,"likely_block":true}},{"type":"Feature","geometry":{"type":"Polygon","coordinates":[[[82.52248,17.34655],[82.52248,17.34646],[82.5222,17.34647],[82.5222,17.34628],[82.52211,17.34629],[82.52201,17.34592],[82.52182,17.34593],[82.52182,17.34584],[82.52154,17.34584],[82.52154,17.34575],[82.52144,17.34575],[82.52144,17.34557],[82.52135,17.34557],[82.52134,17.34512],[82.52144,17.34512],[82.52144,17.34494],[82.52153,17.34493],[82.52153,17.34484],[82.52144,17.34484],[82.52143,17.34466],[82.52134,17.34466],[82.52133,17.34367],[82.52124,17.34367],[82.52114,17.34331],[82.52095,17.34322],[82.52095,17.34304],[82.52029,17.34305],[82.52029,17.34296],[82.5202,17.34296],[82.52019,17.3426],[82.52029,17.34259],[82.52029,17.3425],[82.52019,17.3425],[82.52019,17.34187],[82.52047,17.34187],[82.52047,17.34178],[82.52056,17.34178],[82.52056,17.3416],[82.52066,17.3416],[82.52065,17.34142],[82.52037,17.34142],[82.52028,17.3416],[82.51972,17.3416],[82.51971,17.34142],[82.51962,17.34142],[82.51962,17.34115],[82.51971,17.34115],[82.5198,17.34097],[82.52056,17.34097],[82.52065,17.34133],[82.52084,17.34133],[82.52084,17.34123],[82.52112,17.34123],[82.52112,17.34132],[82.52122,17.34132],[82.52122,17.34186],[82.52132,17.34186],[82.52132,17.34223],[82.52141,17.34222],[82.52142,17.34268],[82.52161,17.34277],[82.52161,17.34295],[82.5218,17.34303],[82.5218,17.34322],[82.52189,17.34321],[82.52189,17.34331],[82.52199,17.3433],[82.52199,17.34339],[82.52218,17.34348],[82.52218,17.34366],[82.52237,17.34375],[82.52237,17.34393],[82.52256,17.34393],[82.52256,17.3442],[82.52265,17.3442],[82.52266,17.34465],[82.52275,17.34465],[82.52275,17.34483],[82.52285,17.34483],[82.52285,17.34501],[82.52294,17.34501],[82.52294,17.34519],[82.52304,17.34519],[82.52304,17.34537],[82.52313,17.34537],[82.52314,17.34619],[82.52305,17.34619],[82.52305,17.34637],[82.52295,17.34637],[82.52286,17.34655],[82.52248,17.34655]]]},"properties":{"feature_id":"tuni-00003","belt":"tuni","district":"","area_ha":7.81,"lon":82.521602,"lat":17.343869,"source":"obia","sensor":"Sentinel-1 RTC (VV), 10 m","season":"2024 kharif","detected":true,"surveyed":false,"likely_block":true}},{"type":"Feature","geometry":{"type":"Polygon","coordinates":[[[82.48646,17.35948],[82.48645,17.35921],[82.48636,17.35921],[82.48626,17.35885],[82.48617,17.35885],[82.48607,17.35867],[82.48589,17.35867],[82.48588,17.35858],[82.48579,17.35858],[82.48579,17.35822],[82.48569,17.35822],[82.48569,17.35813],[82.48522,17.35813],[82.48513,17.35795],[82.48475,17.35795],[82.48475,17.35777],[82.48456,17.35777],[82.48456,17.35768],[82.48428,17.35769],[82.48428,17.35759],[82.48418,17.3576],[82.48418,17.35732],[82.48437,17.35723],[82.48427,17.35705],[82.48408,17.35705],[82.48408,17.35678],[82.48418,17.35678],[82.48418,17.3566],[82.48446,17.3566],[82.48446,17.35669],[82.48474,17.35669],[82.48474,17.3566],[82.48436,17.35642],[82.48436,17.35615],[82.48389,17.35615],[82.48389,17.3557],[82.48379,17.3557],[82.48379,17.35561],[82.4837,17.35561],[82.4836,17.35543],[82.48341,17.35543],[82.48341,17.35516],[82.4836,17.35516],[82.4836,17.35507],[82.48369,17.35507],[82.48369,17.35489],[82.4836,17.35489],[82.4836,17.35498],[82.48322,17.35498],[82.48322,17.35489],[82.48303,17.3548],[82.48303,17.35453],[82.48341,17.35453],[82.4834,17.35444],[82.48388,17.35443],[82.48387,17.35425],[82.48397,17.35425],[82.48397,17.35416],[82.48416,17.35416],[82.48415,17.35407],[82.48453,17.35407],[82.48453,17.35416],[82.48463,17.35416],[82.48463,17.3547],[82.48472,17.3547],[82.48473,17.35488],[82.48491,17.35488],[82.48492,17.35515],[82.48501,17.35515],[82.48501,17.35533],[82.48511,17.35533],[82.48511,17.35587],[82.4853,17.35587],[82.4853,17.35605],[82.48549,17.35614],[82.48549,17.35641],[82.48559,17.35641],[82.48559,17.3565],[82.48568,17.3565],[82.48568,17.35668],[82.48578,17.35668],[82.48578,17.35695],[82.48587,17.35695],[82.48587,17.35704],[82.48606,17.35713],[82.48606,17.3574],[82.48625,17.3574],[82.48625,17.35758],[82.48635,17.35758],[82.48635,17.35803],[82.48645,17.35803],[82.48645,17.35821],[82.48664,17.3583],[82.48664,17.35857],[82.48673,17.35857],[82.48673,17.35893],[82.48683,17.35893],[82.48683,17.3592],[82.48674,17.3592],[82.48674,17.35947],[82.48646,17.35948]],[[82.48474,17.35615],[82.48483,17.35614],[82.48492,17.35596],[82.48473,17.35596],[82.48474,17.35615]],[[82.48417,17.35552],[82.48426,17.35552],[82.48426,17.35525],[82.48435,17.35524],[82.48435,17.35506],[82.48426,17.35506],[82.48426,17.35497],[82.48416,17.35497],[82.48407,17.35516],[82.48388,17.35516],[82.48398,17.35534],[82.48416,17.35534],[82.48417,17.35552]]]},"properties":{"feature_id":"tuni-00004","belt":"tuni","district":"","area_ha":7.64,"lon":82.484959,"lat":17.356576,"source":"obia","sensor":"Sentinel-1 RTC (VV), 10 m","season":"2024 kharif","detected":true,"surveyed":false,"likely_block":true}},{"type":"Feature","geometry":{"type":"Polygon","coordinates":[[[82.4927,17.42115],[82.4927,17.42106],[82.49232,17.42106],[82.49232,17.42097],[82.49213,17.42097],[82.49222,17.42043],[82.49231,17.42043],[82.49231,17.42034],[82.49241,17.42034],[82.4925,17.42016],[82.49278,17.42016],[82.49278,17.42007],[82.49288,17.42006],[82.49288,17.41988],[82.49297,17.41988],[82.49297,17.41979],[82.49316,17.41979],[82.49316,17.41961],[82.49325,17.41961],[82.49325,17.41943],[82.49344,17.41934],[82.49343,17.41916],[82.49372,17.41915],[82.49371,17.41897],[82.49381,17.41897],[82.49381,17.41888],[82.49456,17.41879],[82.49456,17.41852],[82.49465,17.41851],[82.49465,17.41842],[82.49484,17.41842],[82.49484,17.41824],[82.49503,17.41824],[82.49502,17.41797],[82.49521,17.41797],[82.49521,17.41788],[82.49531,17.41788],[82.4953,17.41761],[82.4954,17.41761],[82.4954,17.41724],[82.49549,17.41724],[82.49549,17.41715],[82.4953,17.41706],[82.4953,17.4167],[82.49548,17.4167],[82.49548,17.41661],[82.49567,17.41652],[82.49567,17.41634],[82.49576,17.41634],[82.49576,17.41616],[82.49586,17.41616],[82.49586,17.41607],[82.49623,17.41606],[82.49624,17.41642],[82.49633,17.41642],[82.49633,17.41669],[82.49614,17.4167],[82.49615,17.41724],[82.49605,17.41724],[82.49606,17.41751],[82.49596,17.41751],[82.49596,17.41769],[82.49587,17.41769],[82.49587,17.41778],[82.49596,17.41778],[82.49597,17.41814],[82.49587,17.41814],[82.49587,17.41823],[82.49569,17.41824],[82.49569,17.41869],[82.4956,17.41869],[82.4956,17.41896],[82.4955,17.41896],[82.49541,17.41932],[82.49532,17.41932],[82.49532,17.41941],[82.49504,17.41942],[82.49504,17.4196],[82.49494,17.4196],[82.49485,17.41996],[82.49476,17.41996],[82.49476,17.42005],[82.49457,17.42014],[82.49457,17.42032],[82.49438,17.42032],[82.49439,17.42041],[82.49429,17.42042],[82.4942,17.4206],[82.49401,17.4206],[82.49401,17.42078],[82.49382,17.42078],[82.49382,17.42087],[82.49364,17.42087],[82.49364,17.42096],[82.49335,17.42096],[82.49336,17.42105],[82.49317,17.42106],[82.49317,17.42115],[82.4927,17.42115]],[[82.49251,17.42079],[82.4926,17.42079],[82.4926,17.4207],[82.49251,17.4207],[82.49251,17.42079]]]},"properties":{"feature_id":"tuni-00005","belt":"tuni","district":"","area_ha":7.33,"lon":82.494402,"lat":17.419139,"source":"obia","sensor":"Sentinel-1 RTC (VV), 10 m","season":"2024 kharif","detected":true,"surveyed":false,"likely_block":true}},{"type":"Feature","geometry":{"type":"Polygon","coordinates":[[[82.60789,17.29935],[82.60788,17.29908],[82.60798,17.29908],[82.60798,17.29881],[82.60816,17.29871],[82.60816,17.29844],[82.60835,17.29844],[82.60835,17.29835],[82.60844,17.29835],[82.60844,17.29826],[82.60854,17.29826],[82.60853,17.29817],[82.60863,17.29817],[82.60863,17.29808],[82.60872,17.29808],[82.60872,17.29799],[82.60882,17.29799],[82.60881,17.2979],[82.60891,17.29789],[82.60891,17.2978],[82.609,17.2978],[82.60909,17.29762],[82.60928,17.29762],[82.60928,17.29753],[82.60938,17.29753],[82.60937,17.29744],[82.60947,17.29744],[82.60947,17.29735],[82.60956,17.29735],[82.60956,17.29726],[82.60966,17.29726],[82.60965,17.29717],[82.60975,17.29716],[82.60975,17.29707],[82.60994,17.29698],[82.60993,17.2968],[82.61003,17.2968],[82.61012,17.29644],[82.61031,17.29644],[82.61031,17.29635],[82.6104,17.29635],[82.6104,17.29626],[82.61059,17.29616],[82.61059,17.29598],[82.61077,17.29589],[82.61077,17.29571],[82.61086,17.29571],[82.61086,17.29508],[82.61077,17.29508],[82.61076,17.29463],[82.61086,17.29463],[82.61085,17.29445],[82.61151,17.29444],[82.61151,17.29435],[82.61189,17.29435],[82.61189,17.29453],[82.61198,17.29453],[82.61208,17.29471],[82.61217,17.29471],[82.61217,17.29462],[82.61255,17.29461],[82.61255,17.29497],[82.61246,17.29497],[82.61246,17.29516],[82.61237,17.29516],[82.61237,17.29525],[82.61227,17.29525],[82.61227,17.29534],[82.61218,17.29534],[82.61209,17.29552],[82.6119,17.29552],[82.6119,17.29561],[82.6118,17.29561],[82.61171,17.29579],[82.61152,17.2958],[82.61153,17.29598],[82.61143,17.29598],[82.61143,17.29607],[82.61134,17.29607],[82.61134,17.29625],[82.61125,17.29625],[82.61125,17.29634],[82.61115,17.29634],[82.61115,17.29643],[82.61106,17.29643],[82.61106,17.29652],[82.61087,17.29661],[82.61087,17.29679],[82.61078,17.2968],[82.61069,17.29698],[82.6105,17.29698],[82.6105,17.29707],[82.61041,17.29707],[82.61041,17.29716],[82.61031,17.29716],[82.61031,17.29725],[82.61013,17.29734],[82.61013,17.29752],[82.61003,17.29752],[82.60994,17.29771],[82.60975,17.29771],[82.60975,17.2978],[82.60966,17.2978],[82.60957,17.29798],[82.60938,17.29798],[82.60938,17.29807],[82.60929,17.29807],[82.60929,17.29825],[82.6091,17.29825],[82.6091,17.29834],[82.60891,17.29844],[82.60882,17.2988],[82.60863,17.2988],[82.60864,17.29898],[82.60826,17.29907],[82.60826,17.29926],[82.60817,17.29926],[82.60817,17.29935],[82.60789,17.29935]]]},"properties":{"feature_id":"tuni-00006","belt":"tuni","district":"","area_ha":5.22,"lon":82.610509,"lat":17.296405,"source":"obia","sensor":"Sentinel-1 RTC (VV), 10 m","season":"2024 kharif","detected":true,"surveyed":false,"likely_block":true}},{"type":"Feature","geometry":{"type":"Polygon","coordinates":[[[82.50489,17.34705],[82.5048,17.34687],[82.50461,17.34687],[82.50461,17.34678],[82.50414,17.34678],[82.50414,17.34669],[82.50404,17.34669],[82.50404,17.34678],[82.50329,17.34679],[82.50329,17.34634],[82.50338,17.34634],[82.50347,17.34616],[82.50366,17.34615],[82.50366,17.34606],[82.50423,17.34615],[82.50423,17.34597],[82.50432,17.34597],[82.50432,17.34579],[82.50385,17.34579],[82.50385,17.34552],[82.50375,17.34552],[82.50375,17.34543],[82.50366,17.34543],[82.50366,17.34552],[82.50347,17.34561],[82.50347,17.34579],[82.50338,17.34579],[82.50338,17.34589],[82.5031,17.34589],[82.5031,17.3458],[82.503,17.3458],[82.503,17.34562],[82.50291,17.34562],[82.5029,17.34535],[82.50309,17.34534],[82.50309,17.34507],[82.50318,17.34507],[82.50318,17.34462],[82.50327,17.34462],[82.50327,17.34453],[82.50356,17.34453],[82.50355,17.34444],[82.50393,17.34444],[82.50393,17.34453],[82.5044,17.34452],[82.50441,17.34497],[82.50459,17.34506],[82.5046,17.34524],[82.50478,17.34524],[82.50478,17.34515],[82.50488,17.34515],[82.50488,17.34506],[82.50478,17.34506],[82.50478,17.34488],[82.50459,17.34479],[82.50459,17.34452],[82.50506,17.34452],[82.50506,17.34461],[82.50516,17.34461],[82.50517,17.34623],[82.50526,17.34623],[82.50527,17.34705],[82.50489,17.34705]],[[82.50423,17.34642],[82.50432,17.34642],[82.50432,17.34633],[82.50423,17.34633],[82.50423,17.34642]],[[82.50441,17.3457],[82.50451,17.3457],[82.50451,17.34561],[82.50441,17.34561],[82.50441,17.3457]]]},"properties":{"feature_id":"tuni-00007","belt":"tuni","district":"","area_ha":4.79,"lon":82.504224,"lat":17.345682,"source":"obia","sensor":"Sentinel-1 RTC (VV), 10 m","season":"2024 kharif","detected":true,"surveyed":false,"likely_block":false}},{"type":"Feature","geometry":{"type":"Polygon","coordinates":[[[82.6407,17.3927],[82.6407,17.39243],[82.64013,17.39243],[82.64013,17.39234],[82.64004,17.39234],[82.64004,17.39243],[82.63976,17.39243],[82.63975,17.39225],[82.63966,17.39225],[82.63966,17.39216],[82.63938,17.39217],[82.63937,17.3918],[82.63928,17.39181],[82.63918,17.39163],[82.63909,17.39163],[82.63909,17.39172],[82.63862,17.39172],[82.63862,17.39145],[82.63871,17.39145],[82.63871,17.39136],[82.63899,17.39136],[82.63899,17.39127],[82.63918,17.39126],[82.63918,17.39117],[82.63937,17.39117],[82.63937,17.39108],[82.63955,17.39108],[82.63955,17.39099],[82.63974,17.39099],[82.63983,17.39081],[82.64002,17.39081],[82.64002,17.39072],[82.64012,17.39071],[82.64021,17.39053],[82.6404,17.39053],[82.64049,17.39035],[82.64105,17.39025],[82.64105,17.39035],[82.64124,17.39034],[82.64124,17.39052],[82.64134,17.39052],[82.64134,17.39089],[82.64172,17.39106],[82.64173,17.39197],[82.64126,17.39197],[82.64126,17.39188],[82.64107,17.39188],[82.64097,17.3917],[82.64088,17.3917],[82.64088,17.39179],[82.6406,17.39179],[82.6406,17.39189],[82.6405,17.39189],[82.6405,17.39207],[82.6406,17.39207],[82.6406,17.39216],[82.64126,17.39215],[82.64126,17.39242],[82.64117,17.39242],[82.64117,17.3926],[82.64107,17.3926],[82.64108,17.39269],[82.6407,17.3927]]]},"properties":{"feature_id":"tuni-00008","belt":"tuni","district":"","area_ha":4.75,"lon":82.640428,"lat":17.391464,"source":"obia","sensor":"Sentinel-1 RTC (VV), 10 m","season":"2024 kharif","detected":true,"surveyed":false,"likely_block":false}},{"type":"Feature","geometry":{"type":"Polygon","coordinates":[[[82.49648,17.33085],[82.49648,17.33048],[82.49657,17.33048],[82.49657,17.3303],[82.49667,17.3303],[82.49666,17.32922],[82.49675,17.32922],[82.49675,17.32895],[82.49665,17.32895],[82.49665,17.32868],[82.49675,17.32867],[82.49675,17.32858],[82.49665,17.32859],[82.49665,17.32822],[82.49655,17.32822],[82.49646,17.32768],[82.49627,17.32759],[82.49627,17.32741],[82.49617,17.32741],[82.49607,17.32705],[82.49589,17.32696],[82.49588,17.32678],[82.4957,17.32669],[82.49569,17.32651],[82.4956,17.32651],[82.4956,17.32642],[82.49541,17.32634],[82.49541,17.32615],[82.49522,17.32616],[82.49513,17.32598],[82.49494,17.32598],[82.49494,17.32589],[82.49475,17.3258],[82.49475,17.32553],[82.49427,17.32553],[82.49427,17.32544],[82.49418,17.32544],[82.49418,17.32535],[82.49399,17.32535],[82.49399,17.32526],[82.4939,17.32526],[82.4938,17.32508],[82.49361,17.32508],[82.49361,17.32481],[82.49333,17.32481],[82.49333,17.32472],[82.49314,17.32473],[82.49314,17.32445],[82.49351,17.32445],[82.49351,17.32454],[82.4938,17.32454],[82.4938,17.32463],[82.49389,17.32463],[82.49389,17.32481],[82.49427,17.32481],[82.49427,17.3249],[82.49436,17.3249],[82.49436,17.32499],[82.49446,17.32499],[82.49446,17.32508],[82.49455,17.32508],[82.49465,17.32526],[82.49484,17.32525],[82.49484,17.32544],[82.49503,17.32543],[82.49512,17.32561],[82.4954,17.32561],[82.49541,17.3257],[82.49559,17.3257],[82.49559,17.32588],[82.49578,17.32588],[82.49578,17.32606],[82.49597,17.32606],[82.49607,17.32642],[82.49616,17.32642],[82.49616,17.32651],[82.49635,17.3266],[82.49636,17.32687],[82.49654,17.32687],[82.49655,17.32723],[82.49674,17.32732],[82.49674,17.32795],[82.49683,17.32795],[82.49684,17.32813],[82.49702,17.32822],[82.49703,17.32858],[82.49712,17.32858],[82.49713,17.32994],[82.49704,17.32994],[82.49704,17.33066],[82.49686,17.33066],[82.49686,17.33084],[82.49648,17.33085]]]},"properties":{"feature_id":"tuni-00009","belt":"tuni","district":"","area_ha":3.9,"lon":82.495815,"lat":17.327287,"source":"obia","sensor":"Sentinel-1 RTC (VV), 10 m","season":"2024 kharif","detected":true,"surveyed":false,"likely_block":false}},{"type":"Feature","geometry":{"type":"Polygon","coordinates":[[[82.61346,17.44162],[82.61346,17.44117],[82.61261,17.44118],[82.6126,17.44082],[82.61232,17.44082],[82.61232,17.44064],[82.61213,17.44055],[82.61213,17.4401],[82.61241,17.4401],[82.61241,17.44001],[82.6125,17.44001],[82.6125,17.43992],[82.61269,17.43991],[82.61269,17.43982],[82.61307,17.43982],[82.61307,17.43991],[82.61401,17.4399],[82.61401,17.43999],[82.6142,17.43999],[82.6142,17.44008],[82.61429,17.44008],[82.61439,17.44026],[82.61458,17.44026],[82.61458,17.44062],[82.61477,17.44062],[82.61477,17.44134],[82.61449,17.44135],[82.61449,17.44144],[82.6143,17.44144],[82.61431,17.44153],[82.61374,17.44153],[82.61374,17.44162],[82.61346,17.44162]]]},"properties":{"feature_id":"tuni-00010","belt":"tuni","district":"","area_ha":3.84,"lon":82.613525,"lat":17.440655,"source":"obia","sensor":"Sentinel-1 RTC (VV), 10 m","season":"2024 kharif","detected":true,"surveyed":false,"likely_block":false}},{"type":"Feature","geometry":{"type":"Polygon","coordinates":[[[82.52429,17.32621],[82.52429,17.32612],[82.5242,17.32612],[82.5242,17.32594],[82.52382,17.32594],[82.52382,17.3254],[82.52447,17.32539],[82.52447,17.32521],[82.52457,17.32521],[82.52457,17.32512],[82.52494,17.32512],[82.52494,17.32476],[82.52522,17.32475],[82.52522,17.32457],[82.52513,17.32457],[82.52512,17.32421],[82.52475,17.32422],[82.52474,17.32385],[82.52465,17.32386],[82.52465,17.32377],[82.52437,17.32377],[82.52436,17.32341],[82.52483,17.3234],[82.52484,17.32349],[82.52493,17.32349],[82.52493,17.32367],[82.52512,17.32376],[82.52502,17.32322],[82.52512,17.32322],[82.52521,17.32304],[82.52549,17.32304],[82.52549,17.32358],[82.52559,17.32358],[82.52559,17.32394],[82.52531,17.32394],[82.52531,17.32421],[82.52541,17.32421],[82.52541,17.32439],[82.5256,17.32439],[82.5256,17.32466],[82.52569,17.32466],[82.52569,17.32502],[82.52579,17.32502],[82.52579,17.32574],[82.5257,17.32575],[82.5257,17.32584],[82.5258,17.32583],[82.5258,17.32611],[82.52552,17.32611],[82.52551,17.32602],[82.52504,17.32602],[82.52504,17.32593],[82.52476,17.32593],[82.52476,17.32602],[82.52467,17.32602],[82.52467,17.3262],[82.52429,17.32621]],[[82.52522,17.32503],[82.52532,17.32503],[82.52532,17.32484],[82.52522,17.32485],[82.52522,17.32503]],[[82.52522,17.32394],[82.52531,17.32394],[82.52531,17.32385],[82.52521,17.32385],[82.52522,17.32394]]]},"properties":{"feature_id":"tuni-00011","belt":"tuni","district":"","area_ha":3.44,"lon":82.525009,"lat":17.324935,"source":"obia","sensor":"Sentinel-1 RTC (VV), 10 m","season":"2024 kharif","detected":true,"surveyed":false,"likely_block":false}},{"type":"Feature","geometry":{"type":"Polygon","coordinates":[[[82.53238,17.41606],[82.53238,17.41579],[82.53247,17.41579],[82.53247,17.41543],[82.53237,17.41543],[82.53237,17.41498],[82.53218,17.41498],[82.53218,17.41525],[82.53209,17.41525],[82.53209,17.41561],[82.5319,17.41561],[82.5319,17.4157],[82.53162,17.4157],[82.53162,17.41561],[82.53153,17.41561],[82.53152,17.41525],[82.53162,17.41525],[82.53162,17.41507],[82.53171,17.41507],[82.53171,17.4148],[82.5319,17.41471],[82.53189,17.41444],[82.53199,17.41444],[82.53199,17.41435],[82.53236,17.41434],[82.53236,17.41425],[82.53218,17.41425],[82.53217,17.41398],[82.53227,17.41398],[82.53236,17.41362],[82.53255,17.41353],[82.53254,17.41335],[82.53264,17.41335],[82.53264,17.41308],[82.53273,17.41307],[82.53273,17.41289],[82.53282,17.41289],[82.53282,17.4128],[82.5331,17.4128],[82.53311,17.41334],[82.53301,17.41334],[82.53302,17.41343],[82.53283,17.41353],[82.53283,17.4138],[82.53274,17.4138],[82.53274,17.41398],[82.53293,17.41398],[82.53293,17.41407],[82.53302,17.41407],[82.53303,17.41479],[82.53293,17.41479],[82.53293,17.41497],[82.53284,17.41497],[82.53284,17.41524],[82.53265,17.41524],[82.53266,17.41542],[82.53294,17.41542],[82.53294,17.41515],[82.53331,17.41515],[82.53331,17.41542],[82.5335,17.41542],[82.53351,17.41569],[82.53322,17.41569],[82.53322,17.4156],[82.53303,17.4156],[82.53304,17.41596],[82.53294,17.41596],[82.53294,17.41606],[82.53238,17.41606]]]},"properties":{"feature_id":"tuni-00012","belt":"tuni","district":"","area_ha":3.12,"lon":82.532536,"lat":17.414717,"source":"obia","sensor":"Sentinel-1 RTC (VV), 10 m","season":"2024 kharif","detected":true,"surveyed":false,"likely_block":false}},{"type":"Feature","geometry":{"type":"Polygon","coordinates":[[[82.4951,17.35724],[82.49509,17.35706],[82.495,17.35706],[82.4949,17.35688],[82.49472,17.35688],[82.49462,17.3567],[82.49424,17.35671],[82.49424,17.35653],[82.49415,17.35653],[82.49414,17.35598],[82.49405,17.35599],[82.49405,17.35544],[82.49414,17.35544],[82.49414,17.35535],[82.49395,17.35535],[82.49395,17.35499],[82.49385,17.35499],[82.49385,17.35436],[82.49441,17.35427],[82.49441,17.35436],[82.49451,17.35436],[82.49451,17.35454],[82.4946,17.35454],[82.4946,17.35463],[82.49479,17.35471],[82.49479,17.3549],[82.49489,17.35489],[82.49489,17.35517],[82.49499,17.35517],[82.49499,17.3558],[82.49508,17.3558],[82.49509,17.35607],[82.49518,17.35607],[82.49518,17.35652],[82.49528,17.35652],[82.49528,17.35697],[82.49538,17.35697],[82.49538,17.35724],[82.4951,17.35724]]]},"properties":{"feature_id":"tuni-00013","belt":"tuni","district":"","area_ha":2.92,"lon":82.494561,"lat":17.355698,"source":"obia","sensor":"Sentinel-1 RTC (VV), 10 m","season":"2024 kharif","detected":true,"surveyed":false,"likely_block":false}},{"type":"Feature","geometry":{"type":"Polygon","coordinates":[[[82.45774,17.28586],[82.45774,17.2854],[82.45792,17.2854],[82.45792,17.28513],[82.45905,17.28512],[82.45905,17.28503],[82.45914,17.28503],[82.45914,17.28476],[82.45924,17.28476],[82.45923,17.28458],[82.4597,17.28458],[82.45971,17.28467],[82.45989,17.28467],[82.45989,17.28476],[82.45999,17.28476],[82.45999,17.28467],[82.46055,17.28466],[82.46055,17.28493],[82.46065,17.28493],[82.46065,17.28538],[82.46056,17.28538],[82.46056,17.28575],[82.46009,17.28575],[82.46009,17.28566],[82.45934,17.28566],[82.45934,17.28557],[82.45915,17.28558],[82.45906,17.28576],[82.4583,17.28576],[82.4583,17.28585],[82.45774,17.28586]]]},"properties":{"feature_id":"tuni-00014","belt":"tuni","district":"","area_ha":2.81,"lon":82.459349,"lat":17.285278,"source":"obia","sensor":"Sentinel-1 RTC (VV), 10 m","season":"2024 kharif","detected":true,"surveyed":false,"likely_block":false}},{"type":"Feature","geometry":{"type":"Polygon","coordinates":[[[82.5214,17.26035],[82.5214,17.26026],[82.5213,17.26026],[82.52121,17.26008],[82.52102,17.26008],[82.52102,17.25963],[82.52121,17.25963],[82.5212,17.25927],[82.5213,17.25927],[82.52129,17.25873],[82.5212,17.25873],[82.5212,17.25864],[82.52101,17.25864],[82.52101,17.25828],[82.5211,17.25828],[82.5211,17.2581],[82.52119,17.25809],[82.52129,17.25791],[82.52166,17.25791],[82.52185,17.25827],[82.52223,17.25836],[82.52223,17.25854],[82.52233,17.25854],[82.52233,17.25881],[82.52223,17.25881],[82.52214,17.25935],[82.52205,17.25935],[82.52205,17.25953],[82.52196,17.25954],[82.52196,17.25981],[82.52187,17.25981],[82.52187,17.25999],[82.52177,17.25999],[82.52168,17.26035],[82.5214,17.26035]]]},"properties":{"feature_id":"tuni-00015","belt":"tuni","district":"","area_ha":2.42,"lon":82.521607,"lat":17.259067,"source":"obia","sensor":"Sentinel-1 RTC (VV), 10 m","season":"2024 kharif","detected":true,"surveyed":false,"likely_block":false}},{"type":"Feature","geometry":{"type":"Polygon","coordinates":[[[82.50989,17.35984],[82.50989,17.3593],[82.50998,17.3593],[82.50998,17.35912],[82.51007,17.35912],[82.51007,17.35894],[82.51017,17.35894],[82.51016,17.35876],[82.51026,17.35876],[82.51026,17.35839],[82.51035,17.35839],[82.51035,17.35821],[82.51044,17.35821],[82.51044,17.35803],[82.51053,17.35803],[82.51063,17.35767],[82.51081,17.35758],[82.51081,17.35731],[82.51091,17.3573],[82.511,17.35694],[82.51118,17.35685],[82.51118,17.35667],[82.51128,17.35667],[82.51128,17.35649],[82.51137,17.35649],[82.51137,17.35622],[82.51174,17.35621],[82.51175,17.35676],[82.51165,17.35676],[82.51166,17.35694],[82.51156,17.35694],[82.51156,17.35712],[82.51147,17.35712],[82.51147,17.3573],[82.51138,17.3573],[82.51138,17.35757],[82.51128,17.35757],[82.51129,17.35775],[82.51119,17.35775],[82.51119,17.35794],[82.5111,17.35794],[82.5111,17.35821],[82.51091,17.3583],[82.51091,17.35848],[82.51082,17.35848],[82.51082,17.35866],[82.51073,17.35866],[82.51073,17.35893],[82.51054,17.35902],[82.51055,17.3593],[82.51045,17.3593],[82.51036,17.35984],[82.50989,17.35984]]]},"properties":{"feature_id":"tuni-00016","belt":"tuni","district":"","area_ha":2.32,"lon":82.510801,"lat":17.358062,"source":"obia","sensor":"Sentinel-1 RTC (VV), 10 m","season":"2024 kharif","detected":true,"surveyed":false,"likely_block":false}},{"type":"Feature","geometry":{"type":"Polygon","coordinates":[[[82.5848,17.28372],[82.5847,17.28354],[82.58452,17.28354],[82.58452,17.28345],[82.58433,17.28345],[82.58433,17.28336],[82.58404,17.28336],[82.58405,17.28345],[82.58367,17.28346],[82.58367,17.28355],[82.58339,17.28355],[82.58339,17.28364],[82.58301,17.28364],[82.58301,17.28337],[82.5831,17.28337],[82.5831,17.28328],[82.5832,17.28328],[82.58329,17.2831],[82.58357,17.2831],[82.58357,17.28301],[82.58395,17.283],[82.58395,17.28291],[82.5847,17.28291],[82.5847,17.28282],[82.58498,17.28281],[82.58498,17.2829],[82.58517,17.2829],[82.58517,17.28281],[82.58583,17.28281],[82.58583,17.28272],[82.58639,17.28271],[82.58639,17.28262],[82.58677,17.28262],[82.58677,17.28271],[82.58695,17.28271],[82.58696,17.28298],[82.58583,17.28299],[82.58574,17.28317],[82.58536,17.28317],[82.58536,17.28326],[82.58517,17.28335],[82.58518,17.28363],[82.58508,17.28363],[82.58508,17.28372],[82.5848,17.28372]]]},"properties":{"feature_id":"tuni-00017","belt":"tuni","district":"","area_ha":2.12,"lon":82.584826,"lat":17.283142,"source":"obia","sensor":"Sentinel-1 RTC (VV), 10 m","season":"2024 kharif","detected":true,"surveyed":false,"likely_block":false}},{"type":"Feature","geometry":{"type":"Polygon","coordinates":[[[82.49701,17.33834],[82.49701,17.33825],[82.49692,17.33825],[82.49692,17.33807],[82.49663,17.33807],[82.49663,17.33798],[82.49654,17.33798],[82.49654,17.3378],[82.49635,17.3378],[82.49635,17.33771],[82.49626,17.33772],[82.49625,17.33753],[82.49607,17.33754],[82.49606,17.33736],[82.49588,17.33727],[82.49587,17.33709],[82.49578,17.33709],[82.49578,17.337],[82.49568,17.337],[82.49568,17.33682],[82.49549,17.33673],[82.49549,17.33646],[82.4954,17.33646],[82.4954,17.33619],[82.4953,17.33619],[82.4953,17.33582],[82.4952,17.33583],[82.4952,17.33519],[82.49511,17.33519],[82.4951,17.33474],[82.4952,17.33474],[82.4952,17.33465],[82.49557,17.33465],[82.49558,17.33519],[82.49567,17.33519],[82.49567,17.33546],[82.49558,17.33546],[82.49558,17.33555],[82.49567,17.33555],[82.49568,17.33582],[82.49577,17.33582],[82.49577,17.336],[82.49596,17.33609],[82.49596,17.33663],[82.49606,17.33663],[82.49606,17.33681],[82.49625,17.3369],[82.49625,17.33708],[82.49634,17.33708],[82.49635,17.33735],[82.49653,17.33735],[82.49654,17.33744],[82.49663,17.33744],[82.49663,17.33771],[82.49701,17.3378],[82.49701,17.33798],[82.4972,17.33798],[82.4972,17.33807],[82.49729,17.33807],[82.4973,17.33834],[82.49701,17.33834]]]},"properties":{"feature_id":"tuni-00018","belt":"tuni","district":"","area_ha":2.06,"lon":82.495894,"lat":17.33647,"source":"obia","sensor":"Sentinel-1 RTC (VV), 10 m","season":"2024 kharif","detected":true,"surveyed":false,"likely_block":false}},{"type":"Feature","geometry":{"type":"Polygon","coordinates":[[[82.51783,17.2611],[82.51774,17.26092],[82.51745,17.26092],[82.51736,17.26074],[82.51698,17.26075],[82.51689,17.26057],[82.5167,17.26057],[82.5167,17.26039],[82.5166,17.26039],[82.5166,17.26012],[82.5167,17.26012],[82.51669,17.26003],[82.51679,17.26003],[82.51688,17.25984],[82.51735,17.25984],[82.51735,17.2602],[82.51745,17.2602],[82.51745,17.26011],[82.51764,17.26011],[82.51763,17.25993],[82.51773,17.25993],[82.51773,17.25984],[82.51801,17.25984],[82.51801,17.25993],[82.5182,17.25992],[82.5182,17.26002],[82.51858,17.2601],[82.51858,17.26046],[82.51848,17.26046],[82.51849,17.26065],[82.51839,17.26065],[82.51839,17.26083],[82.5183,17.26083],[82.5183,17.2611],[82.51783,17.2611]]]},"properties":{"feature_id":"tuni-00019","belt":"tuni","district":"","area_ha":1.99,"lon":82.517649,"lat":17.260411,"source":"obia","sensor":"Sentinel-1 RTC (VV), 10 m","season":"2024 kharif","detected":true,"surveyed":false,"likely_block":false}},{"type":"Feature","geometry":{"type":"Polygon","coordinates":[[[82.54903,17.42641],[82.54903,17.42632],[82.54894,17.42632],[82.54894,17.42605],[82.54903,17.42605],[82.54903,17.4256],[82.54912,17.4256],[82.54912,17.42533],[82.54931,17.42524],[82.5493,17.42506],[82.5494,17.42505],[82.54949,17.42469],[82.54968,17.42469],[82.54968,17.4246],[82.55005,17.4246],[82.55006,17.42487],[82.55015,17.42487],[82.55015,17.42496],[82.55024,17.42496],[82.55025,17.42514],[82.55034,17.42514],[82.55034,17.4255],[82.55025,17.4255],[82.55025,17.42577],[82.55016,17.42577],[82.55016,17.42586],[82.54997,17.42586],[82.54997,17.42604],[82.54988,17.42605],[82.54988,17.42614],[82.54969,17.42614],[82.54969,17.42623],[82.54941,17.42623],[82.54941,17.42614],[82.54931,17.42614],[82.54931,17.42641],[82.54903,17.42641]]]},"properties":{"feature_id":"tuni-00020","belt":"tuni","district":"","area_ha":1.86,"lon":82.549648,"lat":17.425507,"source":"obia","sensor":"Sentinel-1 RTC (VV), 10 m","season":"2024 kharif","detected":true,"surveyed":false,"likely_block":false}},{"type":"Feature","geometry":{"type":"Polygon","coordinates":[[[82.53422,17.37746],[82.53422,17.37719],[82.53431,17.37719],[82.53431,17.3771],[82.53422,17.3771],[82.53421,17.37665],[82.53431,17.37665],[82.53431,17.37637],[82.5344,17.37637],[82.5344,17.37619],[82.53459,17.3761],[82.53458,17.37574],[82.53468,17.37574],[82.53477,17.37502],[82.53486,17.37501],[82.53486,17.37492],[82.53495,17.37492],[82.53505,17.37474],[82.53523,17.37474],[82.53533,17.37438],[82.53542,17.37438],[82.53542,17.37429],[82.53561,17.37429],[82.53561,17.3742],[82.5357,17.3742],[82.5357,17.3741],[82.53579,17.3741],[82.53579,17.37401],[82.53589,17.37401],[82.53598,17.37383],[82.53626,17.37383],[82.53626,17.37374],[82.53664,17.37374],[82.53664,17.37401],[82.53636,17.37401],[82.53626,17.37419],[82.53608,17.37419],[82.53608,17.37428],[82.53598,17.37428],[82.53589,17.37446],[82.5357,17.37447],[82.5357,17.37456],[82.53552,17.37465],[82.53552,17.37483],[82.53542,17.37483],[82.53533,17.37519],[82.53524,17.37519],[82.53524,17.37528],[82.53514,17.37528],[82.53515,17.37546],[82.53496,17.37556],[82.53496,17.37592],[82.53487,17.37592],[82.53487,17.37619],[82.53478,17.37619],[82.53478,17.37655],[82.53468,17.37655],[82.53469,17.37691],[82.53459,17.37691],[82.5345,17.37746],[82.53422,17.37746]]]},"properties":{"feature_id":"tuni-00021","belt":"tuni","district":"","area_ha":1.86,"lon":82.535113,"lat":17.375435,"source":"obia","sensor":"Sentinel-1 RTC (VV), 10 m","season":"2024 kharif","detected":true,"surveyed":false,"likely_block":false}},{"type":"Feature","geometry":{"type":"Polygon","coordinates":[[[82.5801,17.28412],[82.5801,17.28403],[82.57963,17.28403],[82.57963,17.28394],[82.57944,17.28394],[82.57944,17.28385],[82.57869,17.28377],[82.57868,17.2835],[82.58,17.28349],[82.58,17.28358],[82.58038,17.28357],[82.58038,17.28366],[82.58076,17.28366],[82.58076,17.28375],[82.58198,17.28374],[82.58198,17.28365],[82.58254,17.28365],[82.58254,17.28392],[82.58226,17.28392],[82.58226,17.28401],[82.58198,17.28401],[82.58198,17.2841],[82.58104,17.28411],[82.58104,17.28402],[82.58076,17.28402],[82.58076,17.28411],[82.58048,17.28411],[82.58048,17.28402],[82.58038,17.28402],[82.58038,17.28411],[82.5801,17.28412]]]},"properties":{"feature_id":"tuni-00022","belt":"tuni","district":"","area_ha":1.74,"lon":82.580553,"lat":17.283813,"source":"obia","sensor":"Sentinel-1 RTC (VV), 10 m","season":"2024 kharif","detected":true,"surveyed":false,"likely_block":false}},{"type":"Feature","geometry":{"type":"Polygon","coordinates":[[[82.50304,17.35032],[82.50304,17.35004],[82.50285,17.35005],[82.50285,17.34987],[82.50275,17.34987],[82.50275,17.34969],[82.50266,17.34969],[82.50265,17.34941],[82.50256,17.34942],[82.50246,17.34887],[82.50237,17.34887],[82.50237,17.34869],[82.50227,17.34869],[82.50227,17.34833],[82.50218,17.34833],[82.50217,17.34806],[82.50208,17.34806],[82.50208,17.34788],[82.50198,17.34788],[82.50198,17.34752],[82.50189,17.34752],[82.50188,17.34698],[82.50179,17.34698],[82.50178,17.34662],[82.50216,17.34662],[82.50216,17.3468],[82.50226,17.3468],[82.50226,17.34716],[82.50235,17.34716],[82.50236,17.34761],[82.50245,17.34761],[82.50245,17.34797],[82.50255,17.34797],[82.50255,17.34815],[82.50264,17.34815],[82.50265,17.34833],[82.50274,17.34833],[82.50274,17.34887],[82.50284,17.34887],[82.50294,17.34959],[82.50313,17.34968],[82.50313,17.35004],[82.50332,17.35004],[82.50332,17.35031],[82.50304,17.35032]]]},"properties":{"feature_id":"tuni-00023","belt":"tuni","district":"","area_ha":1.72,"lon":82.502452,"lat":17.348342,"source":"obia","sensor":"Sentinel-1 RTC (VV), 10 m","season":"2024 kharif","detected":true,"surveyed":false,"likely_block":false}},{"type":"Feature","geometry":{"type":"Polygon","coordinates":[[[82.6503,17.32973],[82.6503,17.32955],[82.6502,17.32955],[82.6502,17.32946],[82.65011,17.32946],[82.65002,17.32964],[82.64973,17.32964],[82.64973,17.32901],[82.65001,17.32901],[82.65001,17.32892],[82.6501,17.32892],[82.6501,17.32883],[82.65001,17.32883],[82.65,17.32837],[82.64991,17.32837],[82.64991,17.3281],[82.65,17.3281],[82.65,17.32774],[82.65047,17.32774],[82.65047,17.32783],[82.65066,17.32792],[82.65068,17.32972],[82.6503,17.32973]]]},"properties":{"feature_id":"tuni-00024","belt":"tuni","district":"","area_ha":1.67,"lon":82.650277,"lat":17.328777,"source":"obia","sensor":"Sentinel-1 RTC (VV), 10 m","season":"2024 kharif","detected":true,"surveyed":false,"likely_block":false}},{"type":"Feature","geometry":{"type":"Polygon","coordinates":[[[82.53378,17.38117],[82.53378,17.3809],[82.53387,17.3809],[82.53387,17.38017],[82.53396,17.38017],[82.53395,17.37864],[82.53414,17.37854],[82.53413,17.37827],[82.53423,17.37827],[82.53422,17.37755],[82.5345,17.37755],[82.53451,17.37836],[82.53442,17.37836],[82.53443,17.37936],[82.53433,17.37936],[82.53433,17.37954],[82.53443,17.37954],[82.53443,17.3799],[82.53434,17.3799],[82.53434,17.38035],[82.53425,17.38035],[82.53425,17.38071],[82.53415,17.38071],[82.53416,17.38089],[82.53406,17.38089],[82.53406,17.38117],[82.53378,17.38117]]]},"properties":{"feature_id":"tuni-00025","belt":"tuni","district":"","area_ha":1.59,"lon":82.534178,"lat":17.379394,"source":"obia","sensor":"Sentinel-1 RTC (VV), 10 m","season":"2024 kharif","detected":true,"surveyed":false,"likely_block":false}},{"type":"Feature","geometry":{"type":"Polygon","coordinates":[[[82.45564,17.44835],[82.45564,17.44826],[82.45554,17.44826],[82.45563,17.44772],[82.4561,17.44772],[82.4561,17.44736],[82.456,17.44736],[82.45609,17.44663],[82.45647,17.44663],[82.45647,17.44654],[82.45713,17.44654],[82.45713,17.44699],[82.45704,17.44699],[82.45694,17.44717],[82.45666,17.44717],[82.45666,17.44735],[82.45657,17.44735],[82.45657,17.44762],[82.45648,17.44762],[82.45648,17.44781],[82.4562,17.44781],[82.4562,17.44835],[82.45564,17.44835]]]},"properties":{"feature_id":"tuni-00026","belt":"tuni","district":"","area_ha":1.53,"lon":82.456328,"lat":17.447346,"source":"obia","sensor":"Sentinel-1 RTC (VV), 10 m","season":"2024 kharif","detected":true,"surveyed":false,"likely_block":false}},{"type":"Feature","geometry":{"type":"Polygon","coordinates":[[[82.64651,17.32723],[82.64651,17.32687],[82.6467,17.32687],[82.6467,17.32659],[82.64651,17.3266],[82.6465,17.32623],[82.6466,17.32623],[82.6466,17.32605],[82.64669,17.32605],[82.64669,17.32578],[82.64688,17.32569],[82.64687,17.32542],[82.64716,17.32542],[82.64716,17.32587],[82.64735,17.32587],[82.64735,17.32578],[82.64772,17.32577],[82.64773,17.32613],[82.64744,17.32614],[82.64745,17.32623],[82.64726,17.32632],[82.64726,17.32641],[82.64735,17.32641],[82.64736,17.32668],[82.64726,17.32668],[82.64726,17.32677],[82.64698,17.32677],[82.64698,17.32713],[82.64689,17.32713],[82.64689,17.32722],[82.64651,17.32723]]]},"properties":{"feature_id":"tuni-00027","belt":"tuni","district":"","area_ha":1.35,"lon":82.647002,"lat":17.326301,"source":"obia","sensor":"Sentinel-1 RTC (VV), 10 m","season":"2024 kharif","detected":true,"surveyed":false,"likely_block":false}},{"type":"Feature","geometry":{"type":"Polygon","coordinates":[[[82.47128,17.30898],[82.47128,17.30862],[82.47316,17.30861],[82.47316,17.30852],[82.47372,17.30851],[82.47372,17.30842],[82.474,17.30842],[82.474,17.30851],[82.47457,17.30842],[82.47457,17.30869],[82.47429,17.30869],[82.47429,17.30878],[82.4741,17.30878],[82.4741,17.30887],[82.47335,17.30888],[82.47335,17.30897],[82.47288,17.30897],[82.47288,17.30888],[82.47231,17.30888],[82.47232,17.30897],[82.47128,17.30898]]]},"properties":{"feature_id":"tuni-00028","belt":"tuni","district":"","area_ha":1.34,"lon":82.472912,"lat":17.308731,"source":"obia","sensor":"Sentinel-1 RTC (VV), 10 m","season":"2024 kharif","detected":true,"surveyed":false,"likely_block":false}},{"type":"Feature","geometry":{"type":"Polygon","coordinates":[[[82.53287,17.38488],[82.53287,17.38452],[82.53296,17.38452],[82.53296,17.38425],[82.53305,17.38425],[82.53305,17.38397],[82.53315,17.38397],[82.53314,17.38361],[82.53324,17.38361],[82.53324,17.38343],[82.53333,17.38343],[82.53333,17.38298],[82.53342,17.38298],[82.53342,17.38235],[82.53351,17.38234],[82.53351,17.38225],[82.53379,17.38225],[82.53379,17.38243],[82.53389,17.38243],[82.53389,17.38288],[82.5338,17.38288],[82.5338,17.38352],[82.53371,17.38352],[82.53371,17.3837],[82.53361,17.3837],[82.53362,17.38397],[82.53352,17.38397],[82.53352,17.38406],[82.53334,17.38415],[82.53334,17.38433],[82.53324,17.38433],[82.53315,17.38488],[82.53287,17.38488]]]},"properties":{"feature_id":"tuni-00029","belt":"tuni","district":"","area_ha":1.28,"lon":82.533433,"lat":17.383491,"source":"obia","sensor":"Sentinel-1 RTC (VV), 10 m","season":"2024 kharif","detected":true,"surveyed":false,"likely_block":false}},{"type":"Feature","geometry":{"type":"Polygon","coordinates":[[[82.45219,17.31039],[82.45219,17.3103],[82.452,17.3103],[82.452,17.31021],[82.45163,17.31012],[82.45163,17.31003],[82.45153,17.31003],[82.45153,17.30994],[82.45144,17.30994],[82.45134,17.30976],[82.45115,17.30976],[82.45115,17.30958],[82.45078,17.30958],[82.45078,17.30949],[82.45059,17.30949],[82.45049,17.30931],[82.4503,17.30932],[82.4503,17.30923],[82.45011,17.30923],[82.45002,17.30905],[82.44983,17.30905],[82.44983,17.30896],[82.44974,17.30896],[82.44973,17.30869],[82.45011,17.30868],[82.45011,17.30878],[82.4503,17.30877],[82.4504,17.30895],[82.45058,17.30895],[82.45058,17.30904],[82.45077,17.30904],[82.45087,17.30922],[82.45106,17.30922],[82.45106,17.30931],[82.45115,17.30931],[82.45115,17.30949],[82.45143,17.30949],[82.45143,17.30958],[82.45162,17.30958],[82.45172,17.30976],[82.45191,17.30976],[82.45191,17.30985],[82.45219,17.30984],[82.45219,17.30994],[82.45238,17.30993],[82.45238,17.31002],[82.45247,17.31002],[82.45248,17.31038],[82.45219,17.31039]]]},"properties":{"feature_id":"tuni-00030","belt":"tuni","district":"","area_ha":1.27,"lon":82.451119,"lat":17.309525,"source":"obia","sensor":"Sentinel-1 RTC (VV), 10 m","season":"2024 kharif","detected":true,"surveyed":false,"likely_block":false}},{"type":"Feature","geometry":{"type":"Polygon","coordinates":[[[82.488,17.31744],[82.488,17.31735],[82.48791,17.31735],[82.4879,17.31708],[82.48771,17.31708],[82.48771,17.31681],[82.48762,17.31681],[82.48762,17.31672],[82.48743,17.31663],[82.48743,17.31645],[82.48733,17.31645],[82.48724,17.31609],[82.48705,17.31601],[82.48704,17.31564],[82.48695,17.31564],[82.48695,17.31537],[82.48676,17.31528],[82.48676,17.31501],[82.48704,17.31501],[82.48704,17.3151],[82.48723,17.31519],[82.48723,17.31537],[82.48742,17.31546],[82.48742,17.31582],[82.48752,17.31582],[82.48752,17.31609],[82.48771,17.31618],[82.48771,17.31645],[82.4879,17.31654],[82.4879,17.31672],[82.48809,17.31681],[82.48809,17.31699],[82.48818,17.31699],[82.48819,17.31717],[82.48828,17.31717],[82.48828,17.31744],[82.488,17.31744]]]},"properties":{"feature_id":"tuni-00031","belt":"tuni","district":"","area_ha":1.13,"lon":82.487491,"lat":17.316205,"source":"obia","sensor":"Sentinel-1 RTC (VV), 10 m","season":"2024 kharif","detected":true,"surveyed":false,"likely_block":false}},{"type":"Feature","geometry":{"type":"Polygon","coordinates":[[[82.494,17.39575],[82.49399,17.39539],[82.49343,17.3953],[82.49342,17.39485],[82.4938,17.39485],[82.4938,17.39475],[82.49408,17.39475],[82.49408,17.39484],[82.49446,17.39493],[82.49446,17.39511],[82.49465,17.39511],[82.49465,17.3952],[82.49484,17.39529],[82.49484,17.39547],[82.49494,17.39547],[82.49494,17.39574],[82.494,17.39575]]]},"properties":{"feature_id":"tuni-00032","belt":"tuni","district":"","area_ha":1.12,"lon":82.494178,"lat":17.395274,"source":"obia","sensor":"Sentinel-1 RTC (VV), 10 m","season":"2024 kharif","detected":true,"surveyed":false,"likely_block":false}},{"type":"Feature","geometry":{"type":"Polygon","coordinates":[[[82.64898,17.42362],[82.64897,17.42335],[82.64907,17.42335],[82.64907,17.42326],[82.64935,17.42326],[82.64935,17.42317],[82.64963,17.42317],[82.64963,17.42308],[82.65001,17.42307],[82.65001,17.42298],[82.65038,17.42298],[82.65038,17.42289],[82.65057,17.42289],[82.65057,17.4228],[82.65095,17.42279],[82.65094,17.4227],[82.65151,17.4227],[82.65151,17.42297],[82.65142,17.42297],[82.65142,17.42306],[82.65114,17.42306],[82.65114,17.42315],[82.65067,17.42316],[82.65067,17.42325],[82.6502,17.42325],[82.6502,17.42334],[82.64991,17.42334],[82.64992,17.42343],[82.64963,17.42344],[82.64963,17.42353],[82.64926,17.42353],[82.64926,17.42362],[82.64898,17.42362]]]},"properties":{"feature_id":"tuni-00033","belt":"tuni","district":"","area_ha":1.05,"lon":82.650272,"lat":17.423131,"source":"obia","sensor":"Sentinel-1 RTC (VV), 10 m","season":"2024 kharif","detected":true,"surveyed":false,"likely_block":false}},{"type":"Feature","geometry":{"type":"Polygon","coordinates":[[[82.52835,17.27087],[82.52835,17.27078],[82.52816,17.27078],[82.52816,17.27069],[82.52807,17.27069],[82.52807,17.2706],[82.52788,17.27051],[82.52788,17.27033],[82.52769,17.27025],[82.52768,17.26979],[82.52787,17.26979],[82.52787,17.2697],[82.52825,17.2697],[82.52825,17.26988],[82.52844,17.26988],[82.52844,17.26997],[82.52853,17.26997],[82.52853,17.27006],[82.52863,17.27006],[82.52863,17.27015],[82.52882,17.27024],[82.52882,17.27069],[82.52873,17.27069],[82.52863,17.27087],[82.52835,17.27087]]]},"properties":{"feature_id":"tuni-00034","belt":"tuni","district":"","area_ha":1.05,"lon":82.528256,"lat":17.27028,"source":"obia","sensor":"Sentinel-1 RTC (VV), 10 m","season":"2024 kharif","detected":true,"surveyed":false,"likely_block":false}},{"type":"Feature","geometry":{"type":"Polygon","coordinates":[[[82.62796,17.38855],[82.62796,17.38846],[82.62767,17.38847],[82.62767,17.38838],[82.62692,17.38829],[82.62692,17.3882],[82.62682,17.3882],[82.62682,17.38793],[82.62692,17.38793],[82.62692,17.38784],[82.62767,17.38783],[82.62767,17.38811],[82.62786,17.3881],[82.62786,17.38792],[82.62823,17.38792],[82.62823,17.38801],[82.62852,17.38801],[82.62852,17.3881],[82.62861,17.3881],[82.62861,17.38846],[82.62852,17.38846],[82.62852,17.38855],[82.62796,17.38855]]]},"properties":{"feature_id":"tuni-00035","belt":"tuni","district":"","area_ha":1.04,"lon":82.627756,"lat":17.388179,"source":"obia","sensor":"Sentinel-1 RTC (VV), 10 m","season":"2024 kharif","detected":true,"surveyed":false,"likely_block":false}},{"type":"Feature","geometry":{"type":"Polygon","coordinates":[[[82.52103,17.2609],[82.52093,17.26072],[82.52074,17.26072],[82.52074,17.26063],[82.52056,17.26063],[82.52055,17.26054],[82.52018,17.26045],[82.52008,17.26027],[82.51971,17.26018],[82.51961,17.26],[82.51933,17.26001],[82.51933,17.25992],[82.51923,17.25992],[82.51923,17.25956],[82.51961,17.25955],[82.51961,17.25964],[82.51979,17.25964],[82.5198,17.25973],[82.51989,17.25973],[82.51989,17.25991],[82.52017,17.25991],[82.52027,17.26009],[82.52046,17.26009],[82.52046,17.26018],[82.52065,17.26018],[82.52065,17.26027],[82.52102,17.26036],[82.52102,17.26045],[82.52112,17.26045],[82.52121,17.26063],[82.5214,17.26062],[82.5214,17.26089],[82.52103,17.2609]]]},"properties":{"feature_id":"tuni-00036","belt":"tuni","district":"","area_ha":1.04,"lon":82.52027,"lat":17.260221,"source":"obia","sensor":"Sentinel-1 RTC (VV), 10 m","season":"2024 kharif","detected":true,"surveyed":false,"likely_block":false}},{"type":"Feature","geometry":{"type":"Polygon","coordinates":[[[82.52569,17.25544],[82.52568,17.25535],[82.52559,17.25535],[82.52559,17.25499],[82.52578,17.25499],[82.52577,17.25463],[82.52587,17.25463],[82.52587,17.25444],[82.52624,17.25444],[82.52624,17.25426],[82.52615,17.25426],[82.52614,17.2539],[82.52661,17.2539],[82.52661,17.25399],[82.52671,17.25399],[82.52671,17.25444],[82.52643,17.25444],[82.52643,17.25462],[82.52653,17.25462],[82.52653,17.25489],[82.52643,17.25489],[82.52643,17.25507],[82.52596,17.25508],[82.52597,17.25517],[82.52606,17.25517],[82.52606,17.25544],[82.52569,17.25544]]]},"properties":{"feature_id":"tuni-00037","belt":"tuni","district":"","area_ha":1.03,"lon":82.526169,"lat":17.254666,"source":"obia","sensor":"Sentinel-1 RTC (VV), 10 m","season":"2024 kharif","detected":true,"surveyed":false,"likely_block":false}},{"type":"Feature","geometry":{"type":"Polygon","coordinates":[[[82.55231,17.35717],[82.5523,17.35663],[82.5524,17.35663],[82.55249,17.35626],[82.55258,17.35626],[82.55258,17.35617],[82.55277,17.35608],[82.55277,17.3559],[82.55286,17.3559],[82.55286,17.35581],[82.55277,17.35581],[82.55276,17.35545],[82.55286,17.35545],[82.55286,17.35527],[82.55314,17.35526],[82.55314,17.35545],[82.55323,17.35544],[82.55324,17.35599],[82.55314,17.35599],[82.55315,17.35626],[82.55305,17.35626],[82.55296,17.35662],[82.55277,17.35671],[82.55268,17.35708],[82.55259,17.35708],[82.55259,17.35717],[82.55231,17.35717]]]},"properties":{"feature_id":"tuni-00038","belt":"tuni","district":"","area_ha":1.01,"lon":82.552796,"lat":17.356236,"source":"obia","sensor":"Sentinel-1 RTC (VV), 10 m","season":"2024 kharif","detected":true,"surveyed":false,"likely_block":false}},{"type":"Feature","geometry":{"type":"Polygon","coordinates":[[[82.60622,17.29204],[82.60622,17.29195],[82.60603,17.29195],[82.60603,17.29186],[82.60585,17.29186],[82.60585,17.29177],[82.60575,17.29178],[82.60575,17.29132],[82.60584,17.29132],[82.60584,17.29114],[82.6065,17.29114],[82.60659,17.29132],[82.60688,17.29131],[82.60679,17.29204],[82.60622,17.29204]]]},"properties":{"feature_id":"tuni-00039","belt":"tuni","district":"","area_ha":0.98,"lon":82.606309,"lat":17.291582,"source":"obia","sensor":"Sentinel-1 RTC (VV), 10 m","season":"2024 kharif","detected":true,"surveyed":false,"likely_block":false}},{"type":"Feature","geometry":{"type":"Polygon","coordinates":[[[82.52891,17.27006],[82.52891,17.26996],[82.52881,17.26997],[82.52881,17.26978],[82.52872,17.26979],[82.52872,17.2697],[82.52862,17.2697],[82.52862,17.26961],[82.52843,17.26952],[82.52843,17.26925],[82.52853,17.26924],[82.52853,17.26915],[82.52871,17.26915],[82.52871,17.26906],[82.52918,17.26906],[82.52918,17.26915],[82.52928,17.26915],[82.52928,17.26933],[82.52937,17.26933],[82.52937,17.26942],[82.52956,17.26951],[82.52957,17.26996],[82.52938,17.26996],[82.52938,17.27005],[82.52891,17.27006]]]},"properties":{"feature_id":"tuni-00040","belt":"tuni","district":"","area_ha":0.94,"lon":82.529028,"lat":17.269551,"source":"obia","sensor":"Sentinel-1 RTC (VV), 10 m","season":"2024 kharif","detected":true,"surveyed":false,"likely_block":false}},{"type":"Feature","geometry":{"type":"Polygon","coordinates":[[[82.55838,17.38568],[82.55838,17.38531],[82.55763,17.38541],[82.55763,17.38532],[82.55753,17.38532],[82.55753,17.38496],[82.558,17.38496],[82.558,17.38478],[82.55809,17.38477],[82.55809,17.38468],[82.55847,17.38468],[82.55847,17.38486],[82.55866,17.38495],[82.55866,17.38531],[82.55885,17.3854],[82.55885,17.38567],[82.55838,17.38568]]]},"properties":{"feature_id":"tuni-00041","belt":"tuni","district":"","area_ha":0.86,"lon":82.558229,"lat":17.385174,"source":"obia","sensor":"Sentinel-1 RTC (VV), 10 m","season":"2024 kharif","detected":true,"surveyed":false,"likely_block":false}},{"type":"Feature","geometry":{"type":"Polygon","coordinates":[[[82.52487,17.32729],[82.52486,17.32711],[82.52468,17.32702],[82.52467,17.32666],[82.52496,17.32665],[82.52496,17.32684],[82.52505,17.32683],[82.52505,17.32647],[82.52552,17.32647],[82.52552,17.32638],[82.5258,17.32638],[82.5258,17.32701],[82.52543,17.3271],[82.52543,17.32728],[82.52487,17.32729]]]},"properties":{"feature_id":"tuni-00042","belt":"tuni","district":"","area_ha":0.86,"lon":82.525277,"lat":17.326844,"source":"obia","sensor":"Sentinel-1 RTC (VV), 10 m","season":"2024 kharif","detected":true,"surveyed":false,"likely_block":false}},{"type":"Feature","geometry":{"type":"Polygon","coordinates":[[[82.45486,17.29031],[82.45486,17.28994],[82.45504,17.28994],[82.45504,17.28985],[82.45485,17.28985],[82.45485,17.2894],[82.45504,17.28931],[82.45504,17.28913],[82.45513,17.28913],[82.45513,17.28904],[82.45532,17.28904],[82.45532,17.28886],[82.45579,17.28885],[82.45579,17.28921],[82.4557,17.28922],[82.4557,17.28931],[82.45551,17.28931],[82.45551,17.28949],[82.45542,17.28949],[82.45542,17.28976],[82.45532,17.28976],[82.45533,17.29003],[82.45514,17.29003],[82.45514,17.2903],[82.45486,17.29031]]]},"properties":{"feature_id":"tuni-00043","belt":"tuni","district":"","area_ha":0.85,"lon":82.455248,"lat":17.289493,"source":"obia","sensor":"Sentinel-1 RTC (VV), 10 m","season":"2024 kharif","detected":true,"surveyed":false,"likely_block":false}},{"type":"Feature","geometry":{"type":"Polygon","coordinates":[[[82.49144,17.32347],[82.49143,17.32338],[82.49134,17.32338],[82.49134,17.32329],[82.49125,17.32329],[82.49125,17.3232],[82.49115,17.3232],[82.49115,17.32311],[82.49096,17.32302],[82.49096,17.32284],[82.49087,17.32284],[82.49087,17.32275],[82.49077,17.32276],[82.49077,17.32266],[82.49058,17.32258],[82.49048,17.32221],[82.4903,17.32213],[82.49029,17.32185],[82.49058,17.32185],[82.49058,17.32194],[82.49067,17.32194],[82.49067,17.32212],[82.49077,17.32212],[82.49077,17.32221],[82.49086,17.32221],[82.49086,17.3223],[82.49105,17.32239],[82.49115,17.32275],[82.49134,17.32275],[82.49134,17.32293],[82.49143,17.32293],[82.49143,17.32302],[82.49162,17.32302],[82.49162,17.32311],[82.49181,17.3232],[82.49181,17.32347],[82.49144,17.32347]]]},"properties":{"feature_id":"tuni-00044","belt":"tuni","district":"","area_ha":0.84,"lon":82.49103,"lat":17.322712,"source":"obia","sensor":"Sentinel-1 RTC (VV), 10 m","season":"2024 kharif","detected":true,"surveyed":false,"likely_block":false}},{"type":"Feature","geometry":{"type":"Polygon","coordinates":[[[82.60774,17.29357],[82.60774,17.29348],[82.60746,17.29348],[82.60746,17.29312],[82.60755,17.29312],[82.60764,17.29257],[82.6082,17.29257],[82.6082,17.29266],[82.60839,17.29266],[82.6084,17.29302],[82.6083,17.29302],[82.6083,17.2932],[82.60821,17.2932],[82.60812,17.29356],[82.60774,17.29357]]]},"properties":{"feature_id":"tuni-00045","belt":"tuni","district":"","area_ha":0.84,"lon":82.607919,"lat":17.29305,"source":"obia","sensor":"Sentinel-1 RTC (VV), 10 m","season":"2024 kharif","detected":true,"surveyed":false,"likely_block":false}},{"type":"Feature","geometry":{"type":"Polygon","coordinates":[[[82.52984,17.26942],[82.52984,17.26933],[82.52975,17.26933],[82.52975,17.26924],[82.52966,17.26924],[82.52965,17.26915],[82.52956,17.26915],[82.52956,17.26906],[82.52937,17.26897],[82.52937,17.26861],[82.52956,17.2686],[82.52965,17.26842],[82.52993,17.26842],[82.52993,17.26851],[82.53012,17.26851],[82.53012,17.2686],[82.53021,17.2686],[82.53021,17.26869],[82.5304,17.26878],[82.53041,17.26914],[82.53031,17.26914],[82.53031,17.26923],[82.53013,17.26923],[82.53013,17.26941],[82.52984,17.26942]]]},"properties":{"feature_id":"tuni-00046","belt":"tuni","district":"","area_ha":0.83,"lon":82.529894,"lat":17.268899,"source":"obia","sensor":"Sentinel-1 RTC (VV), 10 m","season":"2024 kharif","detected":true,"surveyed":false,"likely_block":false}},{"type":"Feature","geometry":{"type":"Polygon","coordinates":[[[82.51551,17.26528],[82.51551,17.26492],[82.51542,17.26492],[82.51542,17.26474],[82.51532,17.26474],[82.51532,17.26483],[82.51504,17.26483],[82.51504,17.26456],[82.51513,17.26456],[82.51513,17.26401],[82.5155,17.26401],[82.5155,17.2641],[82.5156,17.2641],[82.5156,17.26446],[82.51579,17.26455],[82.51579,17.26473],[82.51607,17.26473],[82.51608,17.26509],[82.51589,17.26509],[82.51589,17.26527],[82.51551,17.26528]]]},"properties":{"feature_id":"tuni-00047","belt":"tuni","district":"","area_ha":0.83,"lon":82.515528,"lat":17.264659,"source":"obia","sensor":"Sentinel-1 RTC (VV), 10 m","season":"2024 kharif","detected":true,"surveyed":false,"likely_block":false}},{"type":"Feature","geometry":{"type":"Polygon","coordinates":[[[82.46349,17.31094],[82.46349,17.31067],[82.46386,17.31066],[82.46386,17.31048],[82.46405,17.31048],[82.46405,17.31039],[82.46433,17.31039],[82.46433,17.3103],[82.46452,17.3103],[82.46452,17.31021],[82.4648,17.3102],[82.46489,17.31002],[82.46527,17.31002],[82.46527,17.30984],[82.46574,17.30984],[82.46574,17.31011],[82.46527,17.31011],[82.46527,17.31029],[82.46508,17.31029],[82.46508,17.31038],[82.4648,17.31039],[82.4648,17.31048],[82.46471,17.31048],[82.46471,17.31057],[82.46452,17.31057],[82.46452,17.31066],[82.46414,17.31066],[82.46414,17.31075],[82.46386,17.31075],[82.46386,17.31093],[82.46349,17.31094]]]},"properties":{"feature_id":"tuni-00048","belt":"tuni","district":"","area_ha":0.79,"lon":82.46461,"lat":17.310375,"source":"obia","sensor":"Sentinel-1 RTC (VV), 10 m","season":"2024 kharif","detected":true,"surveyed":false,"likely_block":false}},{"type":"Feature","geometry":{"type":"Polygon","coordinates":[[[82.62555,17.42481],[82.62555,17.42472],[82.62526,17.42472],[82.62526,17.42463],[82.62508,17.42463],[82.62508,17.42454],[82.62479,17.42454],[82.62479,17.42445],[82.6246,17.42446],[82.6246,17.42437],[82.62423,17.42437],[82.62423,17.42428],[82.62394,17.42428],[82.62394,17.42392],[82.62422,17.42392],[82.62422,17.42401],[82.6246,17.424],[82.6246,17.42409],[82.62488,17.42409],[82.62498,17.42427],[82.62526,17.42427],[82.62536,17.42445],[82.62564,17.42445],[82.62564,17.42454],[82.62583,17.42454],[82.62583,17.42481],[82.62555,17.42481]]]},"properties":{"feature_id":"tuni-00049","belt":"tuni","district":"","area_ha":0.76,"lon":82.624845,"lat":17.424348,"source":"obia","sensor":"Sentinel-1 RTC (VV), 10 m","season":"2024 kharif","detected":true,"surveyed":false,"likely_block":false}},{"type":"Feature","geometry":{"type":"Polygon","coordinates":[[[82.51728,17.36575],[82.51728,17.36566],[82.5169,17.36566],[82.5169,17.36557],[82.51671,17.36557],[82.51671,17.36548],[82.51652,17.36549],[82.51652,17.3654],[82.51634,17.3654],[82.51633,17.36531],[82.51596,17.36522],[82.51596,17.36495],[82.51671,17.36503],[82.5168,17.36521],[82.51709,17.36521],[82.51709,17.3653],[82.51737,17.3653],[82.51737,17.36539],[82.51756,17.36539],[82.51756,17.36575],[82.51728,17.36575]]]},"properties":{"feature_id":"tuni-00050","belt":"tuni","district":"","area_ha":0.72,"lon":82.516791,"lat":17.365341,"source":"obia","sensor":"Sentinel-1 RTC (VV), 10 m","season":"2024 kharif","detected":true,"surveyed":false,"likely_block":false}},{"type":"Feature","geometry":{"type":"Polygon","coordinates":[[[82.54098,17.3193],[82.54098,17.31921],[82.54079,17.31921],[82.54079,17.31894],[82.54098,17.31894],[82.54098,17.31885],[82.54126,17.31885],[82.54126,17.31876],[82.54145,17.31876],[82.54145,17.31858],[82.54192,17.31857],[82.54192,17.3192],[82.54183,17.31921],[82.54183,17.3193],[82.54098,17.3193]]]},"properties":{"feature_id":"tuni-00051","belt":"tuni","district":"","area_ha":0.72,"lon":82.541443,"lat":17.318988,"source":"obia","sensor":"Sentinel-1 RTC (VV), 10 m","season":"2024 kharif","detected":true,"surveyed":false,"likely_block":false}},{"type":"Feature","geometry":{"type":"Polygon","coordinates":[[[82.53048,17.26688],[82.53048,17.26679],[82.53029,17.26679],[82.53029,17.2667],[82.53001,17.2667],[82.53001,17.26634],[82.53019,17.26625],[82.53019,17.26598],[82.53047,17.26598],[82.53057,17.26616],[82.53085,17.26615],[82.53085,17.26624],[82.53095,17.26624],[82.53095,17.2667],[82.53086,17.2667],[82.53076,17.26688],[82.53048,17.26688]]]},"properties":{"feature_id":"tuni-00052","belt":"tuni","district":"","area_ha":0.72,"lon":82.530491,"lat":17.266449,"source":"obia","sensor":"Sentinel-1 RTC (VV), 10 m","season":"2024 kharif","detected":true,"surveyed":false,"likely_block":false}},{"type":"Feature","geometry":{"type":"Polygon","coordinates":[[[82.62877,17.42677],[82.62876,17.42659],[82.62848,17.42659],[82.62848,17.4265],[82.62839,17.4265],[82.62839,17.42632],[82.6281,17.42632],[82.6281,17.42614],[82.62782,17.42615],[82.62782,17.42606],[82.62763,17.42606],[82.62763,17.42597],[82.62754,17.42597],[82.62753,17.42579],[82.62725,17.42579],[82.62725,17.4257],[82.62716,17.4257],[82.62715,17.42543],[82.62744,17.42543],[82.62744,17.42552],[82.62753,17.42552],[82.62753,17.4257],[82.62782,17.42569],[82.62791,17.42587],[82.62819,17.42587],[82.62819,17.42605],[82.62838,17.42605],[82.62838,17.42623],[82.62867,17.42623],[82.62867,17.42632],[82.62886,17.42632],[82.62886,17.4265],[82.62905,17.4265],[82.62905,17.42677],[82.62877,17.42677]]]},"properties":{"feature_id":"tuni-00053","belt":"tuni","district":"","area_ha":0.71,"lon":82.6281,"lat":17.426096,"source":"obia","sensor":"Sentinel-1 RTC (VV), 10 m","season":"2024 kharif","detected":true,"surveyed":false,"likely_block":false}},{"type":"Feature","geometry":{"type":"Polygon","coordinates":[[[82.52811,17.37823],[82.52811,17.37814],[82.52802,17.37814],[82.52801,17.37778],[82.52811,17.37778],[82.52811,17.37769],[82.52801,17.37769],[82.52801,17.37733],[82.5281,17.37733],[82.5281,17.37714],[82.52848,17.37714],[82.52848,17.37723],[82.52867,17.37732],[82.52867,17.37786],[82.52849,17.37796],[82.52849,17.37823],[82.52811,17.37823]]]},"properties":{"feature_id":"tuni-00054","belt":"tuni","district":"","area_ha":0.7,"lon":82.528323,"lat":17.377673,"source":"obia","sensor":"Sentinel-1 RTC (VV), 10 m","season":"2024 kharif","detected":true,"surveyed":false,"likely_block":false}},{"type":"Feature","geometry":{"type":"Polygon","coordinates":[[[82.44872,17.28664],[82.4487,17.28475],[82.44898,17.28475],[82.44899,17.28511],[82.44908,17.28511],[82.44899,17.28583],[82.44909,17.28583],[82.44909,17.2861],[82.44899,17.2861],[82.449,17.28664],[82.44872,17.28664]]]},"properties":{"feature_id":"tuni-00055","belt":"tuni","district":"","area_ha":0.7,"lon":82.448867,"lat":17.285687,"source":"obia","sensor":"Sentinel-1 RTC (VV), 10 m","season":"2024 kharif","detected":true,"surveyed":false,"likely_block":false}},{"type":"Feature","geometry":{"type":"Polygon","coordinates":[[[82.53715,17.26584],[82.53715,17.26575],[82.53706,17.26575],[82.53696,17.26557],[82.53677,17.26557],[82.53677,17.2653],[82.53686,17.2653],[82.53696,17.26511],[82.53715,17.26511],[82.53724,17.26493],[82.53752,17.26493],[82.53752,17.26502],[82.53761,17.26502],[82.53762,17.2652],[82.53771,17.2652],[82.53762,17.26574],[82.53753,17.26574],[82.53753,17.26583],[82.53715,17.26584]]]},"properties":{"feature_id":"tuni-00056","belt":"tuni","district":"","area_ha":0.7,"lon":82.537281,"lat":17.265395,"source":"obia","sensor":"Sentinel-1 RTC (VV), 10 m","season":"2024 kharif","detected":true,"surveyed":false,"likely_block":false}},{"type":"Feature","geometry":{"type":"Polygon","coordinates":[[[82.61633,17.39362],[82.61633,17.39308],[82.61642,17.39308],[82.61642,17.39299],[82.61689,17.39298],[82.61689,17.39307],[82.61755,17.39307],[82.61755,17.39343],[82.61708,17.39343],[82.61708,17.39352],[82.61633,17.39362]]]},"properties":{"feature_id":"tuni-00057","belt":"tuni","district":"","area_ha":0.69,"lon":82.616872,"lat":17.393281,"source":"obia","sensor":"Sentinel-1 RTC (VV), 10 m","season":"2024 kharif","detected":true,"surveyed":false,"likely_block":false}},{"type":"Feature","geometry":{"type":"Polygon","coordinates":[[[82.5013,17.34473],[82.5013,17.34455],[82.50111,17.34446],[82.50111,17.34409],[82.50101,17.3441],[82.50101,17.34364],[82.50091,17.34364],[82.50091,17.3431],[82.50119,17.3431],[82.50119,17.34319],[82.50129,17.34319],[82.50129,17.34373],[82.50138,17.34373],[82.50139,17.344],[82.50148,17.344],[82.50148,17.34445],[82.50158,17.34445],[82.50158,17.34472],[82.5013,17.34473]]]},"properties":{"feature_id":"tuni-00058","belt":"tuni","district":"","area_ha":0.69,"lon":82.501219,"lat":17.343908,"source":"obia","sensor":"Sentinel-1 RTC (VV), 10 m","season":"2024 kharif","detected":true,"surveyed":false,"likely_block":false}},{"type":"Feature","geometry":{"type":"Polygon","coordinates":[[[82.48447,17.31187],[82.48447,17.31178],[82.48438,17.31178],[82.48438,17.31169],[82.48428,17.31169],[82.48419,17.31151],[82.484,17.31151],[82.484,17.31142],[82.48391,17.31142],[82.48391,17.31133],[82.48381,17.31133],[82.48372,17.31115],[82.48353,17.31115],[82.48353,17.31106],[82.48343,17.31106],[82.48343,17.31079],[82.48371,17.31079],[82.48371,17.31088],[82.48409,17.31097],[82.48409,17.31106],[82.48419,17.31106],[82.48419,17.31115],[82.48428,17.31115],[82.48438,17.31133],[82.48456,17.31132],[82.48456,17.31141],[82.48466,17.31141],[82.48466,17.3115],[82.48485,17.31159],[82.48485,17.31186],[82.48447,17.31187]]]},"properties":{"feature_id":"tuni-00059","belt":"tuni","district":"","area_ha":0.69,"lon":82.484158,"lat":17.31133,"source":"obia","sensor":"Sentinel-1 RTC (VV), 10 m","season":"2024 kharif","detected":true,"surveyed":false,"likely_block":false}},{"type":"Feature","geometry":{"type":"Polygon","coordinates":[[[82.48321,17.3539],[82.48321,17.35372],[82.48302,17.35372],[82.48302,17.35336],[82.48358,17.35335],[82.48358,17.35326],[82.48377,17.35326],[82.48377,17.35317],[82.48405,17.35317],[82.48406,17.35344],[82.48415,17.35344],[82.48415,17.3538],[82.48378,17.3538],[82.48378,17.35371],[82.48349,17.35371],[82.48349,17.3539],[82.48321,17.3539]]]},"properties":{"feature_id":"tuni-00060","belt":"tuni","district":"","area_ha":0.65,"lon":82.483613,"lat":17.353542,"source":"obia","sensor":"Sentinel-1 RTC (VV), 10 m","season":"2024 kharif","detected":true,"surveyed":false,"likely_block":false}},{"type":"Feature","geometry":{"type":"Polygon","coordinates":[[[82.63251,17.31822],[82.63251,17.31813],[82.63232,17.31813],[82.63232,17.31804],[82.63213,17.31795],[82.63213,17.31768],[82.63222,17.31768],[82.63222,17.31759],[82.6326,17.31758],[82.6326,17.31749],[82.6325,17.31749],[82.6325,17.31722],[82.63307,17.31722],[82.63307,17.31767],[82.6326,17.31767],[82.6326,17.31776],[82.63279,17.31776],[82.63279,17.31821],[82.63251,17.31822]]]},"properties":{"feature_id":"tuni-00061","belt":"tuni","district":"","area_ha":0.65,"lon":82.632617,"lat":17.317694,"source":"obia","sensor":"Sentinel-1 RTC (VV), 10 m","season":"2024 kharif","detected":true,"surveyed":false,"likely_block":false}},{"type":"Feature","geometry":{"type":"Polygon","coordinates":[[[82.53809,17.26583],[82.53809,17.26574],[82.538,17.26574],[82.53799,17.26547],[82.53809,17.26547],[82.53809,17.26529],[82.53818,17.26529],[82.53818,17.26492],[82.53827,17.26492],[82.53827,17.26483],[82.53865,17.26483],[82.53865,17.26492],[82.53874,17.26492],[82.53875,17.26537],[82.53865,17.26537],[82.53865,17.26564],[82.53856,17.26564],[82.53847,17.26583],[82.53809,17.26583]]]},"properties":{"feature_id":"tuni-00062","belt":"tuni","district":"","area_ha":0.65,"lon":82.538391,"lat":17.265336,"source":"obia","sensor":"Sentinel-1 RTC (VV), 10 m","season":"2024 kharif","detected":true,"surveyed":false,"likely_block":false}},{"type":"Feature","geometry":{"type":"Polygon","coordinates":[[[82.52893,17.27277],[82.52893,17.27268],[82.52874,17.27268],[82.52883,17.27195],[82.5293,17.27195],[82.5293,17.27204],[82.52958,17.27204],[82.52959,17.2724],[82.5294,17.2724],[82.5294,17.27276],[82.52893,17.27277]]]},"properties":{"feature_id":"tuni-00063","belt":"tuni","district":"","area_ha":0.64,"lon":82.529144,"lat":17.272345,"source":"obia","sensor":"Sentinel-1 RTC (VV), 10 m","season":"2024 kharif","detected":true,"surveyed":false,"likely_block":false}},{"type":"Feature","geometry":{"type":"Polygon","coordinates":[[[82.61733,17.3684],[82.61733,17.36822],[82.61724,17.36822],[82.61723,17.36777],[82.61733,17.36777],[82.61733,17.36768],[82.6178,17.36767],[82.6178,17.36776],[82.61789,17.36776],[82.61799,17.36794],[82.61818,17.36794],[82.61818,17.36821],[82.61808,17.36821],[82.61809,17.3683],[82.6178,17.36831],[82.6178,17.3684],[82.61733,17.3684]]]},"properties":{"feature_id":"tuni-00064","belt":"tuni","district":"","area_ha":0.63,"lon":82.617656,"lat":17.368044,"source":"obia","sensor":"Sentinel-1 RTC (VV), 10 m","season":"2024 kharif","detected":true,"surveyed":false,"likely_block":false}},{"type":"Feature","geometry":{"type":"Polygon","coordinates":[[[82.54078,17.37425],[82.54078,17.37379],[82.54087,17.37379],[82.54087,17.37343],[82.54096,17.37343],[82.54096,17.37325],[82.54106,17.37325],[82.54106,17.37316],[82.54115,17.37316],[82.54124,17.37298],[82.54162,17.37297],[82.54162,17.37325],[82.54143,17.37325],[82.54144,17.37352],[82.54125,17.37361],[82.54125,17.37379],[82.54115,17.37379],[82.54116,17.37406],[82.54106,17.37406],[82.54106,17.37424],[82.54078,17.37425]]]},"properties":{"feature_id":"tuni-00065","belt":"tuni","district":"","area_ha":0.62,"lon":82.541141,"lat":17.373558,"source":"obia","sensor":"Sentinel-1 RTC (VV), 10 m","season":"2024 kharif","detected":true,"surveyed":false,"likely_block":false}},{"type":"Feature","geometry":{"type":"Polygon","coordinates":[[[82.51945,17.36655],[82.51945,17.36646],[82.51917,17.36646],[82.51917,17.36637],[82.51888,17.36637],[82.51888,17.36628],[82.51851,17.36628],[82.51841,17.3661],[82.51822,17.36611],[82.51822,17.36601],[82.51813,17.36602],[82.51813,17.36574],[82.51869,17.36583],[82.51869,17.36592],[82.51907,17.36601],[82.51917,17.36619],[82.51973,17.36627],[82.51973,17.36655],[82.51945,17.36655]]]},"properties":{"feature_id":"tuni-00066","belt":"tuni","district":"","area_ha":0.62,"lon":82.518884,"lat":17.366152,"source":"obia","sensor":"Sentinel-1 RTC (VV), 10 m","season":"2024 kharif","detected":true,"surveyed":false,"likely_block":false}},{"type":"Feature","geometry":{"type":"Polygon","coordinates":[[[82.6041,17.40519],[82.6041,17.40501],[82.60363,17.40502],[82.60363,17.40475],[82.60335,17.40475],[82.60335,17.40466],[82.60316,17.40466],[82.60316,17.40457],[82.60306,17.40457],[82.60306,17.4043],[82.60353,17.4043],[82.60353,17.40439],[82.60391,17.40447],[82.60391,17.40465],[82.6041,17.40465],[82.6041,17.40492],[82.60438,17.40492],[82.60439,17.40519],[82.6041,17.40519]]]},"properties":{"feature_id":"tuni-00067","belt":"tuni","district":"","area_ha":0.61,"lon":82.603703,"lat":17.404699,"source":"obia","sensor":"Sentinel-1 RTC (VV), 10 m","season":"2024 kharif","detected":true,"surveyed":false,"likely_block":false}},{"type":"Feature","geometry":{"type":"Polygon","coordinates":[[[82.63166,17.31768],[82.63166,17.31759],[82.63147,17.3175],[82.63147,17.31714],[82.63184,17.31714],[82.63184,17.31678],[82.63222,17.31677],[82.63222,17.31686],[82.63231,17.31686],[82.63231,17.31722],[82.63213,17.31732],[82.63213,17.31759],[82.63194,17.31759],[82.63194,17.31768],[82.63166,17.31768]]]},"properties":{"feature_id":"tuni-00068","belt":"tuni","district":"","area_ha":0.59,"lon":82.631909,"lat":17.317237,"source":"obia","sensor":"Sentinel-1 RTC (VV), 10 m","season":"2024 kharif","detected":true,"surveyed":false,"likely_block":false}},{"type":"Feature","geometry":{"type":"Polygon","coordinates":[[[82.50062,17.34211],[82.50062,17.34202],[82.50052,17.34202],[82.50052,17.34175],[82.50043,17.34175],[82.50043,17.34157],[82.50033,17.34157],[82.50033,17.34112],[82.50014,17.34112],[82.50014,17.34094],[82.50004,17.34094],[82.50004,17.34067],[82.50032,17.34067],[82.50033,17.34076],[82.50042,17.34076],[82.50042,17.34112],[82.50061,17.34112],[82.50061,17.34139],[82.5008,17.34148],[82.5008,17.34175],[82.5009,17.34175],[82.5009,17.34211],[82.50062,17.34211]]]},"properties":{"feature_id":"tuni-00069","belt":"tuni","district":"","area_ha":0.58,"lon":82.5005,"lat":17.34141,"source":"obia","sensor":"Sentinel-1 RTC (VV), 10 m","season":"2024 kharif","detected":true,"surveyed":false,"likely_block":false}},{"type":"Feature","geometry":{"type":"Polygon","coordinates":[[[82.63282,17.428],[82.63282,17.42773],[82.63461,17.42772],[82.63461,17.42799],[82.63282,17.428]]]},"properties":{"feature_id":"tuni-00070","belt":"tuni","district":"","area_ha":0.57,"lon":82.633718,"lat":17.42786,"source":"obia","sensor":"Sentinel-1 RTC (VV), 10 m","season":"2024 kharif","detected":true,"surveyed":false,"likely_block":false}},{"type":"Feature","geometry":{"type":"Polygon","coordinates":[[[82.63725,17.4277],[82.63724,17.42742],[82.63734,17.42742],[82.63734,17.42733],[82.63762,17.42733],[82.63762,17.42724],[82.63781,17.42724],[82.63781,17.42715],[82.63818,17.42715],[82.63818,17.42706],[82.63837,17.42705],[82.63837,17.42696],[82.63865,17.42696],[82.63865,17.42723],[82.63847,17.42723],[82.63837,17.42742],[82.63809,17.42742],[82.63809,17.42751],[82.6379,17.42751],[82.6379,17.4276],[82.63762,17.4276],[82.63762,17.42769],[82.63725,17.4277]]]},"properties":{"feature_id":"tuni-00071","belt":"tuni","district":"","area_ha":0.57,"lon":82.637934,"lat":17.427344,"source":"obia","sensor":"Sentinel-1 RTC (VV), 10 m","season":"2024 kharif","detected":true,"surveyed":false,"likely_block":false}},{"type":"Feature","geometry":{"type":"Polygon","coordinates":[[[82.64981,17.32747],[82.64981,17.3272],[82.64971,17.3272],[82.64971,17.32702],[82.64962,17.32702],[82.64961,17.32666],[82.65027,17.32665],[82.65027,17.32675],[82.65037,17.32674],[82.65037,17.32729],[82.65009,17.32729],[82.65009,17.32747],[82.64981,17.32747]]]},"properties":{"feature_id":"tuni-00072","belt":"tuni","district":"","area_ha":0.57,"lon":82.650003,"lat":17.327007,"source":"obia","sensor":"Sentinel-1 RTC (VV), 10 m","season":"2024 kharif","detected":true,"surveyed":false,"likely_block":false}},{"type":"Feature","geometry":{"type":"Polygon","coordinates":[[[82.63436,17.32489],[82.63435,17.32417],[82.63463,17.32416],[82.63463,17.32425],[82.63501,17.32425],[82.63501,17.32443],[82.63511,17.32443],[82.63511,17.32488],[82.63436,17.32489]]]},"properties":{"feature_id":"tuni-00073","belt":"tuni","district":"","area_ha":0.57,"lon":82.634706,"lat":17.324558,"source":"obia","sensor":"Sentinel-1 RTC (VV), 10 m","season":"2024 kharif","detected":true,"surveyed":false,"likely_block":false}},{"type":"Feature","geometry":{"type":"Polygon","coordinates":[[[82.51482,17.36478],[82.51482,17.36469],[82.51464,17.36469],[82.51464,17.3646],[82.51435,17.3646],[82.51435,17.36451],[82.51416,17.36451],[82.51416,17.36442],[82.51388,17.36442],[82.51379,17.36424],[82.5136,17.36424],[82.51359,17.36397],[82.51388,17.36397],[82.51388,17.36406],[82.51407,17.36406],[82.51407,17.36415],[82.51426,17.36415],[82.51426,17.36424],[82.51444,17.36424],[82.51444,17.36433],[82.51463,17.36433],[82.51463,17.36442],[82.51501,17.36441],[82.51501,17.3645],[82.5151,17.3645],[82.51511,17.36477],[82.51482,17.36478]]]},"properties":{"feature_id":"tuni-00074","belt":"tuni","district":"","area_ha":0.55,"lon":82.514347,"lat":17.364379,"source":"obia","sensor":"Sentinel-1 RTC (VV), 10 m","season":"2024 kharif","detected":true,"surveyed":false,"likely_block":false}},{"type":"Feature","geometry":{"type":"Polygon","coordinates":[[[82.53915,17.2688],[82.53915,17.26871],[82.53896,17.26871],[82.53905,17.26799],[82.53914,17.26799],[82.53914,17.26781],[82.53952,17.26781],[82.53952,17.26799],[82.53961,17.26799],[82.53962,17.26826],[82.53952,17.26826],[82.53952,17.26844],[82.53943,17.26844],[82.53943,17.2688],[82.53915,17.2688]]]},"properties":{"feature_id":"tuni-00075","belt":"tuni","district":"","area_ha":0.55,"lon":82.53928,"lat":17.26829,"source":"obia","sensor":"Sentinel-1 RTC (VV), 10 m","season":"2024 kharif","detected":true,"surveyed":false,"likely_block":false}},{"type":"Feature","geometry":{"type":"Polygon","coordinates":[[[82.51942,17.34052],[82.51942,17.34025],[82.51961,17.34025],[82.51961,17.34016],[82.51952,17.34016],[82.51951,17.3398],[82.5197,17.3398],[82.5197,17.33971],[82.52008,17.3397],[82.52008,17.33979],[82.52017,17.33979],[82.52008,17.34034],[82.51999,17.34034],[82.51989,17.34052],[82.51942,17.34052]]]},"properties":{"feature_id":"tuni-00076","belt":"tuni","district":"","area_ha":0.54,"lon":82.519796,"lat":17.340114,"source":"obia","sensor":"Sentinel-1 RTC (VV), 10 m","season":"2024 kharif","detected":true,"surveyed":false,"likely_block":false}},{"type":"Feature","geometry":{"type":"Polygon","coordinates":[[[82.48953,17.32041],[82.48953,17.32023],[82.48943,17.32023],[82.48943,17.32005],[82.48934,17.32005],[82.48934,17.31978],[82.48924,17.31978],[82.48924,17.3196],[82.48915,17.3196],[82.48914,17.31933],[82.48905,17.31933],[82.48905,17.31897],[82.48933,17.31897],[82.48933,17.31933],[82.48952,17.31942],[82.48952,17.31969],[82.48962,17.31969],[82.48962,17.31987],[82.48971,17.31987],[82.48972,17.32014],[82.48981,17.32014],[82.48981,17.32041],[82.48953,17.32041]]]},"properties":{"feature_id":"tuni-00077","belt":"tuni","district":"","area_ha":0.54,"lon":82.489417,"lat":17.319706,"source":"obia","sensor":"Sentinel-1 RTC (VV), 10 m","season":"2024 kharif","detected":true,"surveyed":false,"likely_block":false}},{"type":"Feature","geometry":{"type":"Polygon","coordinates":[[[82.48126,17.30963],[82.48116,17.30945],[82.48097,17.30945],[82.48097,17.30936],[82.4806,17.30928],[82.48059,17.30891],[82.48116,17.309],[82.48116,17.30909],[82.48135,17.30909],[82.48144,17.30927],[82.48163,17.30927],[82.48163,17.30936],[82.48173,17.30936],[82.48173,17.30963],[82.48126,17.30963]]]},"properties":{"feature_id":"tuni-00078","belt":"tuni","district":"","area_ha":0.54,"lon":82.481154,"lat":17.309283,"source":"obia","sensor":"Sentinel-1 RTC (VV), 10 m","season":"2024 kharif","detected":true,"surveyed":false,"likely_block":false}},{"type":"Feature","geometry":{"type":"Polygon","coordinates":[[[82.46752,17.30928],[82.46752,17.30901],[82.46789,17.30901],[82.46789,17.30892],[82.46846,17.30891],[82.46846,17.30882],[82.46921,17.30882],[82.46921,17.30909],[82.46846,17.30909],[82.46846,17.30918],[82.4679,17.30919],[82.4679,17.30928],[82.46752,17.30928]]]},"properties":{"feature_id":"tuni-00079","belt":"tuni","district":"","area_ha":0.54,"lon":82.468364,"lat":17.309029,"source":"obia","sensor":"Sentinel-1 RTC (VV), 10 m","season":"2024 kharif","detected":true,"surveyed":false,"likely_block":false}},{"type":"Feature","geometry":{"type":"Polygon","coordinates":[[[82.61359,17.29497],[82.61359,17.29488],[82.61349,17.29488],[82.61349,17.29479],[82.6133,17.29479],[82.61321,17.29461],[82.61283,17.29461],[82.61283,17.29434],[82.61311,17.29434],[82.61311,17.29425],[82.61367,17.29415],[82.61368,17.29442],[82.61358,17.29442],[82.61358,17.2946],[82.61387,17.2946],[82.61387,17.29496],[82.61359,17.29497]]]},"properties":{"feature_id":"tuni-00080","belt":"tuni","district":"","area_ha":0.54,"lon":82.613399,"lat":17.29454,"source":"obia","sensor":"Sentinel-1 RTC (VV), 10 m","season":"2024 kharif","detected":true,"surveyed":false,"likely_block":false}},{"type":"Feature","geometry":{"type":"Polygon","coordinates":[[[82.60726,17.29212],[82.60726,17.29203],[82.60716,17.29204],[82.60716,17.29167],[82.60726,17.29167],[82.60725,17.29149],[82.60754,17.29149],[82.60754,17.29158],[82.60801,17.29158],[82.60801,17.29203],[82.60792,17.29203],[82.60792,17.29212],[82.60726,17.29212]]]},"properties":{"feature_id":"tuni-00081","belt":"tuni","district":"","area_ha":0.54,"lon":82.607582,"lat":17.291829,"source":"obia","sensor":"Sentinel-1 RTC (VV), 10 m","season":"2024 kharif","detected":true,"surveyed":false,"likely_block":false}},{"type":"Feature","geometry":{"type":"Polygon","coordinates":[[[82.63252,17.31966],[82.63252,17.31957],[82.63233,17.31957],[82.63233,17.31939],[82.63224,17.31939],[82.63224,17.31912],[82.63252,17.31912],[82.63251,17.31876],[82.63289,17.31876],[82.63289,17.31885],[82.63308,17.31893],[82.63308,17.31921],[82.63261,17.31921],[82.63261,17.3193],[82.6328,17.3193],[82.63281,17.31966],[82.63252,17.31966]]]},"properties":{"feature_id":"tuni-00082","belt":"tuni","district":"","area_ha":0.53,"lon":82.632653,"lat":17.319193,"source":"obia","sensor":"Sentinel-1 RTC (VV), 10 m","season":"2024 kharif","detected":true,"surveyed":false,"likely_block":false}},{"type":"Feature","geometry":{"type":"Polygon","coordinates":[[[82.54028,17.26825],[82.54027,17.26816],[82.54009,17.26816],[82.54008,17.26771],[82.54018,17.26771],[82.54017,17.26744],[82.54055,17.26744],[82.54055,17.26753],[82.54074,17.26752],[82.54074,17.26798],[82.54065,17.26798],[82.54065,17.26825],[82.54028,17.26825]]]},"properties":{"feature_id":"tuni-00083","belt":"tuni","district":"","area_ha":0.53,"lon":82.540413,"lat":17.267844,"source":"obia","sensor":"Sentinel-1 RTC (VV), 10 m","season":"2024 kharif","detected":true,"surveyed":false,"likely_block":false}},{"type":"Feature","geometry":{"type":"Polygon","coordinates":[[[82.64391,17.42502],[82.6439,17.42475],[82.64419,17.42475],[82.64418,17.42466],[82.64447,17.42465],[82.64447,17.42456],[82.64475,17.42456],[82.64475,17.42447],[82.64531,17.42447],[82.64531,17.42474],[82.64494,17.42474],[82.64494,17.42483],[82.64475,17.42483],[82.64475,17.42492],[82.64438,17.42493],[82.64438,17.42502],[82.64391,17.42502]]]},"properties":{"feature_id":"tuni-00084","belt":"tuni","district":"","area_ha":0.52,"lon":82.644605,"lat":17.424738,"source":"obia","sensor":"Sentinel-1 RTC (VV), 10 m","season":"2024 kharif","detected":true,"surveyed":false,"likely_block":false}},{"type":"Feature","geometry":{"type":"Polygon","coordinates":[[[82.60614,17.29322],[82.60613,17.29231],[82.60651,17.29231],[82.60651,17.2924],[82.6067,17.29249],[82.6067,17.29294],[82.60651,17.29303],[82.60652,17.29321],[82.60614,17.29322]]]},"properties":{"feature_id":"tuni-00085","belt":"tuni","district":"","area_ha":0.52,"lon":82.606388,"lat":17.292754,"source":"obia","sensor":"Sentinel-1 RTC (VV), 10 m","season":"2024 kharif","detected":true,"surveyed":false,"likely_block":false}},{"type":"Feature","geometry":{"type":"Polygon","coordinates":[[[82.54064,17.26716],[82.54064,17.26707],[82.54036,17.26708],[82.54036,17.26662],[82.54045,17.26662],[82.54045,17.26635],[82.54082,17.26635],[82.54083,17.26653],[82.54101,17.26653],[82.54102,17.26707],[82.54092,17.26707],[82.54092,17.26716],[82.54064,17.26716]]]},"properties":{"feature_id":"tuni-00086","belt":"tuni","district":"","area_ha":0.52,"lon":82.54069,"lat":17.266769,"source":"obia","sensor":"Sentinel-1 RTC (VV), 10 m","season":"2024 kharif","detected":true,"surveyed":false,"likely_block":false}},{"type":"Feature","geometry":{"type":"Polygon","coordinates":[[[82.64944,17.32829],[82.64944,17.3282],[82.64916,17.3282],[82.64916,17.32811],[82.64906,17.32811],[82.64906,17.32784],[82.64915,17.32784],[82.64915,17.32748],[82.64971,17.32747],[82.64972,17.32774],[82.64943,17.32775],[82.64944,17.32793],[82.64981,17.32792],[82.64982,17.32819],[82.64972,17.3282],[82.64972,17.32829],[82.64944,17.32829]]]},"properties":{"feature_id":"tuni-00087","belt":"tuni","district":"","area_ha":0.51,"lon":82.649428,"lat":17.327882,"source":"obia","sensor":"Sentinel-1 RTC (VV), 10 m","season":"2024 kharif","detected":true,"surveyed":false,"likely_block":false}},{"type":"Feature","geometry":{"type":"Polygon","coordinates":[[[82.54502,17.27337],[82.54492,17.27319],[82.54474,17.27319],[82.54473,17.27274],[82.54502,17.27273],[82.54502,17.27282],[82.54558,17.27282],[82.54558,17.27327],[82.54549,17.27327],[82.54549,17.27336],[82.54502,17.27337]]]},"properties":{"feature_id":"tuni-00088","belt":"tuni","district":"","area_ha":0.51,"lon":82.545165,"lat":17.273052,"source":"obia","sensor":"Sentinel-1 RTC (VV), 10 m","season":"2024 kharif","detected":true,"surveyed":false,"likely_block":false}},{"type":"Feature","geometry":{"type":"Polygon","coordinates":[[[82.52757,17.2679],[82.52757,17.26781],[82.52748,17.26781],[82.52748,17.26754],[82.52757,17.26754],[82.52766,17.26717],[82.52776,17.26717],[82.52776,17.26708],[82.52804,17.26708],[82.52804,17.26717],[82.52823,17.26717],[82.52823,17.26744],[82.52814,17.26744],[82.52804,17.2678],[82.52795,17.2678],[82.52795,17.26789],[82.52757,17.2679]]]},"properties":{"feature_id":"tuni-00089","belt":"tuni","district":"","area_ha":0.51,"lon":82.527849,"lat":17.267495,"source":"obia","sensor":"Sentinel-1 RTC (VV), 10 m","season":"2024 kharif","detected":true,"surveyed":false,"likely_block":false}},{"type":"Feature","geometry":{"type":"Polygon","coordinates":[[[82.48349,17.35299],[82.48349,17.3529],[82.48311,17.3529],[82.48311,17.35254],[82.4832,17.35254],[82.4832,17.35227],[82.48329,17.35227],[82.48329,17.35218],[82.48357,17.35218],[82.48358,17.35227],[82.48367,17.35227],[82.48367,17.35245],[82.48377,17.35245],[82.48377,17.35299],[82.48349,17.35299]]]},"properties":{"feature_id":"tuni-00090","belt":"tuni","district":"","area_ha":0.5,"lon":82.483454,"lat":17.352605,"source":"obia","sensor":"Sentinel-1 RTC (VV), 10 m","season":"2024 kharif","detected":true,"surveyed":false,"likely_block":false}},{"type":"Feature","geometry":{"type":"Polygon","coordinates":[[[82.48657,17.31492],[82.48657,17.31483],[82.48647,17.31483],[82.48647,17.31438],[82.48628,17.31438],[82.48628,17.3142],[82.48619,17.3142],[82.48618,17.31402],[82.48609,17.31402],[82.48609,17.31366],[82.48637,17.31366],[82.48637,17.31384],[82.48647,17.31384],[82.48647,17.31402],[82.48656,17.31402],[82.48656,17.31438],[82.48675,17.31438],[82.48675,17.31447],[82.48685,17.31447],[82.48685,17.31492],[82.48657,17.31492]]]},"properties":{"feature_id":"tuni-00091","belt":"tuni","district":"","area_ha":0.5,"lon":82.486473,"lat":17.3143,"source":"obia","sensor":"Sentinel-1 RTC (VV), 10 m","season":"2024 kharif","detected":true,"surveyed":false,"likely_block":false}},{"type":"Feature","geometry":{"type":"Polygon","coordinates":[[[82.54131,17.26888],[82.54131,17.26879],[82.54113,17.26879],[82.54113,17.2687],[82.54103,17.2687],[82.54103,17.26834],[82.54112,17.26834],[82.54112,17.26824],[82.54169,17.26833],[82.54169,17.26842],[82.54188,17.26851],[82.54188,17.26887],[82.54131,17.26888]]]},"properties":{"feature_id":"tuni-00092","belt":"tuni","district":"","area_ha":0.5,"lon":82.541449,"lat":17.268582,"source":"obia","sensor":"Sentinel-1 RTC (VV), 10 m","season":"2024 kharif","detected":true,"surveyed":false,"likely_block":false}},{"type":"Feature","geometry":{"type":"Polygon","coordinates":[[[82.52691,17.26754],[82.52691,17.26745],[82.52672,17.26745],[82.52672,17.26709],[82.52682,17.26709],[82.52691,17.26673],[82.52747,17.26672],[82.52747,17.26699],[82.52729,17.26709],[82.52729,17.26727],[82.52719,17.26727],[82.5272,17.26754],[82.52691,17.26754]]]},"properties":{"feature_id":"tuni-00093","belt":"tuni","district":"","area_ha":0.5,"lon":82.527075,"lat":17.267096,"source":"obia","sensor":"Sentinel-1 RTC (VV), 10 m","season":"2024 kharif","detected":true,"surveyed":false,"likely_block":false}},{"type":"Feature","geometry":{"type":"Polygon","coordinates":[[[82.50483,17.29265],[82.50483,17.29247],[82.50464,17.29247],[82.50463,17.29202],[82.50492,17.29201],[82.50491,17.29192],[82.50539,17.29192],[82.50539,17.29228],[82.5052,17.29237],[82.5052,17.29255],[82.50511,17.29256],[82.50511,17.29265],[82.50483,17.29265]]]},"properties":{"feature_id":"tuni-00094","belt":"tuni","district":"","area_ha":0.49,"lon":82.505005,"lat":17.292247,"source":"obia","sensor":"Sentinel-1 RTC (VV), 10 m","season":"2024 kharif","detected":true,"surveyed":false,"likely_block":false}},{"type":"Feature","geometry":{"type":"Polygon","coordinates":[[[82.50965,17.35307],[82.50965,17.35298],[82.50871,17.35298],[82.5087,17.35271],[82.5088,17.35271],[82.5088,17.35262],[82.50908,17.35262],[82.50908,17.35271],[82.50964,17.35271],[82.50965,17.3528],[82.51012,17.35279],[82.51012,17.35306],[82.50965,17.35307]]]},"properties":{"feature_id":"tuni-00095","belt":"tuni","district":"","area_ha":0.48,"lon":82.509381,"lat":17.35286,"source":"obia","sensor":"Sentinel-1 RTC (VV), 10 m","season":"2024 kharif","detected":true,"surveyed":false,"likely_block":false}},{"type":"Feature","geometry":{"type":"Polygon","coordinates":[[[82.45417,17.31101],[82.45417,17.31091],[82.45352,17.31092],[82.45351,17.31083],[82.45323,17.31083],[82.45323,17.31074],[82.45314,17.31074],[82.45314,17.31047],[82.45342,17.31047],[82.45342,17.31056],[82.45389,17.31056],[82.45389,17.31065],[82.45445,17.31073],[82.45446,17.311],[82.45417,17.31101]]]},"properties":{"feature_id":"tuni-00096","belt":"tuni","district":"","area_ha":0.48,"lon":82.453771,"lat":17.310745,"source":"obia","sensor":"Sentinel-1 RTC (VV), 10 m","season":"2024 kharif","detected":true,"surveyed":false,"likely_block":false}},{"type":"Feature","geometry":{"type":"Polygon","coordinates":[[[82.6068,17.2933],[82.60679,17.29258],[82.60698,17.29258],[82.60707,17.2924],[82.60736,17.29239],[82.60736,17.29285],[82.60727,17.29285],[82.60727,17.29312],[82.60717,17.29312],[82.60718,17.2933],[82.6068,17.2933]]]},"properties":{"feature_id":"tuni-00097","belt":"tuni","district":"","area_ha":0.48,"lon":82.607064,"lat":17.292849,"source":"obia","sensor":"Sentinel-1 RTC (VV), 10 m","season":"2024 kharif","detected":true,"surveyed":false,"likely_block":false}},{"type":"Feature","geometry":{"type":"Polygon","coordinates":[[[82.54132,17.2696],[82.54132,17.26951],[82.54113,17.26951],[82.54113,17.26942],[82.54085,17.26942],[82.54084,17.26888],[82.54113,17.26888],[82.54122,17.26906],[82.54141,17.26906],[82.54141,17.26915],[82.5416,17.26914],[82.5416,17.26924],[82.54169,17.26923],[82.5417,17.26951],[82.5416,17.26951],[82.5416,17.2696],[82.54132,17.2696]]]},"properties":{"feature_id":"tuni-00098","belt":"tuni","district":"","area_ha":0.48,"lon":82.541237,"lat":17.269256,"source":"obia","sensor":"Sentinel-1 RTC (VV), 10 m","season":"2024 kharif","detected":true,"surveyed":false,"likely_block":false}},{"type":"Feature","geometry":{"type":"Polygon","coordinates":[[[82.53991,17.26925],[82.53991,17.26916],[82.53981,17.26916],[82.53981,17.26844],[82.54028,17.26843],[82.54028,17.26852],[82.54037,17.26852],[82.54028,17.26925],[82.53991,17.26925]]]},"properties":{"feature_id":"tuni-00099","belt":"tuni","district":"","area_ha":0.48,"lon":82.540071,"lat":17.268826,"source":"obia","sensor":"Sentinel-1 RTC (VV), 10 m","season":"2024 kharif","detected":true,"surveyed":false,"likely_block":false}},{"type":"Feature","geometry":{"type":"Polygon","coordinates":[[[82.53942,17.26763],[82.53942,17.26708],[82.53951,17.26708],[82.53951,17.26672],[82.53998,17.26672],[82.53998,17.26717],[82.53989,17.26717],[82.53989,17.26744],[82.5398,17.26744],[82.53971,17.26762],[82.53942,17.26763]]]},"properties":{"feature_id":"tuni-00100","belt":"tuni","district":"","area_ha":0.48,"lon":82.53969,"lat":17.267147,"source":"obia","sensor":"Sentinel-1 RTC (VV), 10 m","season":"2024 kharif","detected":true,"surveyed":false,"likely_block":false}},{"type":"Feature","geometry":{"type":"Polygon","coordinates":[[[82.52935,17.26635],[82.52935,17.26626],[82.52925,17.26626],[82.52925,17.2659],[82.52944,17.2658],[82.52944,17.26562],[82.53,17.26571],[82.53,17.26598],[82.52991,17.26598],[82.52991,17.26616],[82.52982,17.26616],[82.52973,17.26634],[82.52935,17.26635]]]},"properties":{"feature_id":"tuni-00101","belt":"tuni","district":"","area_ha":0.48,"lon":82.529613,"lat":17.265991,"source":"obia","sensor":"Sentinel-1 RTC (VV), 10 m","season":"2024 kharif","detected":true,"surveyed":false,"likely_block":false}},{"type":"Feature","geometry":{"type":"Polygon","coordinates":[[[82.53954,17.27025],[82.53954,17.27015],[82.53944,17.27016],[82.53944,17.26988],[82.53954,17.26988],[82.53953,17.26952],[82.53963,17.26952],[82.53963,17.26943],[82.53991,17.26943],[82.53991,17.26961],[82.5401,17.26961],[82.54001,17.27015],[82.53991,17.27015],[82.53992,17.27024],[82.53954,17.27025]]]},"properties":{"feature_id":"tuni-00102","belt":"tuni","district":"","area_ha":0.47,"lon":82.539762,"lat":17.269859,"source":"obia","sensor":"Sentinel-1 RTC (VV), 10 m","season":"2024 kharif","detected":true,"surveyed":false,"likely_block":false}},{"type":"Feature","geometry":{"type":"Polygon","coordinates":[[[82.53642,17.26819],[82.53642,17.2681],[82.53623,17.26801],[82.53623,17.26765],[82.53632,17.26765],[82.53641,17.26747],[82.53688,17.26746],[82.53689,17.26792],[82.53679,17.26792],[82.53679,17.26819],[82.53642,17.26819]]]},"properties":{"feature_id":"tuni-00103","belt":"tuni","district":"","area_ha":0.47,"lon":82.53657,"lat":17.267813,"source":"obia","sensor":"Sentinel-1 RTC (VV), 10 m","season":"2024 kharif","detected":true,"surveyed":false,"likely_block":false}},{"type":"Feature","geometry":{"type":"Polygon","coordinates":[[[82.64926,17.32892],[82.64926,17.32883],[82.64916,17.32883],[82.64916,17.32856],[82.64878,17.32856],[82.64878,17.32811],[82.64906,17.32811],[82.64906,17.3282],[82.64916,17.3282],[82.64916,17.32838],[82.64963,17.32838],[82.64963,17.32874],[82.64954,17.32874],[82.64954,17.32892],[82.64926,17.32892]]]},"properties":{"feature_id":"tuni-00104","belt":"tuni","district":"","area_ha":0.46,"lon":82.649212,"lat":17.328512,"source":"obia","sensor":"Sentinel-1 RTC (VV), 10 m","season":"2024 kharif","detected":true,"surveyed":false,"likely_block":false}},{"type":"Feature","geometry":{"type":"Polygon","coordinates":[[[82.52894,17.27394],[82.52894,17.27385],[82.52856,17.27376],[82.52856,17.27322],[82.52912,17.27322],[82.52922,17.27394],[82.52894,17.27394]]]},"properties":{"feature_id":"tuni-00105","belt":"tuni","district":"","area_ha":0.46,"lon":82.528887,"lat":17.273552,"source":"obia","sensor":"Sentinel-1 RTC (VV), 10 m","season":"2024 kharif","detected":true,"surveyed":false,"likely_block":false}},{"type":"Feature","geometry":{"type":"Polygon","coordinates":[[[82.54077,17.27096],[82.54067,17.27078],[82.54039,17.27078],[82.54039,17.27051],[82.54048,17.27051],[82.54048,17.27033],[82.54076,17.27033],[82.54076,17.27042],[82.54095,17.27041],[82.54095,17.27051],[82.54123,17.2705],[82.54124,17.27095],[82.54077,17.27096]]]},"properties":{"feature_id":"tuni-00106","belt":"tuni","district":"","area_ha":0.46,"lon":82.540829,"lat":17.270658,"source":"obia","sensor":"Sentinel-1 RTC (VV), 10 m","season":"2024 kharif","detected":true,"surveyed":false,"likely_block":false}},{"type":"Feature","geometry":{"type":"Polygon","coordinates":[[[82.53811,17.26854],[82.53811,17.26809],[82.5382,17.26809],[82.5382,17.26791],[82.5383,17.26791],[82.53829,17.26763],[82.53867,17.26763],[82.53867,17.26808],[82.53858,17.26808],[82.53858,17.26835],[82.53849,17.26836],[82.53849,17.26854],[82.53811,17.26854]]]},"properties":{"feature_id":"tuni-00107","belt":"tuni","district":"","area_ha":0.45,"lon":82.538396,"lat":17.26809,"source":"obia","sensor":"Sentinel-1 RTC (VV), 10 m","season":"2024 kharif","detected":true,"surveyed":false,"likely_block":false}},{"type":"Feature","geometry":{"type":"Polygon","coordinates":[[[82.61642,17.3929],[82.61642,17.39281],[82.61623,17.39272],[82.61613,17.39199],[82.6166,17.39199],[82.61661,17.39262],[82.6167,17.39262],[82.6167,17.39289],[82.61642,17.3929]]]},"properties":{"feature_id":"tuni-00108","belt":"tuni","district":"","area_ha":0.44,"lon":82.616418,"lat":17.39242,"source":"obia","sensor":"Sentinel-1 RTC (VV), 10 m","season":"2024 kharif","detected":true,"surveyed":false,"likely_block":false}},{"type":"Feature","geometry":{"type":"Polygon","coordinates":[[[82.52162,17.36743],[82.52162,17.36734],[82.52143,17.36735],[82.52143,17.36726],[82.52115,17.36726],[82.52115,17.36717],[82.52096,17.36717],[82.52096,17.36708],[82.52087,17.36708],[82.52086,17.36681],[82.52115,17.36681],[82.52115,17.3669],[82.52134,17.36689],[82.52134,17.36699],[82.52162,17.36698],[82.52162,17.36707],[82.522,17.36716],[82.522,17.36743],[82.52162,17.36743]]]},"properties":{"feature_id":"tuni-00109","belt":"tuni","district":"","area_ha":0.44,"lon":82.521424,"lat":17.367133,"source":"obia","sensor":"Sentinel-1 RTC (VV), 10 m","season":"2024 kharif","detected":true,"surveyed":false,"likely_block":false}},{"type":"Feature","geometry":{"type":"Polygon","coordinates":[[[82.48403,17.27979],[82.48403,17.27952],[82.48384,17.27952],[82.48384,17.27943],[82.48374,17.27943],[82.48374,17.27925],[82.48365,17.27925],[82.48365,17.27889],[82.48374,17.27889],[82.48374,17.2788],[82.48402,17.2788],[82.48402,17.27907],[82.48412,17.27907],[82.48412,17.27925],[82.48421,17.27925],[82.48421,17.27952],[82.48431,17.27952],[82.48431,17.27979],[82.48403,17.27979]]]},"properties":{"feature_id":"tuni-00110","belt":"tuni","district":"","area_ha":0.44,"lon":82.483967,"lat":17.279275,"source":"obia","sensor":"Sentinel-1 RTC (VV), 10 m","season":"2024 kharif","detected":true,"surveyed":false,"likely_block":false}},{"type":"Feature","geometry":{"type":"Polygon","coordinates":[[[82.53869,17.2698],[82.53869,17.26935],[82.53878,17.26935],[82.53878,17.26899],[82.53915,17.26898],[82.53915,17.26907],[82.53925,17.26907],[82.53925,17.26943],[82.53916,17.26943],[82.53916,17.26971],[82.53906,17.26971],[82.53907,17.2698],[82.53869,17.2698]]]},"properties":{"feature_id":"tuni-00111","belt":"tuni","district":"","area_ha":0.44,"lon":82.538959,"lat":17.269391,"source":"obia","sensor":"Sentinel-1 RTC (VV), 10 m","season":"2024 kharif","detected":true,"surveyed":false,"likely_block":false}},{"type":"Feature","geometry":{"type":"Polygon","coordinates":[[[82.52833,17.26825],[82.52833,17.26816],[82.52814,17.26816],[82.52814,17.26789],[82.52823,17.26789],[82.52823,17.2678],[82.52833,17.2678],[82.52833,17.26771],[82.52842,17.26771],[82.52851,17.26753],[82.52889,17.26753],[82.52889,17.2678],[82.5288,17.2678],[82.5288,17.26798],[82.5287,17.26798],[82.52871,17.26825],[82.52833,17.26825]]]},"properties":{"feature_id":"tuni-00112","belt":"tuni","district":"","area_ha":0.44,"lon":82.528529,"lat":17.267895,"source":"obia","sensor":"Sentinel-1 RTC (VV), 10 m","season":"2024 kharif","detected":true,"surveyed":false,"likely_block":false}},{"type":"Feature","geometry":{"type":"Polygon","coordinates":[[[82.5146,17.25742],[82.5146,17.25697],[82.51469,17.25697],[82.51479,17.25679],[82.51507,17.25679],[82.51507,17.25688],[82.51526,17.25687],[82.51526,17.25742],[82.5146,17.25742]]]},"properties":{"feature_id":"tuni-00113","belt":"tuni","district":"","area_ha":0.44,"lon":82.514938,"lat":17.257131,"source":"obia","sensor":"Sentinel-1 RTC (VV), 10 m","season":"2024 kharif","detected":true,"surveyed":false,"likely_block":false}},{"type":"Feature","geometry":{"type":"Polygon","coordinates":[[[82.644,17.33005],[82.64399,17.32933],[82.64427,17.32932],[82.64428,17.32942],[82.64446,17.32941],[82.64446,17.3295],[82.64456,17.3295],[82.64456,17.32995],[82.64447,17.32996],[82.64447,17.33005],[82.644,17.33005]]]},"properties":{"feature_id":"tuni-00114","belt":"tuni","district":"","area_ha":0.43,"lon":82.644257,"lat":17.329706,"source":"obia","sensor":"Sentinel-1 RTC (VV), 10 m","season":"2024 kharif","detected":true,"surveyed":false,"likely_block":false}},{"type":"Feature","geometry":{"type":"Polygon","coordinates":[[[82.45531,17.31127],[82.4553,17.31118],[82.45483,17.31118],[82.45483,17.31109],[82.45455,17.31109],[82.45455,17.31082],[82.45483,17.31082],[82.45483,17.31091],[82.4554,17.31091],[82.4554,17.311],[82.45587,17.31099],[82.45587,17.31126],[82.45531,17.31127]]]},"properties":{"feature_id":"tuni-00115","belt":"tuni","district":"","area_ha":0.43,"lon":82.455213,"lat":17.31106,"source":"obia","sensor":"Sentinel-1 RTC (VV), 10 m","season":"2024 kharif","detected":true,"surveyed":false,"likely_block":false}},{"type":"Feature","geometry":{"type":"Polygon","coordinates":[[[82.48258,17.31053],[82.48258,17.31044],[82.48249,17.31044],[82.48249,17.31035],[82.48239,17.31035],[82.4823,17.31017],[82.48211,17.31017],[82.48211,17.30981],[82.48239,17.3098],[82.48239,17.30989],[82.48258,17.30989],[82.48258,17.31007],[82.48286,17.31007],[82.48286,17.31016],[82.48296,17.31016],[82.48296,17.31052],[82.48258,17.31053]]]},"properties":{"feature_id":"tuni-00116","belt":"tuni","district":"","area_ha":0.43,"lon":82.482539,"lat":17.310174,"source":"obia","sensor":"Sentinel-1 RTC (VV), 10 m","season":"2024 kharif","detected":true,"surveyed":false,"likely_block":false}},{"type":"Feature","geometry":{"type":"Polygon","coordinates":[[[82.58752,17.28288],[82.58752,17.28261],[82.58789,17.28261],[82.58789,17.28252],[82.58883,17.28251],[82.58884,17.28278],[82.58799,17.28279],[82.58799,17.28288],[82.58752,17.28288]]]},"properties":{"feature_id":"tuni-00117","belt":"tuni","district":"","area_ha":0.43,"lon":82.588172,"lat":17.282682,"source":"obia","sensor":"Sentinel-1 RTC (VV), 10 m","season":"2024 kharif","detected":true,"surveyed":false,"likely_block":false}},{"type":"Feature","geometry":{"type":"Polygon","coordinates":[[[82.54539,17.27273],[82.5453,17.27255],[82.54492,17.27246],[82.54492,17.27219],[82.54501,17.27219],[82.54501,17.2721],[82.54529,17.2721],[82.54529,17.27219],[82.54557,17.27219],[82.54558,17.27228],[82.54576,17.27228],[82.54577,17.27264],[82.54567,17.27264],[82.54567,17.27273],[82.54539,17.27273]]]},"properties":{"feature_id":"tuni-00118","belt":"tuni","district":"","area_ha":0.43,"lon":82.545362,"lat":17.272401,"source":"obia","sensor":"Sentinel-1 RTC (VV), 10 m","season":"2024 kharif","detected":true,"surveyed":false,"likely_block":false}},{"type":"Feature","geometry":{"type":"Polygon","coordinates":[[[82.59282,17.30851],[82.59282,17.30823],[82.59291,17.30823],[82.59291,17.30814],[82.59301,17.30814],[82.5931,17.30796],[82.59347,17.30796],[82.59347,17.30787],[82.59376,17.30787],[82.59376,17.30814],[82.59357,17.30814],[82.59357,17.30823],[82.59348,17.30823],[82.59338,17.30841],[82.5932,17.30841],[82.5932,17.3085],[82.59282,17.30851]]]},"properties":{"feature_id":"tuni-00119","belt":"tuni","district":"","area_ha":0.42,"lon":82.593268,"lat":17.308185,"source":"obia","sensor":"Sentinel-1 RTC (VV), 10 m","season":"2024 kharif","detected":true,"surveyed":false,"likely_block":false}},{"type":"Feature","geometry":{"type":"Polygon","coordinates":[[[82.57679,17.27113],[82.57679,17.27095],[82.5767,17.27095],[82.57669,17.2705],[82.57679,17.2705],[82.57679,17.27041],[82.57707,17.27041],[82.57707,17.2705],[82.57726,17.27058],[82.57726,17.27113],[82.57679,17.27113]]]},"properties":{"feature_id":"tuni-00120","belt":"tuni","district":"","area_ha":0.42,"lon":82.57698,"lat":17.270783,"source":"obia","sensor":"Sentinel-1 RTC (VV), 10 m","season":"2024 kharif","detected":true,"surveyed":false,"likely_block":false}},{"type":"Feature","geometry":{"type":"Polygon","coordinates":[[[82.54389,17.27283],[82.54379,17.27265],[82.5436,17.27265],[82.5436,17.27238],[82.5437,17.27238],[82.54369,17.27229],[82.54407,17.27229],[82.54407,17.27238],[82.54426,17.27238],[82.54426,17.27247],[82.54445,17.27256],[82.54445,17.27283],[82.54389,17.27283]]]},"properties":{"feature_id":"tuni-00121","belt":"tuni","district":"","area_ha":0.41,"lon":82.544025,"lat":17.272573,"source":"obia","sensor":"Sentinel-1 RTC (VV), 10 m","season":"2024 kharif","detected":true,"surveyed":false,"likely_block":false}},{"type":"Feature","geometry":{"type":"Polygon","coordinates":[[[82.54187,17.26743],[82.54187,17.26734],[82.54158,17.26734],[82.54158,17.26725],[82.54139,17.26716],[82.54139,17.26689],[82.54177,17.26688],[82.54177,17.26697],[82.54196,17.26697],[82.54196,17.26706],[82.54224,17.26706],[82.54224,17.26715],[82.54234,17.26715],[82.54234,17.26742],[82.54187,17.26743]]]},"properties":{"feature_id":"tuni-00122","belt":"tuni","district":"","area_ha":0.41,"lon":82.541857,"lat":17.267167,"source":"obia","sensor":"Sentinel-1 RTC (VV), 10 m","season":"2024 kharif","detected":true,"surveyed":false,"likely_block":false}},{"type":"Feature","geometry":{"type":"Polygon","coordinates":[[[82.53848,17.26727],[82.53848,17.267],[82.53857,17.267],[82.53857,17.26673],[82.53866,17.26673],[82.53866,17.26655],[82.53913,17.26654],[82.53913,17.26681],[82.53904,17.26681],[82.53904,17.267],[82.53895,17.267],[82.53895,17.26727],[82.53848,17.26727]]]},"properties":{"feature_id":"tuni-00123","belt":"tuni","district":"","area_ha":0.41,"lon":82.538801,"lat":17.266904,"source":"obia","sensor":"Sentinel-1 RTC (VV), 10 m","season":"2024 kharif","detected":true,"surveyed":false,"likely_block":false}},{"type":"Feature","geometry":{"type":"Polygon","coordinates":[[[82.64494,17.33049],[82.64494,17.3304],[82.64485,17.3304],[82.64485,17.33004],[82.64494,17.33004],[82.64494,17.32986],[82.64531,17.32986],[82.64531,17.32995],[82.6455,17.32995],[82.64551,17.33031],[82.64532,17.33031],[82.64532,17.33049],[82.64494,17.33049]]]},"properties":{"feature_id":"tuni-00124","belt":"tuni","district":"","area_ha":0.4,"lon":82.645162,"lat":17.330171,"source":"obia","sensor":"Sentinel-1 RTC (VV), 10 m","season":"2024 kharif","detected":true,"surveyed":false,"likely_block":false}},{"type":"Feature","geometry":{"type":"Polygon","coordinates":[[[82.54426,17.2722],[82.54426,17.27211],[82.54407,17.27211],[82.54407,17.27202],[82.54379,17.27202],[82.54378,17.27166],[82.54425,17.27165],[82.54425,17.27175],[82.54463,17.27183],[82.54463,17.27219],[82.54426,17.2722]]]},"properties":{"feature_id":"tuni-00125","belt":"tuni","district":"","area_ha":0.4,"lon":82.544215,"lat":17.271918,"source":"obia","sensor":"Sentinel-1 RTC (VV), 10 m","season":"2024 kharif","detected":true,"surveyed":false,"likely_block":false}},{"type":"Feature","geometry":{"type":"Polygon","coordinates":[[[82.53745,17.26791],[82.53745,17.26746],[82.53754,17.26746],[82.53754,17.26719],[82.53801,17.26718],[82.53801,17.26755],[82.53792,17.26755],[82.53792,17.26782],[82.53783,17.26782],[82.53783,17.26791],[82.53745,17.26791]]]},"properties":{"feature_id":"tuni-00126","belt":"tuni","district":"","area_ha":0.4,"lon":82.53772,"lat":17.267539,"source":"obia","sensor":"Sentinel-1 RTC (VV), 10 m","season":"2024 kharif","detected":true,"surveyed":false,"likely_block":false}},{"type":"Feature","geometry":{"type":"Polygon","coordinates":[[[82.53509,17.26721],[82.53509,17.26712],[82.535,17.26712],[82.535,17.26685],[82.53509,17.26685],[82.53509,17.26648],[82.53518,17.26648],[82.53518,17.26639],[82.53546,17.26639],[82.53546,17.26648],[82.53556,17.26648],[82.53556,17.26684],[82.53547,17.26684],[82.53538,17.2672],[82.53509,17.26721]]]},"properties":{"feature_id":"tuni-00127","belt":"tuni","district":"","area_ha":0.4,"lon":82.53528,"lat":17.266793,"source":"obia","sensor":"Sentinel-1 RTC (VV), 10 m","season":"2024 kharif","detected":true,"surveyed":false,"likely_block":false}},{"type":"Feature","geometry":{"type":"Polygon","coordinates":[[[82.53885,17.26618],[82.53884,17.26564],[82.53894,17.26564],[82.53903,17.26546],[82.53931,17.26546],[82.53931,17.26555],[82.53941,17.26555],[82.53941,17.26582],[82.53931,17.26582],[82.53932,17.26618],[82.53885,17.26618]]]},"properties":{"feature_id":"tuni-00128","belt":"tuni","district":"","area_ha":0.4,"lon":82.539113,"lat":17.265831,"source":"obia","sensor":"Sentinel-1 RTC (VV), 10 m","season":"2024 kharif","detected":true,"surveyed":false,"likely_block":false}},{"type":"Feature","geometry":{"type":"Polygon","coordinates":[[[82.52371,17.25573],[82.52371,17.25564],[82.52362,17.25564],[82.52362,17.25528],[82.52371,17.25527],[82.5238,17.25491],[82.52408,17.25491],[82.52408,17.255],[82.52418,17.255],[82.52418,17.25536],[82.52409,17.25536],[82.52399,17.25572],[82.52371,17.25573]]]},"properties":{"feature_id":"tuni-00129","belt":"tuni","district":"","area_ha":0.4,"lon":82.523898,"lat":17.255318,"source":"obia","sensor":"Sentinel-1 RTC (VV), 10 m","season":"2024 kharif","detected":true,"surveyed":false,"likely_block":false}},{"type":"Feature","geometry":{"type":"Polygon","coordinates":[[[82.522,17.25366],[82.52191,17.2533],[82.52153,17.2533],[82.52153,17.25294],[82.52162,17.25294],[82.52162,17.25285],[82.5219,17.25285],[82.52191,17.25321],[82.52228,17.25321],[82.52228,17.25339],[82.52238,17.25339],[82.52238,17.25366],[82.522,17.25366]]]},"properties":{"feature_id":"tuni-00130","belt":"tuni","district":"","area_ha":0.4,"lon":82.521944,"lat":17.25327,"source":"obia","sensor":"Sentinel-1 RTC (VV), 10 m","season":"2024 kharif","detected":true,"surveyed":false,"likely_block":false}},{"type":"Feature","geometry":{"type":"Polygon","coordinates":[[[82.53031,17.39312],[82.5303,17.39294],[82.53021,17.39294],[82.53021,17.39267],[82.5303,17.39267],[82.5303,17.39249],[82.53049,17.39249],[82.53048,17.39204],[82.53077,17.39203],[82.53077,17.39249],[82.53058,17.39249],[82.53059,17.39312],[82.53031,17.39312]]]},"properties":{"feature_id":"tuni-00131","belt":"tuni","district":"","area_ha":0.39,"lon":82.5305,"lat":17.392596,"source":"obia","sensor":"Sentinel-1 RTC (VV), 10 m","season":"2024 kharif","detected":true,"surveyed":false,"likely_block":false}},{"type":"Feature","geometry":{"type":"Polygon","coordinates":[[[82.5548,17.38453],[82.5548,17.38444],[82.55414,17.38444],[82.55414,17.38417],[82.55423,17.38417],[82.55423,17.38408],[82.55489,17.38408],[82.55489,17.38417],[82.55508,17.38426],[82.55508,17.38453],[82.5548,17.38453]]]},"properties":{"feature_id":"tuni-00132","belt":"tuni","district":"","area_ha":0.39,"lon":82.554613,"lat":17.384289,"source":"obia","sensor":"Sentinel-1 RTC (VV), 10 m","season":"2024 kharif","detected":true,"surveyed":false,"likely_block":false}},{"type":"Feature","geometry":{"type":"Polygon","coordinates":[[[82.55147,17.35817],[82.55147,17.3579],[82.55156,17.3579],[82.55156,17.35781],[82.55165,17.35781],[82.55165,17.35772],[82.55175,17.35771],[82.55175,17.35762],[82.55184,17.35762],[82.55184,17.35753],[82.55193,17.35753],[82.55203,17.35735],[82.55231,17.35735],[82.55231,17.35762],[82.55222,17.35762],[82.55222,17.35771],[82.55212,17.35771],[82.55212,17.3578],[82.55203,17.3578],[82.55203,17.35789],[82.55194,17.35789],[82.55194,17.35798],[82.55184,17.35799],[82.55175,17.35817],[82.55147,17.35817]]]},"properties":{"feature_id":"tuni-00133","belt":"tuni","district":"","area_ha":0.39,"lon":82.551889,"lat":17.357759,"source":"obia","sensor":"Sentinel-1 RTC (VV), 10 m","season":"2024 kharif","detected":true,"surveyed":false,"likely_block":false}},{"type":"Feature","geometry":{"type":"Polygon","coordinates":[[[82.55091,17.34706],[82.5509,17.34688],[82.55081,17.34688],[82.55081,17.3467],[82.55071,17.3467],[82.55071,17.34616],[82.55099,17.34615],[82.55099,17.34633],[82.55118,17.34642],[82.55119,17.34706],[82.55091,17.34706]]]},"properties":{"feature_id":"tuni-00134","belt":"tuni","district":"","area_ha":0.39,"lon":82.550954,"lat":17.346603,"source":"obia","sensor":"Sentinel-1 RTC (VV), 10 m","season":"2024 kharif","detected":true,"surveyed":false,"likely_block":false}},{"type":"Feature","geometry":{"type":"Polygon","coordinates":[[[82.60407,17.30435],[82.60407,17.30426],[82.60398,17.30426],[82.60397,17.30345],[82.60425,17.30344],[82.60426,17.30381],[82.60445,17.30389],[82.60445,17.30426],[82.60435,17.30426],[82.60436,17.30435],[82.60407,17.30435]]]},"properties":{"feature_id":"tuni-00135","belt":"tuni","district":"","area_ha":0.39,"lon":82.604177,"lat":17.303933,"source":"obia","sensor":"Sentinel-1 RTC (VV), 10 m","season":"2024 kharif","detected":true,"surveyed":false,"likely_block":false}},{"type":"Feature","geometry":{"type":"Polygon","coordinates":[[[82.61507,17.29278],[82.61507,17.29269],[82.61488,17.29261],[82.61488,17.29233],[82.61507,17.29233],[82.61507,17.29224],[82.61516,17.29224],[82.61516,17.29233],[82.61526,17.29233],[82.61526,17.29224],[82.61554,17.29224],[82.61573,17.2926],[82.61554,17.2926],[82.61545,17.29278],[82.61507,17.29278]]]},"properties":{"feature_id":"tuni-00136","belt":"tuni","district":"","area_ha":0.39,"lon":82.615274,"lat":17.292505,"source":"obia","sensor":"Sentinel-1 RTC (VV), 10 m","season":"2024 kharif","detected":true,"surveyed":false,"likely_block":false}},{"type":"Feature","geometry":{"type":"Polygon","coordinates":[[[82.53557,17.26765],[82.53556,17.26729],[82.53566,17.26729],[82.53566,17.26711],[82.53585,17.26711],[82.53584,17.26693],[82.53622,17.26693],[82.53622,17.26729],[82.53604,17.26738],[82.53604,17.26756],[82.53585,17.26756],[82.53585,17.26765],[82.53557,17.26765]]]},"properties":{"feature_id":"tuni-00137","belt":"tuni","district":"","area_ha":0.39,"lon":82.535892,"lat":17.267285,"source":"obia","sensor":"Sentinel-1 RTC (VV), 10 m","season":"2024 kharif","detected":true,"surveyed":false,"likely_block":false}},{"type":"Feature","geometry":{"type":"Polygon","coordinates":[[[82.53506,17.26368],[82.53506,17.26296],[82.53515,17.26296],[82.53515,17.26287],[82.53553,17.26287],[82.53553,17.26323],[82.53544,17.26323],[82.53544,17.26368],[82.53506,17.26368]]]},"properties":{"feature_id":"tuni-00138","belt":"tuni","district":"","area_ha":0.39,"lon":82.535277,"lat":17.26326,"source":"obia","sensor":"Sentinel-1 RTC (VV), 10 m","season":"2024 kharif","detected":true,"surveyed":false,"likely_block":false}},{"type":"Feature","geometry":{"type":"Polygon","coordinates":[[[82.5976,17.38275],[82.5976,17.38211],[82.59778,17.38211],[82.59778,17.38202],[82.59807,17.38202],[82.59807,17.38274],[82.5976,17.38275]]]},"properties":{"feature_id":"tuni-00139","belt":"tuni","district":"","area_ha":0.38,"lon":82.597842,"lat":17.382399,"source":"obia","sensor":"Sentinel-1 RTC (VV), 10 m","season":"2024 kharif","detected":true,"surveyed":false,"likely_block":false}},{"type":"Feature","geometry":{"type":"Polygon","coordinates":[[[82.63465,17.32579],[82.63465,17.3257],[82.63455,17.3257],[82.63455,17.32525],[82.63511,17.32524],[82.63521,17.32578],[82.63465,17.32579]]]},"properties":{"feature_id":"tuni-00140","belt":"tuni","district":"","area_ha":0.38,"lon":82.634864,"lat":17.325517,"source":"obia","sensor":"Sentinel-1 RTC (VV), 10 m","season":"2024 kharif","detected":true,"surveyed":false,"likely_block":false}},{"type":"Feature","geometry":{"type":"Polygon","coordinates":[[[82.48876,17.3187],[82.48876,17.31861],[82.48867,17.31861],[82.48867,17.31843],[82.48848,17.31834],[82.48838,17.3178],[82.48866,17.3178],[82.48866,17.31789],[82.48876,17.31789],[82.48876,17.31816],[82.48885,17.31816],[82.48885,17.31825],[82.48895,17.31825],[82.48895,17.31843],[82.48904,17.31843],[82.48904,17.3187],[82.48876,17.3187]]]},"properties":{"feature_id":"tuni-00141","belt":"tuni","district":"","area_ha":0.38,"lon":82.488706,"lat":17.31826,"source":"obia","sensor":"Sentinel-1 RTC (VV), 10 m","season":"2024 kharif","detected":true,"surveyed":false,"likely_block":false}},{"type":"Feature","geometry":{"type":"Polygon","coordinates":[[[82.54454,17.27156],[82.54453,17.27147],[82.54435,17.27147],[82.54435,17.27138],[82.54406,17.27139],[82.54406,17.27093],[82.54434,17.27093],[82.54434,17.27102],[82.54472,17.27111],[82.54472,17.27129],[82.54481,17.27129],[82.54482,17.27156],[82.54454,17.27156]]]},"properties":{"feature_id":"tuni-00142","belt":"tuni","district":"","area_ha":0.38,"lon":82.544423,"lat":17.27125,"source":"obia","sensor":"Sentinel-1 RTC (VV), 10 m","season":"2024 kharif","detected":true,"surveyed":false,"likely_block":false}},{"type":"Feature","geometry":{"type":"Polygon","coordinates":[[[82.53565,17.2663],[82.53565,17.26603],[82.53574,17.26603],[82.53574,17.26594],[82.53584,17.26594],[82.53583,17.26585],[82.53593,17.26584],[82.53602,17.26566],[82.5363,17.26566],[82.5363,17.26575],[82.5364,17.26575],[82.5364,17.26602],[82.53631,17.26602],[82.53621,17.2662],[82.53603,17.26621],[82.53603,17.2663],[82.53565,17.2663]]]},"properties":{"feature_id":"tuni-00143","belt":"tuni","district":"","area_ha":0.38,"lon":82.536034,"lat":17.265994,"source":"obia","sensor":"Sentinel-1 RTC (VV), 10 m","season":"2024 kharif","detected":true,"surveyed":false,"likely_block":false}},{"type":"Feature","geometry":{"type":"Polygon","coordinates":[[[82.64541,17.42465],[82.64541,17.42438],[82.64597,17.42428],[82.64597,17.42419],[82.64616,17.42419],[82.64616,17.4241],[82.64653,17.4241],[82.64654,17.42437],[82.64625,17.42437],[82.64625,17.42446],[82.64597,17.42446],[82.64597,17.42455],[82.64541,17.42465]]]},"properties":{"feature_id":"tuni-00144","belt":"tuni","district":"","area_ha":0.37,"lon":82.645977,"lat":17.424365,"source":"obia","sensor":"Sentinel-1 RTC (VV), 10 m","season":"2024 kharif","detected":true,"surveyed":false,"likely_block":false}},{"type":"Feature","geometry":{"type":"Polygon","coordinates":[[[82.56474,17.40334],[82.56465,17.4028],[82.56474,17.4028],[82.56474,17.40271],[82.56502,17.4027],[82.56502,17.40279],[82.56512,17.40279],[82.56512,17.40297],[82.56531,17.40297],[82.56531,17.40324],[82.56521,17.40324],[82.56522,17.40333],[82.56474,17.40334]]]},"properties":{"feature_id":"tuni-00145","belt":"tuni","district":"","area_ha":0.37,"lon":82.564961,"lat":17.403046,"source":"obia","sensor":"Sentinel-1 RTC (VV), 10 m","season":"2024 kharif","detected":true,"surveyed":false,"likely_block":false}},{"type":"Feature","geometry":{"type":"Polygon","coordinates":[[[82.50522,17.35238],[82.50522,17.35229],[82.50503,17.35229],[82.50493,17.35211],[82.50475,17.35211],[82.50475,17.35202],[82.50465,17.35202],[82.50465,17.35175],[82.50503,17.35175],[82.50503,17.35193],[82.50522,17.35193],[82.50531,17.35211],[82.50559,17.3521],[82.5056,17.35237],[82.50522,17.35238]]]},"properties":{"feature_id":"tuni-00146","belt":"tuni","district":"","area_ha":0.37,"lon":82.505103,"lat":17.352074,"source":"obia","sensor":"Sentinel-1 RTC (VV), 10 m","season":"2024 kharif","detected":true,"surveyed":false,"likely_block":false}},{"type":"Feature","geometry":{"type":"Polygon","coordinates":[[[82.47105,17.29209],[82.47105,17.29199],[82.47086,17.292],[82.47086,17.29154],[82.47095,17.29154],[82.47095,17.29145],[82.47133,17.29145],[82.47133,17.29163],[82.47142,17.29163],[82.47143,17.29208],[82.47105,17.29209]]]},"properties":{"feature_id":"tuni-00147","belt":"tuni","district":"","area_ha":0.37,"lon":82.471147,"lat":17.291773,"source":"obia","sensor":"Sentinel-1 RTC (VV), 10 m","season":"2024 kharif","detected":true,"surveyed":false,"likely_block":false}},{"type":"Feature","geometry":{"type":"Polygon","coordinates":[[[82.54169,17.26815],[82.54168,17.26806],[82.54131,17.26797],[82.5413,17.26761],[82.54168,17.26761],[82.54168,17.2677],[82.54196,17.2677],[82.54196,17.26779],[82.54206,17.26779],[82.54206,17.26815],[82.54169,17.26815]]]},"properties":{"feature_id":"tuni-00148","belt":"tuni","district":"","area_ha":0.37,"lon":82.541687,"lat":17.267875,"source":"obia","sensor":"Sentinel-1 RTC (VV), 10 m","season":"2024 kharif","detected":true,"surveyed":false,"likely_block":false}},{"type":"Feature","geometry":{"type":"Polygon","coordinates":[[[82.53782,17.26691],[82.53781,17.26628],[82.53791,17.26628],[82.53791,17.26619],[82.53828,17.26619],[82.53829,17.26673],[82.53819,17.26673],[82.53819,17.26691],[82.53782,17.26691]]]},"properties":{"feature_id":"tuni-00149","belt":"tuni","district":"","area_ha":0.37,"lon":82.538046,"lat":17.266545,"source":"obia","sensor":"Sentinel-1 RTC (VV), 10 m","season":"2024 kharif","detected":true,"surveyed":false,"likely_block":false}},{"type":"Feature","geometry":{"type":"Polygon","coordinates":[[[82.51559,17.26356],[82.51559,17.26347],[82.5155,17.26347],[82.5155,17.2632],[82.51568,17.26311],[82.51568,17.26293],[82.51606,17.26292],[82.51606,17.26301],[82.51615,17.26301],[82.51616,17.26328],[82.51597,17.26338],[82.51597,17.26356],[82.51559,17.26356]]]},"properties":{"feature_id":"tuni-00150","belt":"tuni","district":"","area_ha":0.37,"lon":82.515827,"lat":17.263241,"source":"obia","sensor":"Sentinel-1 RTC (VV), 10 m","season":"2024 kharif","detected":true,"surveyed":false,"likely_block":false}},{"type":"Feature","geometry":{"type":"Polygon","coordinates":[[[82.4773,17.44901],[82.47729,17.44892],[82.4772,17.44892],[82.47719,17.44819],[82.47748,17.44819],[82.47748,17.44837],[82.47767,17.44846],[82.47767,17.44873],[82.47758,17.44873],[82.47758,17.44901],[82.4773,17.44901]]]},"properties":{"feature_id":"tuni-00151","belt":"tuni","district":"","area_ha":0.36,"lon":82.477402,"lat":17.448608,"source":"obia","sensor":"Sentinel-1 RTC (VV), 10 m","season":"2024 kharif","detected":true,"surveyed":false,"likely_block":false}},{"type":"Feature","geometry":{"type":"Polygon","coordinates":[[[82.50635,17.35282],[82.50635,17.35273],[82.50616,17.35273],[82.50616,17.35246],[82.50663,17.35246],[82.50663,17.35255],[82.5072,17.35254],[82.5072,17.35281],[82.50635,17.35282]]]},"properties":{"feature_id":"tuni-00152","belt":"tuni","district":"","area_ha":0.36,"lon":82.506664,"lat":17.352653,"source":"obia","sensor":"Sentinel-1 RTC (VV), 10 m","season":"2024 kharif","detected":true,"surveyed":false,"likely_block":false}},{"type":"Feature","geometry":{"type":"Polygon","coordinates":[[[82.63421,17.31883],[82.63421,17.31874],[82.63402,17.31875],[82.63402,17.31838],[82.63421,17.31838],[82.6342,17.31829],[82.63411,17.31829],[82.63411,17.31802],[82.63439,17.31802],[82.63439,17.31811],[82.63448,17.31811],[82.63449,17.31847],[82.63439,17.31847],[82.63439,17.31856],[82.63449,17.31856],[82.63449,17.31883],[82.63421,17.31883]]]},"properties":{"feature_id":"tuni-00153","belt":"tuni","district":"","area_ha":0.36,"lon":82.634273,"lat":17.318443,"source":"obia","sensor":"Sentinel-1 RTC (VV), 10 m","season":"2024 kharif","detected":true,"surveyed":false,"likely_block":false}},{"type":"Feature","geometry":{"type":"Polygon","coordinates":[[[82.6016,17.3013],[82.6016,17.30084],[82.60169,17.30084],[82.60169,17.30066],[82.60197,17.30066],[82.60197,17.30075],[82.60216,17.30084],[82.60216,17.3012],[82.60207,17.3012],[82.60207,17.30129],[82.6016,17.3013]]]},"properties":{"feature_id":"tuni-00154","belt":"tuni","district":"","area_ha":0.36,"lon":82.60187,"lat":17.301004,"source":"obia","sensor":"Sentinel-1 RTC (VV), 10 m","season":"2024 kharif","detected":true,"surveyed":false,"likely_block":false}},{"type":"Feature","geometry":{"type":"Polygon","coordinates":[[[82.60491,17.29296],[82.60491,17.29287],[82.60482,17.29287],[82.60491,17.29214],[82.60528,17.29214],[82.60529,17.29259],[82.60519,17.29259],[82.6052,17.29295],[82.60491,17.29296]]]},"properties":{"feature_id":"tuni-00155","belt":"tuni","district":"","area_ha":0.36,"lon":82.605059,"lat":17.292532,"source":"obia","sensor":"Sentinel-1 RTC (VV), 10 m","season":"2024 kharif","detected":true,"surveyed":false,"likely_block":false}},{"type":"Feature","geometry":{"type":"Polygon","coordinates":[[[82.54603,17.27065],[82.54603,17.27056],[82.54575,17.27056],[82.54575,17.27047],[82.54556,17.27047],[82.54556,17.2702],[82.54565,17.2702],[82.54565,17.27011],[82.54593,17.27011],[82.54593,17.2702],[82.54631,17.27019],[82.54631,17.27064],[82.54603,17.27065]]]},"properties":{"feature_id":"tuni-00156","belt":"tuni","district":"","area_ha":0.36,"lon":82.545959,"lat":17.270369,"source":"obia","sensor":"Sentinel-1 RTC (VV), 10 m","season":"2024 kharif","detected":true,"surveyed":false,"likely_block":false}},{"type":"Feature","geometry":{"type":"Polygon","coordinates":[[[82.54104,17.27023],[82.54095,17.27005],[82.54067,17.27006],[82.54066,17.2696],[82.54094,17.2696],[82.54095,17.26969],[82.54104,17.26969],[82.54104,17.26987],[82.54142,17.26987],[82.54142,17.27023],[82.54104,17.27023]]]},"properties":{"feature_id":"tuni-00157","belt":"tuni","district":"","area_ha":0.36,"lon":82.541021,"lat":17.26994,"source":"obia","sensor":"Sentinel-1 RTC (VV), 10 m","season":"2024 kharif","detected":true,"surveyed":false,"likely_block":false}},{"type":"Feature","geometry":{"type":"Polygon","coordinates":[[[82.63503,17.32687],[82.63503,17.32678],[82.63475,17.32678],[82.63474,17.32624],[82.63522,17.32624],[82.63522,17.3266],[82.63531,17.3266],[82.63531,17.32687],[82.63503,17.32687]]]},"properties":{"feature_id":"tuni-00158","belt":"tuni","district":"","area_ha":0.35,"lon":82.635015,"lat":17.326546,"source":"obia","sensor":"Sentinel-1 RTC (VV), 10 m","season":"2024 kharif","detected":true,"surveyed":false,"likely_block":false}},{"type":"Feature","geometry":{"type":"Polygon","coordinates":[[[82.47928,17.27458],[82.47928,17.27413],[82.47937,17.27413],[82.47937,17.27404],[82.47966,17.27404],[82.47966,17.27422],[82.47994,17.27422],[82.47994,17.27458],[82.47928,17.27458]]]},"properties":{"feature_id":"tuni-00159","belt":"tuni","district":"","area_ha":0.35,"lon":82.479587,"lat":17.274348,"source":"obia","sensor":"Sentinel-1 RTC (VV), 10 m","season":"2024 kharif","detected":true,"surveyed":false,"likely_block":false}},{"type":"Feature","geometry":{"type":"Polygon","coordinates":[[[82.54566,17.27128],[82.54566,17.27119],[82.54538,17.27119],[82.54537,17.27074],[82.54575,17.27074],[82.54575,17.27083],[82.54594,17.27083],[82.54594,17.27092],[82.54603,17.27092],[82.54604,17.27128],[82.54566,17.27128]]]},"properties":{"feature_id":"tuni-00160","belt":"tuni","district":"","area_ha":0.35,"lon":82.545698,"lat":17.271015,"source":"obia","sensor":"Sentinel-1 RTC (VV), 10 m","season":"2024 kharif","detected":true,"surveyed":false,"likely_block":false}},{"type":"Feature","geometry":{"type":"Polygon","coordinates":[[[82.52869,17.26599],[82.52869,17.2659],[82.52859,17.2659],[82.52859,17.26536],[82.52915,17.26535],[82.52916,17.26563],[82.52906,17.26563],[82.52897,17.26599],[82.52869,17.26599]]]},"properties":{"feature_id":"tuni-00161","belt":"tuni","district":"","area_ha":0.35,"lon":82.528844,"lat":17.265638,"source":"obia","sensor":"Sentinel-1 RTC (VV), 10 m","season":"2024 kharif","detected":true,"surveyed":false,"likely_block":false}},{"type":"Feature","geometry":{"type":"Polygon","coordinates":[[[82.61149,17.367],[82.61148,17.36664],[82.61158,17.36664],[82.61158,17.36655],[82.61186,17.36655],[82.61186,17.36646],[82.61223,17.36645],[82.61224,17.36672],[82.61195,17.36673],[82.61196,17.367],[82.61149,17.367]]]},"properties":{"feature_id":"tuni-00162","belt":"tuni","district":"","area_ha":0.34,"lon":82.61183,"lat":17.366722,"source":"obia","sensor":"Sentinel-1 RTC (VV), 10 m","season":"2024 kharif","detected":true,"surveyed":false,"likely_block":false}},{"type":"Feature","geometry":{"type":"Polygon","coordinates":[[[82.52879,17.26716],[82.52888,17.26662],[82.52898,17.26662],[82.52897,17.26653],[82.52926,17.26653],[82.52926,17.26662],[82.52935,17.26662],[82.52935,17.26698],[82.52926,17.26698],[82.52926,17.26716],[82.52879,17.26716]]]},"properties":{"feature_id":"tuni-00163","belt":"tuni","district":"","area_ha":0.34,"lon":82.529084,"lat":17.26686,"source":"obia","sensor":"Sentinel-1 RTC (VV), 10 m","season":"2024 kharif","detected":true,"surveyed":false,"likely_block":false}},{"type":"Feature","geometry":{"type":"Polygon","coordinates":[[[82.5397,17.26645],[82.53969,17.26627],[82.5396,17.26627],[82.5396,17.266],[82.53969,17.266],[82.53969,17.26582],[82.53997,17.26581],[82.53997,17.2659],[82.54016,17.26599],[82.54017,17.26635],[82.54007,17.26636],[82.54007,17.26645],[82.5397,17.26645]]]},"properties":{"feature_id":"tuni-00164","belt":"tuni","district":"","area_ha":0.34,"lon":82.539885,"lat":17.266144,"source":"obia","sensor":"Sentinel-1 RTC (VV), 10 m","season":"2024 kharif","detected":true,"surveyed":false,"likely_block":false}},{"type":"Feature","geometry":{"type":"Polygon","coordinates":[[[82.51442,17.25815],[82.51442,17.25769],[82.51498,17.25769],[82.51498,17.25778],[82.51508,17.25778],[82.51508,17.25814],[82.51442,17.25815]]]},"properties":{"feature_id":"tuni-00165","belt":"tuni","district":"","area_ha":0.34,"lon":82.514741,"lat":17.257923,"source":"obia","sensor":"Sentinel-1 RTC (VV), 10 m","season":"2024 kharif","detected":true,"surveyed":false,"likely_block":false}},{"type":"Feature","geometry":{"type":"Polygon","coordinates":[[[82.54748,17.25256],[82.54748,17.25202],[82.54766,17.25202],[82.54766,17.25193],[82.54795,17.25193],[82.54795,17.25202],[82.54804,17.25202],[82.54804,17.25229],[82.54795,17.25229],[82.54795,17.25247],[82.54776,17.25247],[82.54776,17.25256],[82.54748,17.25256]]]},"properties":{"feature_id":"tuni-00166","belt":"tuni","district":"","area_ha":0.34,"lon":82.547738,"lat":17.252236,"source":"obia","sensor":"Sentinel-1 RTC (VV), 10 m","season":"2024 kharif","detected":true,"surveyed":false,"likely_block":false}},{"type":"Feature","geometry":{"type":"Polygon","coordinates":[[[82.61281,17.2928],[82.61281,17.29262],[82.61234,17.29263],[82.61234,17.29235],[82.61262,17.29235],[82.61262,17.29226],[82.613,17.29226],[82.613,17.29244],[82.61309,17.29244],[82.6131,17.2928],[82.61281,17.2928]]]},"properties":{"feature_id":"tuni-00167","belt":"tuni","district":"","area_ha":0.33,"lon":82.612762,"lat":17.292509,"source":"obia","sensor":"Sentinel-1 RTC (VV), 10 m","season":"2024 kharif","detected":true,"surveyed":false,"likely_block":false}},{"type":"Feature","geometry":{"type":"Polygon","coordinates":[[[82.53718,17.26873],[82.53717,17.26828],[82.53727,17.26827],[82.53726,17.26818],[82.53774,17.26818],[82.53774,17.26854],[82.53764,17.26854],[82.53765,17.26872],[82.53718,17.26873]]]},"properties":{"feature_id":"tuni-00168","belt":"tuni","district":"","area_ha":0.33,"lon":82.537448,"lat":17.26845,"source":"obia","sensor":"Sentinel-1 RTC (VV), 10 m","season":"2024 kharif","detected":true,"surveyed":false,"likely_block":false}},{"type":"Feature","geometry":{"type":"Polygon","coordinates":[[[82.48467,17.25439],[82.48467,17.25385],[82.48523,17.25385],[82.48514,17.25439],[82.48467,17.25439]]]},"properties":{"feature_id":"tuni-00169","belt":"tuni","district":"","area_ha":0.33,"lon":82.484929,"lat":17.254111,"source":"obia","sensor":"Sentinel-1 RTC (VV), 10 m","season":"2024 kharif","detected":true,"surveyed":false,"likely_block":false}},{"type":"Feature","geometry":{"type":"Polygon","coordinates":[[[82.61708,17.39262],[82.61707,17.39226],[82.61717,17.39226],[82.61716,17.39208],[82.61754,17.39207],[82.61754,17.39216],[82.61764,17.39216],[82.61764,17.39252],[82.61755,17.39253],[82.61755,17.39262],[82.61708,17.39262]]]},"properties":{"feature_id":"tuni-00170","belt":"tuni","district":"","area_ha":0.32,"lon":82.617356,"lat":17.392357,"source":"obia","sensor":"Sentinel-1 RTC (VV), 10 m","season":"2024 kharif","detected":true,"surveyed":false,"likely_block":false}},{"type":"Feature","geometry":{"type":"Polygon","coordinates":[[[82.53351,17.38207],[82.5335,17.38162],[82.5336,17.38162],[82.53369,17.38126],[82.53397,17.38126],[82.53397,17.38171],[82.53379,17.3818],[82.53379,17.38207],[82.53351,17.38207]]]},"properties":{"feature_id":"tuni-00171","belt":"tuni","district":"","area_ha":0.32,"lon":82.533737,"lat":17.381657,"source":"obia","sensor":"Sentinel-1 RTC (VV), 10 m","season":"2024 kharif","detected":true,"surveyed":false,"likely_block":false}},{"type":"Feature","geometry":{"type":"Polygon","coordinates":[[[82.60509,17.29169],[82.60509,17.29133],[82.60518,17.29133],[82.60518,17.29106],[82.60527,17.29106],[82.60527,17.29097],[82.60556,17.29096],[82.60556,17.29142],[82.60547,17.29142],[82.60547,17.29169],[82.60509,17.29169]]]},"properties":{"feature_id":"tuni-00172","belt":"tuni","district":"","area_ha":0.32,"lon":82.605333,"lat":17.291338,"source":"obia","sensor":"Sentinel-1 RTC (VV), 10 m","season":"2024 kharif","detected":true,"surveyed":false,"likely_block":false}},{"type":"Feature","geometry":{"type":"Polygon","coordinates":[[[82.54616,17.27507],[82.54616,17.27498],[82.54607,17.27498],[82.54607,17.27462],[82.54654,17.27462],[82.54654,17.27471],[82.54672,17.27471],[82.54673,17.27507],[82.54616,17.27507]]]},"properties":{"feature_id":"tuni-00173","belt":"tuni","district":"","area_ha":0.32,"lon":82.546391,"lat":17.274852,"source":"obia","sensor":"Sentinel-1 RTC (VV), 10 m","season":"2024 kharif","detected":true,"surveyed":false,"likely_block":false}},{"type":"Feature","geometry":{"type":"Polygon","coordinates":[[[82.52964,17.26761],[82.52964,17.26716],[82.52973,17.26716],[82.52973,17.26707],[82.5302,17.26706],[82.5302,17.26742],[82.53011,17.26743],[82.53002,17.26761],[82.52964,17.26761]]]},"properties":{"feature_id":"tuni-00174","belt":"tuni","district":"","area_ha":0.32,"lon":82.529909,"lat":17.267326,"source":"obia","sensor":"Sentinel-1 RTC (VV), 10 m","season":"2024 kharif","detected":true,"surveyed":false,"likely_block":false}},{"type":"Feature","geometry":{"type":"Polygon","coordinates":[[[82.52747,17.26645],[82.52747,17.26636],[82.52728,17.26636],[82.52728,17.26609],[82.52737,17.26609],[82.52737,17.26591],[82.52746,17.26591],[82.52746,17.26582],[82.52775,17.26582],[82.52775,17.26591],[82.52784,17.26591],[82.52775,17.26645],[82.52747,17.26645]]]},"properties":{"feature_id":"tuni-00175","belt":"tuni","district":"","area_ha":0.32,"lon":82.527568,"lat":17.266139,"source":"obia","sensor":"Sentinel-1 RTC (VV), 10 m","season":"2024 kharif","detected":true,"surveyed":false,"likely_block":false}},{"type":"Feature","geometry":{"type":"Polygon","coordinates":[[[82.6139,17.29804],[82.6138,17.29786],[82.61352,17.29786],[82.61352,17.29759],[82.61361,17.29759],[82.61361,17.2975],[82.61398,17.29749],[82.61399,17.29758],[82.61417,17.29767],[82.61418,17.29803],[82.6139,17.29804]]]},"properties":{"feature_id":"tuni-00176","belt":"tuni","district":"","area_ha":0.31,"lon":82.613868,"lat":17.297749,"source":"obia","sensor":"Sentinel-1 RTC (VV), 10 m","season":"2024 kharif","detected":true,"surveyed":false,"likely_block":false}},{"type":"Feature","geometry":{"type":"Polygon","coordinates":[[[82.6122,17.29778],[82.6122,17.29769],[82.61201,17.29769],[82.61201,17.2976],[82.61192,17.2976],[82.61191,17.29724],[82.61238,17.29723],[82.61238,17.29732],[82.61248,17.29732],[82.61248,17.29778],[82.6122,17.29778]]]},"properties":{"feature_id":"tuni-00177","belt":"tuni","district":"","area_ha":0.31,"lon":82.612211,"lat":17.297488,"source":"obia","sensor":"Sentinel-1 RTC (VV), 10 m","season":"2024 kharif","detected":true,"surveyed":false,"likely_block":false}},{"type":"Feature","geometry":{"type":"Polygon","coordinates":[[[82.5419,17.27167],[82.5419,17.27158],[82.54181,17.27158],[82.54181,17.27149],[82.54162,17.2714],[82.54162,17.27104],[82.5419,17.27104],[82.5419,17.27113],[82.54209,17.27113],[82.54209,17.27131],[82.54218,17.27131],[82.54218,17.27167],[82.5419,17.27167]]]},"properties":{"feature_id":"tuni-00178","belt":"tuni","district":"","area_ha":0.31,"lon":82.541904,"lat":17.27135,"source":"obia","sensor":"Sentinel-1 RTC (VV), 10 m","season":"2024 kharif","detected":true,"surveyed":false,"likely_block":false}},{"type":"Feature","geometry":{"type":"Polygon","coordinates":[[[82.57566,17.27042],[82.57566,17.27033],[82.57547,17.27024],[82.57547,17.26997],[82.57603,17.26996],[82.57603,17.27005],[82.57612,17.27005],[82.57613,17.27041],[82.57566,17.27042]]]},"properties":{"feature_id":"tuni-00179","belt":"tuni","district":"","area_ha":0.31,"lon":82.575811,"lat":17.27018,"source":"obia","sensor":"Sentinel-1 RTC (VV), 10 m","season":"2024 kharif","detected":true,"surveyed":false,"likely_block":false}},{"type":"Feature","geometry":{"type":"Polygon","coordinates":[[[82.51635,17.26392],[82.51635,17.26346],[82.51644,17.26346],[82.51644,17.26328],[82.51681,17.26328],[82.51682,17.26373],[82.51672,17.26373],[82.51673,17.26391],[82.51635,17.26392]]]},"properties":{"feature_id":"tuni-00180","belt":"tuni","district":"","area_ha":0.31,"lon":82.516582,"lat":17.263597,"source":"obia","sensor":"Sentinel-1 RTC (VV), 10 m","season":"2024 kharif","detected":true,"surveyed":false,"likely_block":false}},{"type":"Feature","geometry":{"type":"Polygon","coordinates":[[[82.53957,17.37561],[82.53957,17.37552],[82.53929,17.37552],[82.53929,17.37525],[82.54013,17.37525],[82.54013,17.37552],[82.53957,17.37561]]]},"properties":{"feature_id":"tuni-00181","belt":"tuni","district":"","area_ha":0.3,"lon":82.539714,"lat":17.375401,"source":"obia","sensor":"Sentinel-1 RTC (VV), 10 m","season":"2024 kharif","detected":true,"surveyed":false,"likely_block":false}},{"type":"Feature","geometry":{"type":"Polygon","coordinates":[[[82.603,17.29939],[82.60299,17.29885],[82.60308,17.29884],[82.60308,17.29866],[82.60337,17.29866],[82.60337,17.29938],[82.603,17.29939]]]},"properties":{"feature_id":"tuni-00182","belt":"tuni","district":"","area_ha":0.3,"lon":82.60319,"lat":17.299043,"source":"obia","sensor":"Sentinel-1 RTC (VV), 10 m","season":"2024 kharif","detected":true,"surveyed":false,"likely_block":false}},{"type":"Feature","geometry":{"type":"Polygon","coordinates":[[[82.54236,17.27022],[82.54227,17.27004],[82.54208,17.27004],[82.54207,17.26968],[82.54236,17.26968],[82.54236,17.26977],[82.54255,17.26977],[82.54255,17.26986],[82.54273,17.26995],[82.54274,17.27022],[82.54236,17.27022]]]},"properties":{"feature_id":"tuni-00183","belt":"tuni","district":"","area_ha":0.3,"lon":82.542397,"lat":17.269962,"source":"obia","sensor":"Sentinel-1 RTC (VV), 10 m","season":"2024 kharif","detected":true,"surveyed":false,"likely_block":false}},{"type":"Feature","geometry":{"type":"Polygon","coordinates":[[[82.54593,17.26992],[82.54593,17.26983],[82.54574,17.26984],[82.54574,17.26956],[82.54584,17.26956],[82.54583,17.26947],[82.54612,17.26947],[82.54621,17.26965],[82.54649,17.26965],[82.5465,17.26992],[82.54593,17.26992]]]},"properties":{"feature_id":"tuni-00184","belt":"tuni","district":"","area_ha":0.3,"lon":82.546099,"lat":17.269724,"source":"obia","sensor":"Sentinel-1 RTC (VV), 10 m","season":"2024 kharif","detected":true,"surveyed":false,"likely_block":false}},{"type":"Feature","geometry":{"type":"Polygon","coordinates":[[[82.52813,17.26681],[82.52813,17.26636],[82.52822,17.26636],[82.52822,17.26617],[82.5285,17.26617],[82.5285,17.26626],[82.5286,17.26626],[82.5286,17.26662],[82.5285,17.26662],[82.52851,17.26681],[82.52813,17.26681]]]},"properties":{"feature_id":"tuni-00185","belt":"tuni","district":"","area_ha":0.3,"lon":82.528357,"lat":17.266499,"source":"obia","sensor":"Sentinel-1 RTC (VV), 10 m","season":"2024 kharif","detected":true,"surveyed":false,"likely_block":false}},{"type":"Feature","geometry":{"type":"Polygon","coordinates":[[[82.53631,17.26675],[82.53631,17.26638],[82.5364,17.26638],[82.5364,17.26629],[82.53659,17.2662],[82.53659,17.26602],[82.53687,17.26602],[82.53687,17.26638],[82.53678,17.26638],[82.53678,17.26647],[82.53659,17.26656],[82.53659,17.26674],[82.53631,17.26675]]]},"properties":{"feature_id":"tuni-00186","belt":"tuni","district":"","area_ha":0.3,"lon":82.536592,"lat":17.266382,"source":"obia","sensor":"Sentinel-1 RTC (VV), 10 m","season":"2024 kharif","detected":true,"surveyed":false,"likely_block":false}},{"type":"Feature","geometry":{"type":"Polygon","coordinates":[[[82.53498,17.26477],[82.53507,17.26404],[82.53544,17.26404],[82.53545,17.26431],[82.53535,17.26431],[82.53535,17.26467],[82.53526,17.26468],[82.53526,17.26477],[82.53498,17.26477]]]},"properties":{"feature_id":"tuni-00187","belt":"tuni","district":"","area_ha":0.3,"lon":82.535204,"lat":17.264387,"source":"obia","sensor":"Sentinel-1 RTC (VV), 10 m","season":"2024 kharif","detected":true,"surveyed":false,"likely_block":false}},{"type":"Feature","geometry":{"type":"Polygon","coordinates":[[[82.64663,17.42428],[82.64663,17.424],[82.64681,17.424],[82.64681,17.42391],[82.647,17.42391],[82.647,17.42382],[82.64738,17.42382],[82.64738,17.42409],[82.64729,17.42409],[82.64729,17.42418],[82.647,17.42418],[82.647,17.42427],[82.64663,17.42428]]]},"properties":{"feature_id":"tuni-00188","belt":"tuni","district":"","area_ha":0.29,"lon":82.647011,"lat":17.424049,"source":"obia","sensor":"Sentinel-1 RTC (VV), 10 m","season":"2024 kharif","detected":true,"surveyed":false,"likely_block":false}},{"type":"Feature","geometry":{"type":"Polygon","coordinates":[[[82.64801,17.32649],[82.64801,17.32631],[82.64782,17.32631],[82.64782,17.32604],[82.64791,17.32604],[82.64791,17.32586],[82.64829,17.32586],[82.64829,17.32649],[82.64801,17.32649]]]},"properties":{"feature_id":"tuni-00189","belt":"tuni","district":"","area_ha":0.29,"lon":82.648089,"lat":17.32616,"source":"obia","sensor":"Sentinel-1 RTC (VV), 10 m","season":"2024 kharif","detected":true,"surveyed":false,"likely_block":false}},{"type":"Feature","geometry":{"type":"Polygon","coordinates":[[[82.61362,17.29858],[82.61362,17.29849],[82.61343,17.29849],[82.61343,17.2984],[82.61324,17.29831],[82.61324,17.29804],[82.6138,17.29813],[82.6138,17.29831],[82.6139,17.29831],[82.6139,17.29858],[82.61362,17.29858]]]},"properties":{"feature_id":"tuni-00190","belt":"tuni","district":"","area_ha":0.29,"lon":82.613579,"lat":17.298305,"source":"obia","sensor":"Sentinel-1 RTC (VV), 10 m","season":"2024 kharif","detected":true,"surveyed":false,"likely_block":false}},{"type":"Feature","geometry":{"type":"Polygon","coordinates":[[[82.54557,17.27192],[82.54557,17.27183],[82.54529,17.27183],[82.54529,17.27174],[82.54519,17.27174],[82.54519,17.27147],[82.54557,17.27146],[82.54557,17.27155],[82.54595,17.27164],[82.54595,17.27191],[82.54557,17.27192]]]},"properties":{"feature_id":"tuni-00191","belt":"tuni","district":"","area_ha":0.29,"lon":82.545565,"lat":17.271694,"source":"obia","sensor":"Sentinel-1 RTC (VV), 10 m","season":"2024 kharif","detected":true,"surveyed":false,"likely_block":false}},{"type":"Feature","geometry":{"type":"Polygon","coordinates":[[[82.53793,17.26944],[82.53793,17.26881],[82.5384,17.26881],[82.5384,17.26908],[82.53831,17.26908],[82.53822,17.26944],[82.53793,17.26944]]]},"properties":{"feature_id":"tuni-00192","belt":"tuni","district":"","area_ha":0.29,"lon":82.538132,"lat":17.269094,"source":"obia","sensor":"Sentinel-1 RTC (VV), 10 m","season":"2024 kharif","detected":true,"surveyed":false,"likely_block":false}},{"type":"Feature","geometry":{"type":"Polygon","coordinates":[[[82.52784,17.26554],[82.52783,17.26509],[82.52793,17.26509],[82.52793,17.26491],[82.52821,17.26491],[82.52821,17.265],[82.5283,17.265],[82.52821,17.26554],[82.52784,17.26554]]]},"properties":{"feature_id":"tuni-00193","belt":"tuni","district":"","area_ha":0.29,"lon":82.528056,"lat":17.265238,"source":"obia","sensor":"Sentinel-1 RTC (VV), 10 m","season":"2024 kharif","detected":true,"surveyed":false,"likely_block":false}},{"type":"Feature","geometry":{"type":"Polygon","coordinates":[[[82.64297,17.4253],[82.64296,17.42503],[82.64325,17.42503],[82.64325,17.42494],[82.64381,17.42484],[82.64381,17.42511],[82.64362,17.42511],[82.64362,17.4252],[82.64325,17.42521],[82.64325,17.4253],[82.64297,17.4253]]]},"properties":{"feature_id":"tuni-00194","belt":"tuni","district":"","area_ha":0.28,"lon":82.64339,"lat":17.425075,"source":"obia","sensor":"Sentinel-1 RTC (VV), 10 m","season":"2024 kharif","detected":true,"surveyed":false,"likely_block":false}},{"type":"Feature","geometry":{"type":"Polygon","coordinates":[[[82.64698,17.4006],[82.64698,17.40024],[82.64717,17.40023],[82.64717,17.40014],[82.64745,17.40014],[82.64745,17.40023],[82.64764,17.40023],[82.64764,17.4005],[82.64736,17.4005],[82.64736,17.40059],[82.64698,17.4006]]]},"properties":{"feature_id":"tuni-00195","belt":"tuni","district":"","area_ha":0.28,"lon":82.647288,"lat":17.400376,"source":"obia","sensor":"Sentinel-1 RTC (VV), 10 m","season":"2024 kharif","detected":true,"surveyed":false,"likely_block":false}},{"type":"Feature","geometry":{"type":"Polygon","coordinates":[[[82.53232,17.38642],[82.53232,17.38606],[82.53241,17.38606],[82.5325,17.3857],[82.53278,17.38569],[82.53279,17.38606],[82.53269,17.38606],[82.5326,17.38642],[82.53232,17.38642]]]},"properties":{"feature_id":"tuni-00196","belt":"tuni","district":"","area_ha":0.28,"lon":82.532552,"lat":17.386057,"source":"obia","sensor":"Sentinel-1 RTC (VV), 10 m","season":"2024 kharif","detected":true,"surveyed":false,"likely_block":false}},{"type":"Feature","geometry":{"type":"Polygon","coordinates":[[[82.57245,17.28047],[82.57245,17.28029],[82.57236,17.28029],[82.57235,17.2802],[82.57217,17.28011],[82.57216,17.27984],[82.57254,17.27984],[82.57254,17.27993],[82.57263,17.27993],[82.57273,17.28047],[82.57245,17.28047]]]},"properties":{"feature_id":"tuni-00197","belt":"tuni","district":"","area_ha":0.28,"lon":82.572459,"lat":17.280125,"source":"obia","sensor":"Sentinel-1 RTC (VV), 10 m","season":"2024 kharif","detected":true,"surveyed":false,"likely_block":false}},{"type":"Feature","geometry":{"type":"Polygon","coordinates":[[[82.54481,17.2702],[82.54481,17.27011],[82.54443,17.27012],[82.54443,17.26976],[82.5448,17.26975],[82.5448,17.26993],[82.54518,17.26993],[82.54518,17.2702],[82.54481,17.2702]]]},"properties":{"feature_id":"tuni-00198","belt":"tuni","district":"","area_ha":0.28,"lon":82.544777,"lat":17.269992,"source":"obia","sensor":"Sentinel-1 RTC (VV), 10 m","season":"2024 kharif","detected":true,"surveyed":false,"likely_block":false}},{"type":"Feature","geometry":{"type":"Polygon","coordinates":[[[82.51692,17.26481],[82.51692,17.26472],[82.51673,17.26473],[82.51673,17.26445],[82.51682,17.26445],[82.51692,17.26427],[82.5172,17.26427],[82.5172,17.26436],[82.51729,17.26436],[82.5173,17.26463],[82.5172,17.26463],[82.5172,17.26481],[82.51692,17.26481]]]},"properties":{"feature_id":"tuni-00199","belt":"tuni","district":"","area_ha":0.28,"lon":82.517024,"lat":17.264542,"source":"obia","sensor":"Sentinel-1 RTC (VV), 10 m","season":"2024 kharif","detected":true,"surveyed":false,"likely_block":false}},{"type":"Feature","geometry":{"type":"Polygon","coordinates":[[[82.63624,17.32496],[82.63624,17.32487],[82.63586,17.32488],[82.63586,17.3246],[82.63652,17.3246],[82.63652,17.32469],[82.63661,17.32469],[82.63662,17.32496],[82.63624,17.32496]]]},"properties":{"feature_id":"tuni-00200","belt":"tuni","district":"","area_ha":0.27,"lon":82.636253,"lat":17.324767,"source":"obia","sensor":"Sentinel-1 RTC (VV), 10 m","season":"2024 kharif","detected":true,"surveyed":false,"likely_block":false}},{"type":"Feature","geometry":{"type":"Polygon","coordinates":[[[82.63545,17.32117],[82.63545,17.32108],[82.63536,17.32108],[82.63536,17.32099],[82.63517,17.32091],[82.63517,17.32063],[82.63554,17.32063],[82.63554,17.32072],[82.63573,17.32081],[82.63573,17.32117],[82.63545,17.32117]]]},"properties":{"feature_id":"tuni-00201","belt":"tuni","district":"","area_ha":0.27,"lon":82.635466,"lat":17.320888,"source":"obia","sensor":"Sentinel-1 RTC (VV), 10 m","season":"2024 kharif","detected":true,"surveyed":false,"likely_block":false}},{"type":"Feature","geometry":{"type":"Polygon","coordinates":[[[82.63195,17.31876],[82.63195,17.31858],[82.63185,17.31858],[82.63185,17.31822],[82.63213,17.31822],[82.63214,17.3184],[82.63242,17.3184],[82.63242,17.31867],[82.63233,17.31867],[82.63233,17.31876],[82.63195,17.31876]]]},"properties":{"feature_id":"tuni-00202","belt":"tuni","district":"","area_ha":0.27,"lon":82.632114,"lat":17.318509,"source":"obia","sensor":"Sentinel-1 RTC (VV), 10 m","season":"2024 kharif","detected":true,"surveyed":false,"likely_block":false}},{"type":"Feature","geometry":{"type":"Polygon","coordinates":[[[82.60179,17.30193],[82.60179,17.30184],[82.6017,17.30184],[82.6017,17.30157],[82.60179,17.30157],[82.60179,17.30148],[82.60217,17.30147],[82.60217,17.30156],[82.60226,17.30156],[82.60226,17.30192],[82.60179,17.30193]]]},"properties":{"feature_id":"tuni-00203","belt":"tuni","district":"","area_ha":0.27,"lon":82.601989,"lat":17.301707,"source":"obia","sensor":"Sentinel-1 RTC (VV), 10 m","season":"2024 kharif","detected":true,"surveyed":false,"likely_block":false}},{"type":"Feature","geometry":{"type":"Polygon","coordinates":[[[82.54282,17.26886],[82.54282,17.26877],[82.54272,17.26877],[82.54263,17.26859],[82.54244,17.2686],[82.54244,17.26833],[82.54282,17.26832],[82.54282,17.26841],[82.54291,17.26841],[82.54291,17.2685],[82.5431,17.26859],[82.5431,17.26886],[82.54282,17.26886]]]},"properties":{"feature_id":"tuni-00204","belt":"tuni","district":"","area_ha":0.27,"lon":82.542782,"lat":17.26858,"source":"obia","sensor":"Sentinel-1 RTC (VV), 10 m","season":"2024 kharif","detected":true,"surveyed":false,"likely_block":false}},{"type":"Feature","geometry":{"type":"Polygon","coordinates":[[[82.6482,17.25221],[82.6482,17.25212],[82.6481,17.25212],[82.6481,17.25185],[82.64819,17.25185],[82.64829,17.25167],[82.64857,17.25167],[82.64857,17.25185],[82.64866,17.25185],[82.64867,17.25212],[82.64857,17.25212],[82.64857,17.25221],[82.64848,17.25221],[82.64848,17.25212],[82.64829,17.25212],[82.64829,17.25221],[82.6482,17.25221]]]},"properties":{"feature_id":"tuni-00205","belt":"tuni","district":"","area_ha":0.27,"lon":82.648389,"lat":17.251942,"source":"obia","sensor":"Sentinel-1 RTC (VV), 10 m","season":"2024 kharif","detected":true,"surveyed":false,"likely_block":false}},{"type":"Feature","geometry":{"type":"Polygon","coordinates":[[[82.59685,17.38275],[82.59685,17.38248],[82.59694,17.38248],[82.59694,17.3823],[82.59703,17.3823],[82.59703,17.38221],[82.59732,17.38221],[82.59732,17.38275],[82.59685,17.38275]]]},"properties":{"feature_id":"tuni-00206","belt":"tuni","district":"","area_ha":0.26,"lon":82.597108,"lat":17.382503,"source":"obia","sensor":"Sentinel-1 RTC (VV), 10 m","season":"2024 kharif","detected":true,"surveyed":false,"likely_block":false}},{"type":"Feature","geometry":{"type":"Polygon","coordinates":[[[82.61001,17.30575],[82.61001,17.30539],[82.6101,17.30539],[82.6101,17.30529],[82.61038,17.30529],[82.61038,17.30538],[82.61057,17.30538],[82.61058,17.30565],[82.61048,17.30565],[82.61048,17.30574],[82.61001,17.30575]]]},"properties":{"feature_id":"tuni-00207","belt":"tuni","district":"","area_ha":0.26,"lon":82.610277,"lat":17.305533,"source":"obia","sensor":"Sentinel-1 RTC (VV), 10 m","season":"2024 kharif","detected":true,"surveyed":false,"likely_block":false}},{"type":"Feature","geometry":{"type":"Polygon","coordinates":[[[82.52781,17.27341],[82.52781,17.27332],[82.52771,17.27332],[82.52771,17.27287],[82.5278,17.27286],[82.5278,17.27277],[82.52809,17.27277],[82.52809,17.2734],[82.52781,17.27341]]]},"properties":{"feature_id":"tuni-00208","belt":"tuni","district":"","area_ha":0.26,"lon":82.527911,"lat":17.27309,"source":"obia","sensor":"Sentinel-1 RTC (VV), 10 m","season":"2024 kharif","detected":true,"surveyed":false,"likely_block":false}},{"type":"Feature","geometry":{"type":"Polygon","coordinates":[[[82.52694,17.2707],[82.52694,17.27034],[82.52703,17.27034],[82.52703,17.27025],[82.52731,17.27025],[82.52731,17.27034],[82.5275,17.27034],[82.5275,17.27061],[82.52741,17.27061],[82.52741,17.2707],[82.52694,17.2707]]]},"properties":{"feature_id":"tuni-00209","belt":"tuni","district":"","area_ha":0.26,"lon":82.527206,"lat":17.270489,"source":"obia","sensor":"Sentinel-1 RTC (VV), 10 m","season":"2024 kharif","detected":true,"surveyed":false,"likely_block":false}},{"type":"Feature","geometry":{"type":"Polygon","coordinates":[[[82.53077,17.25631],[82.53077,17.25612],[82.53068,17.25613],[82.53067,17.25585],[82.53077,17.25585],[82.53077,17.25576],[82.53114,17.25576],[82.53115,17.25621],[82.53105,17.25621],[82.53105,17.2563],[82.53077,17.25631]]]},"properties":{"feature_id":"tuni-00210","belt":"tuni","district":"","area_ha":0.26,"lon":82.530924,"lat":17.256019,"source":"obia","sensor":"Sentinel-1 RTC (VV), 10 m","season":"2024 kharif","detected":true,"surveyed":false,"likely_block":false}},{"type":"Feature","geometry":{"type":"Polygon","coordinates":[[[82.51152,17.36345],[82.51152,17.36335],[82.51143,17.36336],[82.51142,17.36327],[82.51124,17.36318],[82.51123,17.36291],[82.51152,17.3629],[82.51152,17.36299],[82.5117,17.36299],[82.51171,17.36317],[82.5118,17.36317],[82.5118,17.36344],[82.51152,17.36345]]]},"properties":{"feature_id":"tuni-00211","belt":"tuni","district":"","area_ha":0.25,"lon":82.511523,"lat":17.363168,"source":"obia","sensor":"Sentinel-1 RTC (VV), 10 m","season":"2024 kharif","detected":true,"surveyed":false,"likely_block":false}},{"type":"Feature","geometry":{"type":"Polygon","coordinates":[[[82.63138,17.31823],[82.63138,17.31813],[82.63129,17.31814],[82.63129,17.31805],[82.6311,17.31796],[82.63109,17.31769],[82.63138,17.31768],[82.63147,17.31786],[82.63166,17.31786],[82.63166,17.31822],[82.63138,17.31823]]]},"properties":{"feature_id":"tuni-00212","belt":"tuni","district":"","area_ha":0.25,"lon":82.631387,"lat":17.317951,"source":"obia","sensor":"Sentinel-1 RTC (VV), 10 m","season":"2024 kharif","detected":true,"surveyed":false,"likely_block":false}},{"type":"Feature","geometry":{"type":"Polygon","coordinates":[[[82.61174,17.29859],[82.61173,17.29814],[82.61183,17.29814],[82.61183,17.29805],[82.6122,17.29805],[82.61221,17.29841],[82.61202,17.29841],[82.61202,17.29859],[82.61174,17.29859]]]},"properties":{"feature_id":"tuni-00213","belt":"tuni","district":"","area_ha":0.25,"lon":82.611954,"lat":17.298302,"source":"obia","sensor":"Sentinel-1 RTC (VV), 10 m","season":"2024 kharif","detected":true,"surveyed":false,"likely_block":false}},{"type":"Feature","geometry":{"type":"Polygon","coordinates":[[[82.52705,17.27314],[82.52705,17.27251],[82.52733,17.27251],[82.52733,17.2726],[82.52743,17.2726],[82.52743,17.27296],[82.52733,17.27296],[82.52734,17.27314],[82.52705,17.27314]]]},"properties":{"feature_id":"tuni-00214","belt":"tuni","district":"","area_ha":0.25,"lon":82.527222,"lat":17.272817,"source":"obia","sensor":"Sentinel-1 RTC (VV), 10 m","season":"2024 kharif","detected":true,"surveyed":false,"likely_block":false}},{"type":"Feature","geometry":{"type":"Polygon","coordinates":[[[82.51584,17.25967],[82.51584,17.25958],[82.51575,17.25958],[82.51575,17.25931],[82.51584,17.25931],[82.51584,17.25913],[82.51612,17.25913],[82.51612,17.25922],[82.51622,17.25922],[82.51622,17.25958],[82.51613,17.25958],[82.51613,17.25967],[82.51584,17.25967]]]},"properties":{"feature_id":"tuni-00215","belt":"tuni","district":"","area_ha":0.25,"lon":82.515991,"lat":17.259405,"source":"obia","sensor":"Sentinel-1 RTC (VV), 10 m","season":"2024 kharif","detected":true,"surveyed":false,"likely_block":false}}]}