{"type":"FeatureCollection","name":"aquawatch_ponds_ongole","crs":{"type":"name","properties":{"name":"urn:ogc:def:crs:OGC:1.3:CRS84"}},"metadata":{"produced_by":"AquaWatch, AP AI Living Labs sovereign cluster","method":"object-based detection on multi-pass SAR","min_area_ha":0.25,"belts":{"ongole":{"features":191,"hectares":333.6}},"total_features":191,"total_hectares":333.6,"CAVEAT":"Automatic detections from Sentinel-1 SAR, not a cadastral or surveyed product. Boundaries are raster-derived at 10 m and are approximate. Accuracy is still being measured against hand-checked optical imagery; the previously published F1 ~0.90 is agreement with the OBIA detector, NOT accuracy against the ground. Adjacent ponds that share a bund merge into ONE polygon, so a feature can be a farm block rather than a single pond: the feature count is a lower bound on the number of ponds, and area is the reliable quantity. Do not use as sole evidence for enforcement or for any legal determination of ownership, extent or permitting status."},"features":[{"type":"Feature","geometry":{"type":"Polygon","coordinates":[[[80.03141,15.48849],[80.03141,15.4884],[80.03104,15.4883],[80.03104,15.48821],[80.03094,15.48821],[80.03094,15.48812],[80.03076,15.48803],[80.03076,15.48767],[80.03067,15.48767],[80.03067,15.48695],[80.03058,15.48695],[80.03058,15.4864],[80.03049,15.4864],[80.03049,15.48541],[80.0304,15.48541],[80.0304,15.48505],[80.03031,15.48505],[80.03031,15.48441],[80.03022,15.48441],[80.03022,15.48369],[80.03041,15.48369],[80.03041,15.4836],[80.03087,15.4836],[80.03087,15.48351],[80.03106,15.48351],[80.03106,15.48342],[80.03125,15.48342],[80.03125,15.48333],[80.03153,15.48333],[80.03153,15.48324],[80.03199,15.48324],[80.03199,15.48315],[80.03237,15.48316],[80.03237,15.48307],[80.03265,15.48307],[80.03265,15.48289],[80.03274,15.48289],[80.03283,15.48271],[80.03302,15.48271],[80.03302,15.48253],[80.03311,15.48253],[80.03311,15.48244],[80.0333,15.48235],[80.0333,15.48208],[80.0334,15.48208],[80.0334,15.48199],[80.03349,15.48199],[80.03349,15.4819],[80.03358,15.4819],[80.03358,15.48181],[80.03368,15.48181],[80.03377,15.48163],[80.03396,15.48163],[80.03396,15.48154],[80.03433,15.48154],[80.03433,15.48145],[80.03452,15.48145],[80.03452,15.48136],[80.03461,15.48136],[80.03461,15.48127],[80.0348,15.48127],[80.0348,15.48118],[80.03508,15.48118],[80.03508,15.48109],[80.03564,15.481],[80.03564,15.48091],[80.03582,15.48091],[80.03583,15.48082],[80.0361,15.48082],[80.03611,15.48073],[80.0362,15.48073],[80.0362,15.48064],[80.03639,15.48064],[80.03639,15.48055],[80.03667,15.48055],[80.03667,15.48046],[80.03723,15.48047],[80.03722,15.48065],[80.03732,15.48065],[80.03741,15.48101],[80.0376,15.4811],[80.03769,15.48182],[80.03778,15.48182],[80.03778,15.48191],[80.03787,15.48191],[80.03787,15.4821],[80.03796,15.4821],[80.03796,15.48255],[80.03787,15.48255],[80.03777,15.48273],[80.03759,15.48273],[80.03759,15.48291],[80.0374,15.48291],[80.0374,15.48309],[80.03731,15.48309],[80.03731,15.48318],[80.03721,15.48318],[80.03712,15.48336],[80.03693,15.48336],[80.03693,15.48345],[80.03684,15.48345],[80.03684,15.48363],[80.03665,15.48363],[80.03665,15.48381],[80.03646,15.48381],[80.03646,15.48399],[80.03637,15.48399],[80.03637,15.48408],[80.03628,15.48408],[80.03628,15.48417],[80.03618,15.48417],[80.03618,15.48426],[80.03609,15.48426],[80.03609,15.48435],[80.036,15.48435],[80.03599,15.48444],[80.0359,15.48444],[80.0359,15.48453],[80.03581,15.48453],[80.03571,15.48471],[80.03553,15.48471],[80.03553,15.48489],[80.03543,15.48489],[80.03543,15.48498],[80.03525,15.48498],[80.03525,15.48507],[80.03515,15.48507],[80.03515,15.48525],[80.03506,15.48525],[80.03506,15.48534],[80.03497,15.48534],[80.03496,15.48543],[80.03487,15.48543],[80.03487,15.48552],[80.03478,15.48552],[80.03468,15.4857],[80.0345,15.4857],[80.0345,15.48588],[80.0344,15.48588],[80.0344,15.48597],[80.03431,15.48597],[80.03431,15.48606],[80.03422,15.48606],[80.03412,15.48624],[80.03394,15.48624],[80.03393,15.48642],[80.03384,15.48642],[80.03384,15.48651],[80.03365,15.48651],[80.03365,15.48669],[80.03356,15.48669],[80.03347,15.48687],[80.03328,15.48687],[80.03328,15.48705],[80.03319,15.48705],[80.03319,15.48714],[80.03309,15.48714],[80.033,15.48732],[80.03281,15.48732],[80.03281,15.4875],[80.03272,15.4875],[80.03272,15.48759],[80.03262,15.48759],[80.03262,15.48768],[80.03253,15.48768],[80.03253,15.48777],[80.03244,15.48777],[80.03244,15.48786],[80.03234,15.48786],[80.03234,15.48795],[80.03225,15.48795],[80.03225,15.48804],[80.03216,15.48804],[80.03216,15.48813],[80.03206,15.48813],[80.03206,15.48822],[80.03197,15.48822],[80.03197,15.48831],[80.03188,15.48831],[80.03178,15.48849],[80.03141,15.48849]]]},"properties":{"feature_id":"ongole-00000","belt":"ongole","district":"","area_ha":35.92,"lon":80.033732,"lat":15.484197,"source":"obia","sensor":"Sentinel-1 RTC (VV), 10 m","season":"2024 kharif","detected":true,"surveyed":false,"likely_block":true}},{"type":"Feature","geometry":{"type":"Polygon","coordinates":[[[80.02772,15.49941],[80.02772,15.49932],[80.02763,15.49932],[80.02763,15.49914],[80.02754,15.49914],[80.02754,15.49877],[80.02735,15.49868],[80.02735,15.49823],[80.02726,15.49823],[80.02726,15.49805],[80.02717,15.49805],[80.02717,15.49778],[80.02708,15.49778],[80.02708,15.49751],[80.02698,15.49751],[80.02699,15.49732],[80.02689,15.49732],[80.02689,15.49696],[80.0268,15.49696],[80.0268,15.49669],[80.0269,15.49669],[80.0269,15.49651],[80.0268,15.49651],[80.02681,15.49561],[80.0269,15.49561],[80.0269,15.49552],[80.02699,15.49552],[80.02699,15.49543],[80.02709,15.49543],[80.02718,15.49525],[80.02737,15.49525],[80.02737,15.49516],[80.02746,15.49516],[80.02756,15.49498],[80.02774,15.49498],[80.02774,15.49489],[80.02784,15.49489],[80.02793,15.49471],[80.02812,15.49471],[80.02812,15.49462],[80.02821,15.49462],[80.02821,15.49453],[80.0284,15.49453],[80.0284,15.49444],[80.02849,15.49444],[80.02858,15.49426],[80.02877,15.49426],[80.02877,15.49408],[80.02905,15.49408],[80.02905,15.49399],[80.02961,15.4939],[80.02961,15.49381],[80.0298,15.49381],[80.0298,15.49372],[80.02999,15.49372],[80.02999,15.49363],[80.03036,15.49363],[80.03036,15.49354],[80.03055,15.49354],[80.03064,15.49336],[80.03101,15.49337],[80.03101,15.49327],[80.03148,15.49328],[80.03148,15.49346],[80.03157,15.49346],[80.03157,15.49364],[80.03166,15.49364],[80.03166,15.494],[80.03176,15.494],[80.03176,15.49409],[80.03203,15.49409],[80.03213,15.49445],[80.03231,15.49455],[80.03231,15.49473],[80.0325,15.49482],[80.0325,15.495],[80.03259,15.495],[80.03259,15.49518],[80.03268,15.49518],[80.03268,15.49536],[80.03277,15.49536],[80.03277,15.49554],[80.03287,15.49554],[80.03296,15.49609],[80.03314,15.49618],[80.03314,15.49645],[80.03333,15.49654],[80.03342,15.49726],[80.03277,15.49726],[80.03277,15.49744],[80.03267,15.49744],[80.03267,15.49753],[80.03248,15.49753],[80.03248,15.49762],[80.0323,15.49762],[80.0323,15.49771],[80.03211,15.49771],[80.03211,15.4978],[80.03146,15.4978],[80.03136,15.49798],[80.0309,15.49797],[80.0309,15.49807],[80.03071,15.49806],[80.03071,15.49815],[80.03052,15.49815],[80.03052,15.49824],[80.03015,15.49824],[80.03015,15.49833],[80.02987,15.49833],[80.02978,15.49851],[80.02959,15.49851],[80.02959,15.4986],[80.0295,15.4986],[80.0295,15.49869],[80.02931,15.49869],[80.02922,15.49887],[80.02903,15.49887],[80.02903,15.49896],[80.02875,15.49896],[80.02866,15.49914],[80.02838,15.49914],[80.02838,15.49923],[80.02819,15.49923],[80.02819,15.49932],[80.028,15.49932],[80.028,15.49941],[80.02772,15.49941]]]},"properties":{"feature_id":"ongole-00001","belt":"ongole","district":"","area_ha":30.0,"lon":80.029865,"lat":15.496287,"source":"obia","sensor":"Sentinel-1 RTC (VV), 10 m","season":"2024 kharif","detected":true,"surveyed":false,"likely_block":true}},{"type":"Feature","geometry":{"type":"Polygon","coordinates":[[[80.14655,15.46211],[80.14655,15.46202],[80.14637,15.46202],[80.14637,15.46175],[80.14627,15.46175],[80.14627,15.46157],[80.14618,15.46157],[80.14618,15.46139],[80.14609,15.46139],[80.14609,15.46102],[80.14637,15.46103],[80.14637,15.46093],[80.14656,15.46094],[80.14656,15.46085],[80.14665,15.46085],[80.14665,15.46066],[80.14637,15.46066],[80.14637,15.46084],[80.14628,15.46084],[80.14628,15.46093],[80.146,15.46093],[80.146,15.46084],[80.14581,15.46075],[80.14581,15.46057],[80.14572,15.46057],[80.14572,15.46021],[80.14553,15.46021],[80.14554,15.46003],[80.14544,15.46003],[80.14544,15.45949],[80.14535,15.45948],[80.14535,15.45939],[80.14516,15.45939],[80.14507,15.45885],[80.14489,15.45885],[80.14489,15.45831],[80.1447,15.45831],[80.1447,15.45822],[80.14461,15.45822],[80.14461,15.45795],[80.14452,15.45794],[80.14452,15.45776],[80.14433,15.45776],[80.14433,15.45758],[80.14424,15.45758],[80.14424,15.45722],[80.14471,15.45722],[80.14471,15.45704],[80.1448,15.45704],[80.1448,15.45695],[80.14499,15.45695],[80.14499,15.45668],[80.14564,15.45668],[80.14564,15.45677],[80.14573,15.45677],[80.14574,15.45668],[80.14592,15.45668],[80.14592,15.45659],[80.14602,15.45659],[80.14602,15.45632],[80.14564,15.45632],[80.14564,15.45623],[80.14555,15.45623],[80.14555,15.45632],[80.14518,15.45632],[80.14518,15.45623],[80.1449,15.45623],[80.1449,15.4556],[80.14481,15.4556],[80.14481,15.4555],[80.14471,15.4555],[80.14471,15.4556],[80.14416,15.45559],[80.14416,15.45496],[80.14425,15.45496],[80.14425,15.45469],[80.14435,15.45469],[80.14435,15.4546],[80.14444,15.4546],[80.14444,15.45451],[80.14453,15.45451],[80.14463,15.45433],[80.14491,15.45433],[80.14491,15.45424],[80.14509,15.45424],[80.14519,15.45406],[80.14537,15.45406],[80.14537,15.45397],[80.14565,15.45397],[80.14565,15.45379],[80.14603,15.45379],[80.14603,15.45361],[80.14631,15.45361],[80.1464,15.45379],[80.14659,15.45379],[80.14668,15.45361],[80.14696,15.45361],[80.14696,15.4538],[80.14705,15.4538],[80.14705,15.45425],[80.14658,15.45425],[80.14658,15.45434],[80.1463,15.45434],[80.1463,15.45443],[80.14612,15.45443],[80.14612,15.45461],[80.14621,15.45461],[80.14621,15.4547],[80.1464,15.4547],[80.1464,15.45488],[80.14658,15.45497],[80.14667,15.45533],[80.14686,15.45533],[80.14686,15.45542],[80.14733,15.45542],[80.14732,15.45561],[80.14751,15.45561],[80.14751,15.4557],[80.1476,15.4557],[80.1476,15.45561],[80.14779,15.45561],[80.14779,15.45552],[80.14807,15.45552],[80.14807,15.45561],[80.14826,15.45561],[80.14826,15.45543],[80.14863,15.45543],[80.14863,15.45588],[80.14853,15.45588],[80.14853,15.45597],[80.14835,15.45597],[80.14835,15.45606],[80.14863,15.45606],[80.14863,15.45615],[80.14881,15.45615],[80.14881,15.4567],[80.14862,15.45669],[80.14862,15.45679],[80.14853,15.45678],[80.14853,15.45688],[80.14834,15.45687],[80.14834,15.45696],[80.14806,15.45696],[80.14806,15.45724],[80.14797,15.45723],[80.14797,15.45733],[80.14806,15.45733],[80.14806,15.45805],[80.14769,15.45805],[80.1475,15.45841],[80.14722,15.45841],[80.14722,15.4585],[80.14703,15.4585],[80.14703,15.45859],[80.14694,15.45859],[80.14694,15.45868],[80.14675,15.45877],[80.14675,15.45886],[80.14694,15.45886],[80.14694,15.45913],[80.14712,15.45913],[80.14712,15.4594],[80.14703,15.4594],[80.14703,15.45949],[80.14722,15.45949],[80.14722,15.45931],[80.14731,15.45931],[80.14731,15.45922],[80.14722,15.45922],[80.14722,15.45895],[80.14712,15.45895],[80.14713,15.45868],[80.14722,15.45868],[80.14722,15.45859],[80.14759,15.45859],[80.14769,15.45841],[80.14797,15.45841],[80.14797,15.45832],[80.14806,15.45832],[80.14815,15.45814],[80.14843,15.45814],[80.14843,15.45832],[80.14852,15.45832],[80.14852,15.4585],[80.14862,15.4585],[80.14862,15.45877],[80.1488,15.45877],[80.1488,15.45932],[80.14871,15.45932],[80.14861,15.4595],[80.14824,15.45959],[80.14815,15.45977],[80.14796,15.45977],[80.14796,15.45986],[80.14759,15.45995],[80.14759,15.46004],[80.14749,15.46004],[80.14749,15.46022],[80.14768,15.46031],[80.14768,15.46049],[80.14786,15.46049],[80.14786,15.46058],[80.14796,15.46058],[80.14796,15.46049],[80.14814,15.46049],[80.14814,15.4604],[80.14833,15.4604],[80.14833,15.46031],[80.14861,15.46031],[80.14861,15.46022],[80.1487,15.46022],[80.1487,15.46013],[80.14889,15.46013],[80.14889,15.46004],[80.14945,15.45995],[80.14945,15.46031],[80.14936,15.46031],[80.14935,15.46049],[80.14926,15.46049],[80.14926,15.46113],[80.14954,15.46113],[80.14963,15.46095],[80.14991,15.46095],[80.14991,15.46086],[80.15019,15.46086],[80.15019,15.46077],[80.15038,15.46077],[80.15038,15.46068],[80.15066,15.46068],[80.15066,15.46095],[80.15047,15.46095],[80.15047,15.46104],[80.15066,15.46104],[80.15066,15.4614],[80.15028,15.4614],[80.15028,15.46194],[80.14991,15.46194],[80.14981,15.46212],[80.14935,15.46212],[80.14935,15.46185],[80.14916,15.46176],[80.14917,15.46113],[80.14861,15.46112],[80.14851,15.46094],[80.14842,15.46094],[80.14842,15.46112],[80.14833,15.46112],[80.14833,15.46121],[80.14823,15.46121],[80.14823,15.4613],[80.14805,15.46139],[80.14804,15.46176],[80.14777,15.46175],[80.14776,15.46184],[80.14739,15.46184],[80.14739,15.46157],[80.14758,15.46157],[80.14758,15.46148],[80.14739,15.46139],[80.14739,15.46148],[80.14711,15.46148],[80.14711,15.46193],[80.14683,15.46193],[80.14683,15.46211],[80.14655,15.46211]],[[80.14982,15.46167],[80.14991,15.46167],[80.14991,15.46158],[80.14982,15.46158],[80.14982,15.46167]],[[80.14972,15.46158],[80.14982,15.46158],[80.14982,15.46131],[80.14963,15.4614],[80.14972,15.46158]],[[80.14889,15.46076],[80.14898,15.46076],[80.14898,15.46067],[80.14889,15.46067],[80.14889,15.46076]],[[80.14665,15.46066],[80.14684,15.46067],[80.14684,15.46039],[80.14665,15.46039],[80.14665,15.46066]],[[80.14684,15.4603],[80.14703,15.4603],[80.14703,15.46021],[80.14684,15.46012],[80.14684,15.4603]],[[80.146,15.46003],[80.14609,15.46003],[80.14609,15.45994],[80.146,15.45994],[80.146,15.46003]],[[80.14665,15.46003],[80.14675,15.46003],[80.14675,15.45976],[80.14665,15.45976],[80.14665,15.46003]],[[80.146,15.45922],[80.1461,15.45922],[80.1461,15.45913],[80.14628,15.45913],[80.14629,15.45895],[80.14619,15.45895],[80.14619,15.45904],[80.14601,15.45904],[80.146,15.45922]],[[80.14778,15.45895],[80.14787,15.45895],[80.14787,15.45886],[80.14778,15.45886],[80.14778,15.45895]],[[80.14815,15.45886],[80.14824,15.45886],[80.14824,15.45877],[80.14815,15.45877],[80.14815,15.45886]],[[80.14573,15.45867],[80.14582,15.45867],[80.14582,15.4584],[80.14601,15.4584],[80.14601,15.45831],[80.1461,15.45831],[80.1461,15.45759],[80.14601,15.45759],[80.14601,15.45732],[80.14564,15.45732],[80.14564,15.45714],[80.14555,15.45714],[80.14545,15.45732],[80.14555,15.45732],[80.14555,15.45759],[80.14582,15.45759],[80.14582,15.45795],[80.14573,15.45795],[80.14573,15.45804],[80.14545,15.45804],[80.14536,15.45822],[80.14545,15.45822],[80.14545,15.45849],[80.14554,15.45849],[80.14554,15.45858],[80.14573,15.45858],[80.14573,15.45867]],[[80.14704,15.45786],[80.14713,15.45786],[80.14713,15.45777],[80.14704,15.45777],[80.14704,15.45786]],[[80.14526,15.45777],[80.14536,15.45777],[80.14536,15.45768],[80.14527,15.45768],[80.14526,15.45777]],[[80.14471,15.4574],[80.1448,15.4574],[80.1448,15.45731],[80.14471,15.45731],[80.14471,15.4574]],[[80.14657,15.45732],[80.14676,15.45732],[80.14676,15.45696],[80.14667,15.45696],[80.14657,15.45678],[80.14639,15.45678],[80.14639,15.45714],[80.14648,15.45714],[80.14657,15.45732]],[[80.14722,15.45723],[80.14741,15.45723],[80.14741,15.45714],[80.14732,15.45714],[80.14732,15.45696],[80.14713,15.45705],[80.14722,15.45723]],[[80.14769,15.45696],[80.14806,15.45696],[80.14807,15.45642],[80.14788,15.45642],[80.14788,15.45651],[80.1476,15.45651],[80.1476,15.45642],[80.14741,15.45633],[80.14723,15.45669],[80.14751,15.45669],[80.14751,15.45687],[80.14769,15.45687],[80.14769,15.45696]],[[80.14629,15.45678],[80.14639,15.45678],[80.14639,15.45651],[80.1463,15.45651],[80.14629,15.45678]],[[80.14807,15.45633],[80.14816,15.45633],[80.14816,15.45624],[80.14825,15.45624],[80.14835,15.45606],[80.14807,15.45606],[80.14807,15.45633]],[[80.14639,15.45596],[80.14648,15.45596],[80.14648,15.45578],[80.14658,15.45578],[80.14658,15.45551],[80.14639,15.4556],[80.14639,15.45596]],[[80.14453,15.45505],[80.14462,15.45505],[80.14462,15.45496],[80.14453,15.45496],[80.14453,15.45505]],[[80.14603,15.45415],[80.14612,15.45415],[80.14612,15.45406],[80.14603,15.45406],[80.14603,15.45415]]]},"properties":{"feature_id":"ongole-00002","belt":"ongole","district":"","area_ha":27.66,"lon":80.146835,"lat":15.458079,"source":"obia","sensor":"Sentinel-1 RTC (VV), 10 m","season":"2024 kharif","detected":true,"surveyed":false,"likely_block":true}},{"type":"Feature","geometry":{"type":"Polygon","coordinates":[[[80.03729,15.42614],[80.03729,15.42596],[80.0372,15.42596],[80.0372,15.4255],[80.03729,15.4255],[80.03729,15.42523],[80.03739,15.42523],[80.03739,15.42487],[80.0373,15.42487],[80.0373,15.42469],[80.03683,15.42469],[80.03683,15.4246],[80.03664,15.4246],[80.03665,15.42442],[80.03655,15.42442],[80.03655,15.42387],[80.03646,15.42387],[80.03646,15.4236],[80.03618,15.4236],[80.03618,15.42342],[80.03609,15.42342],[80.03609,15.42315],[80.03637,15.42315],[80.03647,15.42297],[80.03684,15.42288],[80.03684,15.42279],[80.03693,15.42279],[80.03693,15.42261],[80.03721,15.42261],[80.03721,15.42252],[80.03712,15.42252],[80.03712,15.42225],[80.03721,15.42225],[80.03722,15.42207],[80.03712,15.42207],[80.03712,15.4218],[80.03684,15.4218],[80.03684,15.42171],[80.03666,15.42161],[80.03666,15.42098],[80.03741,15.42108],[80.03741,15.42098],[80.03759,15.4209],[80.03759,15.42062],[80.0375,15.42062],[80.0375,15.42044],[80.03741,15.42044],[80.03741,15.42017],[80.03732,15.42017],[80.03732,15.41981],[80.03769,15.41981],[80.03769,15.41999],[80.03778,15.41999],[80.03778,15.42008],[80.03788,15.42008],[80.03788,15.42026],[80.03797,15.42026],[80.03797,15.42035],[80.03806,15.42035],[80.03806,15.42045],[80.03825,15.42054],[80.03825,15.42072],[80.03834,15.42072],[80.03834,15.42081],[80.03853,15.4209],[80.03852,15.42108],[80.03862,15.42108],[80.03862,15.42117],[80.0388,15.42117],[80.0388,15.42244],[80.03861,15.42244],[80.03861,15.42289],[80.0387,15.42289],[80.0387,15.4237],[80.03861,15.4237],[80.03861,15.42379],[80.0387,15.42379],[80.0387,15.42415],[80.03879,15.42415],[80.03879,15.42443],[80.03888,15.42443],[80.03897,15.42479],[80.03916,15.42488],[80.03916,15.42515],[80.03906,15.42515],[80.03906,15.42524],[80.03888,15.42524],[80.03888,15.42533],[80.03878,15.42533],[80.03869,15.42551],[80.03841,15.42551],[80.03841,15.4256],[80.03832,15.4256],[80.03832,15.42578],[80.03822,15.42578],[80.03822,15.42587],[80.03804,15.42587],[80.03794,15.42605],[80.03757,15.42605],[80.03757,15.42614],[80.03729,15.42614]]]},"properties":{"feature_id":"ongole-00003","belt":"ongole","district":"","area_ha":12.11,"lon":80.037765,"lat":15.423191,"source":"obia","sensor":"Sentinel-1 RTC (VV), 10 m","season":"2024 kharif","detected":true,"surveyed":false,"likely_block":true}},{"type":"Feature","geometry":{"type":"Polygon","coordinates":[[[80.15042,15.45037],[80.15042,15.4501],[80.15033,15.4501],[80.15033,15.44992],[80.15014,15.44983],[80.15014,15.44965],[80.15005,15.44965],[80.15005,15.44956],[80.14977,15.44956],[80.14977,15.44947],[80.14968,15.44947],[80.14968,15.44929],[80.14959,15.44929],[80.14959,15.4491],[80.14949,15.4491],[80.1495,15.44892],[80.1494,15.44892],[80.1494,15.44856],[80.14931,15.44856],[80.14931,15.44838],[80.14913,15.44829],[80.14922,15.44775],[80.14894,15.44775],[80.14894,15.44757],[80.14876,15.44747],[80.14876,15.4472],[80.14904,15.4472],[80.14904,15.44711],[80.14913,15.44711],[80.14922,15.44693],[80.14904,15.44693],[80.14904,15.44702],[80.14885,15.44702],[80.14885,15.44711],[80.14857,15.44711],[80.14857,15.44702],[80.14848,15.44702],[80.14848,15.44657],[80.14839,15.44657],[80.14839,15.4463],[80.14829,15.4463],[80.1483,15.44566],[80.14858,15.44567],[80.14867,15.44549],[80.14895,15.44549],[80.14904,15.44531],[80.14942,15.44531],[80.14942,15.44522],[80.1496,15.44513],[80.1496,15.44495],[80.14979,15.44495],[80.14979,15.44486],[80.14988,15.44486],[80.14989,15.44477],[80.14998,15.44477],[80.15007,15.44459],[80.15045,15.44459],[80.15044,15.44468],[80.15054,15.44468],[80.15054,15.44486],[80.15072,15.44486],[80.1507,15.45037],[80.15042,15.45037]]]},"properties":{"feature_id":"ongole-00004","belt":"ongole","district":"","area_ha":10.18,"lon":80.14982,"lat":15.447098,"source":"obia","sensor":"Sentinel-1 RTC (VV), 10 m","season":"2024 kharif","detected":true,"surveyed":false,"likely_block":true}},{"type":"Feature","geometry":{"type":"Polygon","coordinates":[[[80.07997,15.4896],[80.07997,15.48942],[80.07988,15.48942],[80.07988,15.48914],[80.07969,15.48905],[80.0797,15.48869],[80.0796,15.48869],[80.0796,15.48842],[80.07951,15.48842],[80.07951,15.48833],[80.07933,15.48824],[80.07933,15.48806],[80.07923,15.48806],[80.07923,15.48779],[80.07905,15.48769],[80.07905,15.48742],[80.07896,15.48742],[80.07896,15.48715],[80.07886,15.48715],[80.07887,15.48679],[80.07877,15.48679],[80.07877,15.48652],[80.07868,15.48652],[80.07868,15.48634],[80.07859,15.48634],[80.07859,15.48616],[80.0785,15.48616],[80.0785,15.4857],[80.07906,15.4858],[80.07906,15.48589],[80.07924,15.48589],[80.07924,15.48607],[80.07952,15.48607],[80.07961,15.48625],[80.07989,15.48625],[80.07989,15.48634],[80.08027,15.48634],[80.08026,15.48652],[80.08036,15.48652],[80.08036,15.48671],[80.08045,15.48671],[80.08054,15.48779],[80.08063,15.48779],[80.08063,15.48788],[80.08072,15.48788],[80.08072,15.48797],[80.08091,15.48806],[80.08091,15.48843],[80.08119,15.48843],[80.08119,15.48861],[80.08137,15.48861],[80.08137,15.48933],[80.0809,15.48933],[80.0809,15.48942],[80.08062,15.48942],[80.08062,15.48951],[80.08034,15.48951],[80.08034,15.4896],[80.07997,15.4896]]]},"properties":{"feature_id":"ongole-00005","belt":"ongole","district":"","area_ha":6.37,"lon":80.079933,"lat":15.487725,"source":"obia","sensor":"Sentinel-1 RTC (VV), 10 m","season":"2024 kharif","detected":true,"surveyed":false,"likely_block":true}},{"type":"Feature","geometry":{"type":"Polygon","coordinates":[[[80.12937,15.55922],[80.12937,15.55895],[80.12965,15.55895],[80.12965,15.55886],[80.12983,15.55886],[80.12984,15.55877],[80.13012,15.55877],[80.13012,15.55868],[80.13161,15.55869],[80.13161,15.5586],[80.13179,15.5586],[80.13179,15.55851],[80.13207,15.55851],[80.13207,15.55842],[80.1331,15.55842],[80.1331,15.55833],[80.13329,15.55833],[80.13329,15.55824],[80.13366,15.55825],[80.13366,15.55816],[80.13394,15.55816],[80.13394,15.55807],[80.13459,15.55807],[80.13459,15.55798],[80.13478,15.55798],[80.13478,15.55789],[80.13525,15.55789],[80.13525,15.5578],[80.13571,15.5578],[80.13571,15.55771],[80.13665,15.55762],[80.13674,15.55744],[80.13693,15.55744],[80.13693,15.55735],[80.13721,15.55736],[80.13721,15.55727],[80.13749,15.55727],[80.13758,15.55745],[80.13786,15.55745],[80.13786,15.55736],[80.13795,15.55736],[80.13805,15.55718],[80.13833,15.55718],[80.13833,15.55709],[80.13851,15.55709],[80.13852,15.557],[80.13861,15.557],[80.13861,15.55691],[80.1387,15.55691],[80.1387,15.55682],[80.13889,15.55673],[80.13889,15.55655],[80.13898,15.55655],[80.13898,15.55646],[80.13926,15.55646],[80.13926,15.55682],[80.13908,15.55691],[80.13907,15.55709],[80.13898,15.55709],[80.13889,15.55727],[80.1387,15.55727],[80.1387,15.55736],[80.13861,15.55736],[80.13851,15.55754],[80.13833,15.55754],[80.13823,15.55772],[80.13805,15.55772],[80.13795,15.5579],[80.13758,15.5579],[80.13758,15.55799],[80.13739,15.55799],[80.13739,15.55808],[80.13702,15.55808],[80.13702,15.55817],[80.13627,15.55808],[80.13627,15.55817],[80.13618,15.55817],[80.13618,15.55835],[80.13571,15.55834],[80.13571,15.55843],[80.13506,15.55843],[80.13506,15.55852],[80.13497,15.55852],[80.13496,15.55861],[80.13478,15.55861],[80.13478,15.5587],[80.13468,15.5587],[80.13459,15.55888],[80.13375,15.55888],[80.13375,15.55879],[80.13319,15.55879],[80.1331,15.55897],[80.13263,15.55896],[80.13263,15.55887],[80.13226,15.55887],[80.13226,15.55896],[80.13058,15.55896],[80.13058,15.55905],[80.13021,15.55905],[80.13021,15.55914],[80.13002,15.55914],[80.13002,15.55923],[80.12937,15.55922]]]},"properties":{"feature_id":"ongole-00006","belt":"ongole","district":"","area_ha":6.18,"lon":80.134752,"lat":15.558188,"source":"obia","sensor":"Sentinel-1 RTC (VV), 10 m","season":"2024 kharif","detected":true,"surveyed":false,"likely_block":true}},{"type":"Feature","geometry":{"type":"Polygon","coordinates":[[[80.14277,15.58703],[80.14268,15.58685],[80.14212,15.58694],[80.14212,15.58621],[80.14222,15.58621],[80.14222,15.58486],[80.14232,15.58486],[80.14232,15.58477],[80.1425,15.58468],[80.1425,15.58441],[80.14241,15.58441],[80.14232,15.58422],[80.14213,15.58422],[80.14213,15.58386],[80.14223,15.58386],[80.14223,15.5835],[80.14232,15.5835],[80.14232,15.58323],[80.1427,15.58323],[80.14269,15.58359],[80.14279,15.58359],[80.14279,15.58368],[80.14297,15.58368],[80.14297,15.58377],[80.14335,15.58378],[80.14344,15.58396],[80.14363,15.58396],[80.14362,15.5845],[80.14372,15.5845],[80.14372,15.58459],[80.14381,15.58459],[80.14381,15.58468],[80.144,15.58477],[80.14399,15.58522],[80.14409,15.58523],[80.14408,15.58577],[80.1439,15.58586],[80.1439,15.58631],[80.14362,15.58631],[80.14352,15.58649],[80.14324,15.58649],[80.14324,15.58658],[80.14306,15.58667],[80.14305,15.58703],[80.14277,15.58703]]]},"properties":{"feature_id":"ongole-00007","belt":"ongole","district":"","area_ha":5.95,"lon":80.142988,"lat":15.585248,"source":"obia","sensor":"Sentinel-1 RTC (VV), 10 m","season":"2024 kharif","detected":true,"surveyed":false,"likely_block":true}},{"type":"Feature","geometry":{"type":"Polygon","coordinates":[[[80.11444,15.604],[80.11444,15.60391],[80.11426,15.60382],[80.11426,15.60355],[80.11416,15.60355],[80.11407,15.60319],[80.11398,15.60319],[80.11398,15.60291],[80.11379,15.60282],[80.11379,15.60246],[80.1137,15.60246],[80.1137,15.60219],[80.1138,15.60219],[80.1138,15.6021],[80.11389,15.6021],[80.11389,15.60201],[80.11398,15.60201],[80.11408,15.60183],[80.11426,15.60183],[80.11426,15.60165],[80.11436,15.60165],[80.11445,15.60147],[80.11473,15.60147],[80.11483,15.60129],[80.11511,15.60129],[80.11511,15.6012],[80.11548,15.6012],[80.11548,15.60129],[80.11566,15.60138],[80.11566,15.60166],[80.11576,15.60166],[80.11576,15.60184],[80.11585,15.60184],[80.11585,15.60211],[80.11603,15.6022],[80.11603,15.60256],[80.11613,15.60256],[80.11613,15.60274],[80.11622,15.60274],[80.11622,15.60319],[80.11612,15.60319],[80.11603,15.60337],[80.11566,15.60346],[80.11566,15.60355],[80.11556,15.60355],[80.11547,15.60373],[80.11519,15.60373],[80.11519,15.60382],[80.115,15.60382],[80.115,15.60391],[80.11481,15.60391],[80.11481,15.604],[80.11444,15.604]]]},"properties":{"feature_id":"ongole-00008","belt":"ongole","district":"","area_ha":5.61,"lon":80.114973,"lat":15.602611,"source":"obia","sensor":"Sentinel-1 RTC (VV), 10 m","season":"2024 kharif","detected":true,"surveyed":false,"likely_block":true}},{"type":"Feature","geometry":{"type":"Polygon","coordinates":[[[79.95294,15.57717],[79.95294,15.57708],[79.95284,15.57708],[79.95284,15.57681],[79.95294,15.57681],[79.95294,15.57653],[79.95285,15.57653],[79.95285,15.57635],[79.95275,15.57635],[79.95275,15.5768],[79.95238,15.5768],[79.95238,15.57617],[79.95229,15.57617],[79.95229,15.57608],[79.9522,15.57608],[79.95219,15.57653],[79.9521,15.57653],[79.95201,15.57671],[79.95173,15.57671],[79.95173,15.5768],[79.95117,15.5768],[79.95117,15.57671],[79.95107,15.57671],[79.95108,15.57625],[79.95089,15.57625],[79.95089,15.57634],[79.95061,15.57634],[79.95061,15.57625],[79.95052,15.57625],[79.95052,15.57589],[79.95061,15.57589],[79.95061,15.57571],[79.95052,15.57571],[79.95052,15.57544],[79.95033,15.57535],[79.95034,15.57508],[79.9508,15.57508],[79.9508,15.57499],[79.95108,15.57499],[79.95108,15.57445],[79.95118,15.57445],[79.95118,15.57436],[79.95155,15.57436],[79.95155,15.57445],[79.95174,15.57445],[79.95174,15.57463],[79.95183,15.57463],[79.95183,15.57472],[79.9522,15.57481],[79.9522,15.5749],[79.95229,15.5749],[79.95229,15.57499],[79.95248,15.57509],[79.95257,15.57545],[79.95276,15.57545],[79.95276,15.57554],[79.95285,15.57554],[79.95285,15.57572],[79.95294,15.57572],[79.95294,15.57599],[79.95285,15.57599],[79.95285,15.57608],[79.95322,15.57608],[79.95322,15.57617],[79.95341,15.57627],[79.9534,15.57708],[79.95331,15.57708],[79.95331,15.57717],[79.95294,15.57717]],[[79.95173,15.57644],[79.95182,15.57644],[79.95182,15.57635],[79.95173,15.57635],[79.95173,15.57644]],[[79.9521,15.57608],[79.9522,15.57608],[79.9522,15.57599],[79.9521,15.57599],[79.9521,15.57608]],[[79.95201,15.57572],[79.95229,15.57572],[79.95229,15.57554],[79.9522,15.57554],[79.9522,15.57545],[79.95201,15.57545],[79.95201,15.57554],[79.95192,15.57554],[79.95201,15.57572]]]},"properties":{"feature_id":"ongole-00009","belt":"ongole","district":"","area_ha":5.37,"lon":79.951818,"lat":15.575801,"source":"obia","sensor":"Sentinel-1 RTC (VV), 10 m","season":"2024 kharif","detected":true,"surveyed":false,"likely_block":true}},{"type":"Feature","geometry":{"type":"Polygon","coordinates":[[[80.14938,15.4539],[80.14938,15.4538],[80.14929,15.4538],[80.14929,15.45353],[80.1492,15.45353],[80.1492,15.45326],[80.14929,15.45326],[80.14929,15.45317],[80.14948,15.45317],[80.14957,15.45299],[80.14911,15.45299],[80.14911,15.45281],[80.14901,15.45281],[80.14901,15.45272],[80.14892,15.45272],[80.14892,15.45263],[80.14873,15.45254],[80.14874,15.45236],[80.14864,15.45236],[80.14864,15.45217],[80.14855,15.45217],[80.14855,15.45199],[80.14846,15.45199],[80.14846,15.45163],[80.14865,15.45163],[80.14865,15.45154],[80.14874,15.45154],[80.14883,15.45136],[80.14911,15.45136],[80.14921,15.45118],[80.14939,15.45118],[80.14939,15.45109],[80.14958,15.45109],[80.14958,15.451],[80.14977,15.451],[80.14977,15.45091],[80.15014,15.45092],[80.15014,15.45101],[80.15023,15.45101],[80.15023,15.45119],[80.15042,15.45128],[80.15042,15.45155],[80.15051,15.45155],[80.15051,15.45173],[80.1507,15.45182],[80.15069,15.45336],[80.15041,15.45336],[80.15041,15.45363],[80.15004,15.45363],[80.14994,15.45381],[80.14938,15.4539]],[[80.15013,15.45327],[80.15022,15.45327],[80.15022,15.45318],[80.15013,15.45318],[80.15013,15.45327]],[[80.15004,15.4529],[80.15013,15.4529],[80.15013,15.45281],[80.15004,15.45281],[80.15004,15.4529]]]},"properties":{"feature_id":"ongole-00010","belt":"ongole","district":"","area_ha":5.27,"lon":80.149726,"lat":15.452332,"source":"obia","sensor":"Sentinel-1 RTC (VV), 10 m","season":"2024 kharif","detected":true,"surveyed":false,"likely_block":true}},{"type":"Feature","geometry":{"type":"Polygon","coordinates":[[[80.08194,15.48662],[80.08194,15.48635],[80.08185,15.48635],[80.08185,15.48617],[80.08166,15.48617],[80.08167,15.48608],[80.08157,15.48608],[80.08157,15.48563],[80.08167,15.48563],[80.08167,15.48545],[80.08176,15.48545],[80.08176,15.48527],[80.08167,15.48526],[80.08167,15.48499],[80.08204,15.485],[80.08204,15.48509],[80.08223,15.48509],[80.08223,15.485],[80.08232,15.485],[80.08223,15.48463],[80.08204,15.48463],[80.08204,15.48454],[80.08195,15.48454],[80.08195,15.48436],[80.08177,15.48436],[80.08177,15.48409],[80.08186,15.48409],[80.08186,15.48355],[80.08205,15.48346],[80.08205,15.48319],[80.08186,15.48319],[80.08187,15.48292],[80.08215,15.48292],[80.08214,15.4831],[80.08233,15.4831],[80.08233,15.48319],[80.08261,15.48319],[80.08261,15.48346],[80.0827,15.48346],[80.0827,15.48355],[80.08289,15.48355],[80.08289,15.48364],[80.08307,15.48373],[80.08307,15.48446],[80.08316,15.48446],[80.08316,15.48464],[80.08326,15.48464],[80.08325,15.48509],[80.08335,15.48509],[80.08334,15.48572],[80.08344,15.48572],[80.08344,15.4859],[80.08353,15.48591],[80.08353,15.48618],[80.08344,15.48618],[80.08344,15.48627],[80.08316,15.48627],[80.08306,15.48645],[80.08232,15.48644],[80.08222,15.48662],[80.08194,15.48662]]]},"properties":{"feature_id":"ongole-00011","belt":"ongole","district":"","area_ha":5.25,"lon":80.082504,"lat":15.485009,"source":"obia","sensor":"Sentinel-1 RTC (VV), 10 m","season":"2024 kharif","detected":true,"surveyed":false,"likely_block":true}},{"type":"Feature","geometry":{"type":"Polygon","coordinates":[[[80.03497,15.56498],[80.03497,15.5648],[80.03488,15.5648],[80.03488,15.56471],[80.03478,15.5647],[80.03478,15.56452],[80.0346,15.56452],[80.0346,15.56443],[80.03422,15.56443],[80.03422,15.5647],[80.03404,15.5647],[80.03404,15.56479],[80.03376,15.56479],[80.03376,15.5647],[80.03366,15.5647],[80.03366,15.56461],[80.03348,15.56452],[80.03348,15.56434],[80.03339,15.56434],[80.03339,15.56425],[80.03283,15.56424],[80.03283,15.56415],[80.03255,15.56415],[80.03255,15.56406],[80.03245,15.56406],[80.03246,15.56352],[80.03274,15.56352],[80.03274,15.56343],[80.03302,15.56343],[80.03302,15.56334],[80.03339,15.56334],[80.03339,15.56343],[80.03348,15.56343],[80.03348,15.5638],[80.03329,15.56379],[80.0332,15.56397],[80.03348,15.56398],[80.03348,15.56389],[80.03357,15.56389],[80.03358,15.56361],[80.03367,15.56362],[80.03367,15.56352],[80.03386,15.56353],[80.03386,15.56334],[80.03404,15.56335],[80.03404,15.56326],[80.03442,15.56326],[80.03451,15.56308],[80.03488,15.56308],[80.03488,15.56317],[80.03507,15.56317],[80.03507,15.56353],[80.03516,15.56353],[80.03516,15.56362],[80.03525,15.56362],[80.03525,15.56371],[80.03544,15.5638],[80.03544,15.56398],[80.03553,15.56398],[80.03553,15.56408],[80.03572,15.56408],[80.03572,15.56417],[80.036,15.56417],[80.036,15.56444],[80.0359,15.56444],[80.03581,15.5648],[80.03562,15.5648],[80.03553,15.56498],[80.03497,15.56498]],[[80.03385,15.56443],[80.03422,15.56443],[80.03413,15.56407],[80.03385,15.56407],[80.03385,15.56416],[80.03376,15.56416],[80.03376,15.56434],[80.03385,15.56434],[80.03385,15.56443]]]},"properties":{"feature_id":"ongole-00012","belt":"ongole","district":"","area_ha":4.28,"lon":80.034322,"lat":15.564016,"source":"obia","sensor":"Sentinel-1 RTC (VV), 10 m","season":"2024 kharif","detected":true,"surveyed":false,"likely_block":false}},{"type":"Feature","geometry":{"type":"Polygon","coordinates":[[[80.14129,15.4498],[80.14129,15.44952],[80.14157,15.44953],[80.14157,15.44944],[80.14138,15.44934],[80.14139,15.44898],[80.14129,15.44898],[80.14129,15.44871],[80.14092,15.44853],[80.14092,15.44817],[80.14083,15.44817],[80.14074,15.44799],[80.14055,15.44799],[80.14055,15.44744],[80.14046,15.44744],[80.14046,15.44708],[80.14056,15.44708],[80.14065,15.4469],[80.14093,15.4469],[80.14102,15.44672],[80.14177,15.44663],[80.14186,15.44718],[80.14205,15.44718],[80.14204,15.44754],[80.14195,15.44754],[80.14195,15.44763],[80.14176,15.44763],[80.14176,15.44799],[80.14186,15.44799],[80.14186,15.44808],[80.14204,15.44808],[80.14204,15.44817],[80.14232,15.44817],[80.14232,15.44826],[80.14241,15.44826],[80.14241,15.44872],[80.14223,15.44871],[80.14223,15.44881],[80.14213,15.44881],[80.14213,15.44899],[80.14232,15.44899],[80.14232,15.44935],[80.14222,15.44935],[80.14222,15.44962],[80.14157,15.44962],[80.14157,15.4498],[80.14129,15.4498]]]},"properties":{"feature_id":"ongole-00013","belt":"ongole","district":"","area_ha":4.12,"lon":80.141476,"lat":15.448082,"source":"obia","sensor":"Sentinel-1 RTC (VV), 10 m","season":"2024 kharif","detected":true,"surveyed":false,"likely_block":false}},{"type":"Feature","geometry":{"type":"Polygon","coordinates":[[[80.14258,15.45242],[80.14258,15.45224],[80.1424,15.45215],[80.14231,15.45179],[80.14221,15.45179],[80.14221,15.4517],[80.14212,15.4517],[80.14212,15.45161],[80.14194,15.45152],[80.14194,15.45134],[80.14175,15.45124],[80.14175,15.45088],[80.14166,15.45088],[80.14166,15.45061],[80.14175,15.45061],[80.14175,15.45052],[80.14213,15.45052],[80.14213,15.45034],[80.1425,15.45034],[80.14259,15.45016],[80.14297,15.45016],[80.14297,15.45025],[80.14325,15.45026],[80.14324,15.45035],[80.14343,15.45035],[80.14343,15.45044],[80.14352,15.45044],[80.14352,15.45071],[80.14343,15.45071],[80.14343,15.4508],[80.14296,15.4508],[80.14296,15.45089],[80.14306,15.45089],[80.14306,15.45107],[80.14343,15.45107],[80.14343,15.45125],[80.1438,15.45125],[80.1438,15.45143],[80.14399,15.45143],[80.14399,15.45125],[80.14408,15.45125],[80.14408,15.45107],[80.14399,15.45107],[80.14399,15.45071],[80.14445,15.45071],[80.14445,15.45116],[80.14427,15.45125],[80.14426,15.45162],[80.14417,15.45162],[80.14417,15.45171],[80.1438,15.4517],[80.1438,15.45152],[80.14361,15.45152],[80.14361,15.45179],[80.14333,15.45179],[80.14333,15.45188],[80.14342,15.45188],[80.14342,15.45215],[80.14352,15.45216],[80.14352,15.45243],[80.14324,15.45243],[80.14324,15.45233],[80.14305,15.45233],[80.14305,15.45242],[80.14258,15.45242]],[[80.14324,15.45152],[80.14333,15.45152],[80.14343,15.45134],[80.14324,15.45134],[80.14324,15.45152]],[[80.14287,15.45125],[80.14305,15.45125],[80.14306,15.45116],[80.14287,15.45116],[80.14287,15.45125]],[[80.14278,15.45071],[80.14296,15.45071],[80.14296,15.45053],[80.14278,15.45053],[80.14278,15.45071]]]},"properties":{"feature_id":"ongole-00014","belt":"ongole","district":"","area_ha":3.98,"lon":80.142902,"lat":15.451256,"source":"obia","sensor":"Sentinel-1 RTC (VV), 10 m","season":"2024 kharif","detected":true,"surveyed":false,"likely_block":false}},{"type":"Feature","geometry":{"type":"Polygon","coordinates":[[[80.15017,15.46719],[80.15017,15.46701],[80.15007,15.46701],[80.15008,15.46673],[80.14998,15.46673],[80.14998,15.46646],[80.15008,15.46646],[80.15008,15.4661],[80.14998,15.4661],[80.14998,15.46601],[80.14971,15.46601],[80.14971,15.46565],[80.14961,15.46565],[80.14961,15.46538],[80.14999,15.46538],[80.15008,15.4652],[80.15036,15.4652],[80.15036,15.46511],[80.14962,15.46511],[80.14962,15.46502],[80.14943,15.46501],[80.14943,15.46511],[80.14915,15.4651],[80.14915,15.46501],[80.14896,15.46492],[80.14896,15.46474],[80.14878,15.46465],[80.14878,15.46438],[80.14887,15.46438],[80.14887,15.46429],[80.14906,15.46429],[80.14906,15.4642],[80.14925,15.4642],[80.14925,15.46411],[80.14953,15.46411],[80.14953,15.46429],[80.14962,15.46429],[80.14962,15.4642],[80.14981,15.4642],[80.14981,15.46393],[80.15018,15.46384],[80.15027,15.46366],[80.15065,15.46366],[80.15064,15.46475],[80.15046,15.46484],[80.15045,15.46511],[80.15064,15.46511],[80.15064,15.46592],[80.15036,15.46592],[80.15036,15.46601],[80.15064,15.46601],[80.15063,15.4671],[80.15054,15.4671],[80.15054,15.46719],[80.15017,15.46719]]]},"properties":{"feature_id":"ongole-00015","belt":"ongole","district":"","area_ha":3.85,"lon":80.150026,"lat":15.465168,"source":"obia","sensor":"Sentinel-1 RTC (VV), 10 m","season":"2024 kharif","detected":true,"surveyed":false,"likely_block":false}},{"type":"Feature","geometry":{"type":"Polygon","coordinates":[[[79.99674,15.4274],[79.99675,15.42731],[79.99665,15.42731],[79.99665,15.42713],[79.99656,15.42713],[79.99656,15.42686],[79.99647,15.42686],[79.99647,15.42668],[79.99638,15.42668],[79.99638,15.42641],[79.99628,15.42641],[79.99629,15.42586],[79.99638,15.42587],[79.99638,15.42577],[79.99657,15.42578],[79.99657,15.42569],[79.99685,15.42569],[79.99685,15.42578],[79.99703,15.42578],[79.99703,15.42569],[79.99713,15.42569],[79.99722,15.42551],[79.99741,15.42551],[79.99741,15.42542],[79.99797,15.42542],[79.99797,15.42551],[79.99806,15.42551],[79.99806,15.4256],[79.99824,15.42569],[79.99824,15.42605],[79.99834,15.42605],[79.99833,15.4266],[79.99824,15.4266],[79.99824,15.42669],[79.99833,15.42669],[79.99833,15.42705],[79.99824,15.42705],[79.99824,15.42714],[79.99796,15.42714],[79.99796,15.42723],[79.99721,15.42732],[79.99721,15.42741],[79.99674,15.4274]]]},"properties":{"feature_id":"ongole-00016","belt":"ongole","district":"","area_ha":3.79,"lon":79.997358,"lat":15.426413,"source":"obia","sensor":"Sentinel-1 RTC (VV), 10 m","season":"2024 kharif","detected":true,"surveyed":false,"likely_block":false}},{"type":"Feature","geometry":{"type":"Polygon","coordinates":[[[80.12842,15.47497],[80.12842,15.47488],[80.12814,15.47488],[80.12814,15.47479],[80.12804,15.47479],[80.12804,15.47488],[80.12767,15.47487],[80.12767,15.47478],[80.12748,15.47478],[80.12749,15.47451],[80.12758,15.47451],[80.12758,15.47442],[80.12814,15.47442],[80.12814,15.47415],[80.12823,15.47415],[80.12823,15.47397],[80.12833,15.47397],[80.12833,15.47388],[80.1287,15.47388],[80.1287,15.47379],[80.12889,15.47379],[80.12889,15.4737],[80.12954,15.47371],[80.12954,15.47362],[80.12973,15.47362],[80.12982,15.47344],[80.13029,15.47344],[80.13028,15.47371],[80.13047,15.47371],[80.13047,15.4747],[80.13028,15.4747],[80.13028,15.47488],[80.13019,15.47488],[80.13019,15.47497],[80.12842,15.47497]]]},"properties":{"feature_id":"ongole-00017","belt":"ongole","district":"","area_ha":3.72,"lon":80.129246,"lat":15.474335,"source":"obia","sensor":"Sentinel-1 RTC (VV), 10 m","season":"2024 kharif","detected":true,"surveyed":false,"likely_block":false}},{"type":"Feature","geometry":{"type":"Polygon","coordinates":[[[80.13712,15.44445],[80.13712,15.44427],[80.13703,15.44427],[80.13703,15.44417],[80.13693,15.44417],[80.13684,15.44399],[80.13647,15.4439],[80.13647,15.44381],[80.13637,15.44381],[80.13637,15.44372],[80.13619,15.44363],[80.13619,15.44336],[80.1361,15.44336],[80.1361,15.44327],[80.13591,15.44327],[80.13591,15.44309],[80.13573,15.44299],[80.13573,15.44263],[80.13563,15.44263],[80.13563,15.44245],[80.13554,15.44245],[80.13554,15.44227],[80.13545,15.44227],[80.13545,15.442],[80.13536,15.442],[80.13536,15.44173],[80.13526,15.44173],[80.13527,15.44137],[80.13517,15.44137],[80.13517,15.441],[80.13527,15.441],[80.13527,15.44091],[80.13545,15.44091],[80.13545,15.44082],[80.13573,15.44083],[80.13573,15.44092],[80.13592,15.44092],[80.13592,15.44101],[80.13611,15.4411],[80.1361,15.44155],[80.1362,15.44155],[80.13629,15.44227],[80.13638,15.44227],[80.13638,15.44236],[80.13657,15.44246],[80.13657,15.44273],[80.13675,15.44273],[80.13675,15.44282],[80.13694,15.44291],[80.13694,15.44318],[80.13712,15.44318],[80.13712,15.44354],[80.13721,15.44354],[80.13721,15.44372],[80.13731,15.44372],[80.13731,15.44381],[80.13749,15.44391],[80.1374,15.44445],[80.13712,15.44445]]]},"properties":{"feature_id":"ongole-00018","belt":"ongole","district":"","area_ha":3.66,"lon":80.13622,"lat":15.442596,"source":"obia","sensor":"Sentinel-1 RTC (VV), 10 m","season":"2024 kharif","detected":true,"surveyed":false,"likely_block":false}},{"type":"Feature","geometry":{"type":"Polygon","coordinates":[[[80.04059,15.45842],[80.04059,15.45806],[80.04087,15.45806],[80.04087,15.45779],[80.04059,15.45779],[80.04059,15.45788],[80.04013,15.45788],[80.04013,15.45761],[80.03994,15.45752],[80.03994,15.45715],[80.04041,15.45716],[80.04041,15.45707],[80.04069,15.45707],[80.04069,15.45734],[80.04078,15.45734],[80.04078,15.45716],[80.04087,15.45716],[80.04088,15.45698],[80.04078,15.45698],[80.04078,15.45689],[80.0405,15.45689],[80.0405,15.45661],[80.04022,15.45661],[80.04023,15.45634],[80.04041,15.45634],[80.04041,15.45625],[80.04023,15.45616],[80.04023,15.45589],[80.04069,15.45589],[80.04069,15.45616],[80.04088,15.45616],[80.04088,15.45662],[80.04097,15.45662],[80.04097,15.45653],[80.04134,15.45653],[80.04134,15.45662],[80.04153,15.45662],[80.04153,15.45671],[80.04162,15.45671],[80.04162,15.45662],[80.042,15.45662],[80.04199,15.45689],[80.0419,15.45689],[80.0419,15.45698],[80.04171,15.45698],[80.04171,15.45707],[80.04153,15.45707],[80.04153,15.45716],[80.04162,15.45716],[80.04162,15.45743],[80.04171,15.45743],[80.04171,15.4578],[80.0418,15.4578],[80.0418,15.45825],[80.04143,15.45825],[80.04143,15.45834],[80.04115,15.45834],[80.04115,15.45843],[80.04059,15.45842]]]},"properties":{"feature_id":"ongole-00019","belt":"ongole","district":"","area_ha":3.28,"lon":80.040966,"lat":15.457286,"source":"obia","sensor":"Sentinel-1 RTC (VV), 10 m","season":"2024 kharif","detected":true,"surveyed":false,"likely_block":false}},{"type":"Feature","geometry":{"type":"Polygon","coordinates":[[[79.98179,15.47371],[79.9817,15.47353],[79.98124,15.47353],[79.98124,15.47325],[79.98142,15.47326],[79.98142,15.47316],[79.98161,15.47308],[79.98161,15.47289],[79.98171,15.47289],[79.98171,15.47253],[79.98208,15.47254],[79.98208,15.47272],[79.98217,15.47272],[79.98217,15.47299],[79.98226,15.47299],[79.98226,15.47317],[79.98236,15.47317],[79.98236,15.47326],[79.98254,15.47335],[79.98254,15.47281],[79.98245,15.47281],[79.98245,15.47263],[79.98236,15.47263],[79.98236,15.47227],[79.98245,15.47227],[79.98245,15.47218],[79.98273,15.47218],[79.98273,15.47209],[79.98311,15.47209],[79.9832,15.47173],[79.98348,15.47173],[79.98348,15.47182],[79.98357,15.47182],[79.98357,15.47191],[79.98376,15.472],[79.98376,15.47263],[79.98366,15.47263],[79.98366,15.4729],[79.98357,15.4729],[79.98357,15.47317],[79.98348,15.47317],[79.98338,15.47354],[79.98291,15.47353],[79.98291,15.47344],[79.98263,15.47344],[79.98263,15.47362],[79.98245,15.47362],[79.98245,15.47371],[79.98179,15.47371]]]},"properties":{"feature_id":"ongole-00020","belt":"ongole","district":"","area_ha":3.18,"lon":79.982705,"lat":15.472855,"source":"obia","sensor":"Sentinel-1 RTC (VV), 10 m","season":"2024 kharif","detected":true,"surveyed":false,"likely_block":false}},{"type":"Feature","geometry":{"type":"Polygon","coordinates":[[[80.12367,15.56092],[80.12367,15.56065],[80.12386,15.56065],[80.12386,15.56056],[80.12423,15.56056],[80.12423,15.56047],[80.12479,15.56047],[80.12479,15.56038],[80.12535,15.56038],[80.12535,15.5602],[80.12554,15.5602],[80.12554,15.56011],[80.12573,15.56011],[80.12573,15.56002],[80.12713,15.56003],[80.12713,15.55994],[80.12722,15.55994],[80.12722,15.55985],[80.12731,15.55985],[80.12731,15.55976],[80.12741,15.55976],[80.12741,15.55967],[80.1275,15.55967],[80.12759,15.55949],[80.12787,15.55949],[80.12787,15.5594],[80.12834,15.5594],[80.12834,15.55967],[80.12825,15.55967],[80.12825,15.55976],[80.12815,15.55976],[80.12815,15.55985],[80.12806,15.55985],[80.12796,15.56003],[80.12778,15.56003],[80.12778,15.56012],[80.1275,15.56012],[80.1275,15.56021],[80.1274,15.56021],[80.1274,15.56039],[80.12731,15.56039],[80.12731,15.56048],[80.12712,15.56048],[80.12703,15.56066],[80.12647,15.56066],[80.12647,15.56075],[80.1261,15.56075],[80.1261,15.56084],[80.12582,15.56084],[80.12582,15.56075],[80.12479,15.56074],[80.12479,15.56083],[80.12404,15.56083],[80.12404,15.56092],[80.12367,15.56092]]]},"properties":{"feature_id":"ongole-00021","belt":"ongole","district":"","area_ha":2.86,"lon":80.126221,"lat":15.560305,"source":"obia","sensor":"Sentinel-1 RTC (VV), 10 m","season":"2024 kharif","detected":true,"surveyed":false,"likely_block":false}},{"type":"Feature","geometry":{"type":"Polygon","coordinates":[[[80.1485,15.46402],[80.1485,15.46366],[80.14841,15.46365],[80.14841,15.46356],[80.14832,15.46356],[80.14832,15.46338],[80.14822,15.46338],[80.14823,15.46311],[80.14841,15.46311],[80.14841,15.46293],[80.1486,15.46293],[80.1486,15.46284],[80.14916,15.46284],[80.14916,15.46266],[80.14944,15.46266],[80.14944,15.46275],[80.14953,15.46276],[80.14953,15.46257],[80.14981,15.46258],[80.14991,15.46239],[80.15056,15.4624],[80.15056,15.46249],[80.15065,15.46249],[80.15065,15.46339],[80.1499,15.46339],[80.1499,15.46357],[80.14972,15.46357],[80.14971,15.46366],[80.14925,15.46366],[80.14925,15.46384],[80.14915,15.46384],[80.14915,15.46393],[80.14887,15.46393],[80.14887,15.46402],[80.1485,15.46402]],[[80.14869,15.46348],[80.14888,15.46348],[80.14888,15.46339],[80.14916,15.46339],[80.14916,15.46312],[80.14878,15.46311],[80.14878,15.46339],[80.14869,15.46338],[80.14869,15.46348]],[[80.14916,15.46312],[80.14925,15.46312],[80.14925,15.46303],[80.14916,15.46302],[80.14916,15.46312]]]},"properties":{"feature_id":"ongole-00022","belt":"ongole","district":"","area_ha":2.67,"lon":80.149507,"lat":15.463154,"source":"obia","sensor":"Sentinel-1 RTC (VV), 10 m","season":"2024 kharif","detected":true,"surveyed":false,"likely_block":false}},{"type":"Feature","geometry":{"type":"Polygon","coordinates":[[[80.1117,15.54803],[80.1117,15.54794],[80.1116,15.54794],[80.1116,15.54776],[80.11151,15.54776],[80.11151,15.54767],[80.11133,15.54758],[80.11133,15.54713],[80.11123,15.54713],[80.11124,15.54695],[80.11114,15.54695],[80.11115,15.54622],[80.11124,15.54622],[80.11124,15.54613],[80.11161,15.54613],[80.11161,15.54623],[80.11189,15.54623],[80.11189,15.54614],[80.11198,15.54614],[80.11199,15.54596],[80.11189,15.54596],[80.11189,15.54568],[80.11227,15.54569],[80.11227,15.54578],[80.11245,15.54578],[80.11245,15.54614],[80.11236,15.54614],[80.11236,15.54623],[80.11245,15.54623],[80.11245,15.5465],[80.11254,15.5465],[80.11254,15.54695],[80.11263,15.54695],[80.11263,15.54731],[80.11235,15.54731],[80.11235,15.5474],[80.11226,15.5474],[80.11226,15.54749],[80.11207,15.54758],[80.11207,15.54785],[80.11198,15.54785],[80.11198,15.54803],[80.1117,15.54803]]]},"properties":{"feature_id":"ongole-00023","belt":"ongole","district":"","area_ha":2.65,"lon":80.111882,"lat":15.546837,"source":"obia","sensor":"Sentinel-1 RTC (VV), 10 m","season":"2024 kharif","detected":true,"surveyed":false,"likely_block":false}},{"type":"Feature","geometry":{"type":"Polygon","coordinates":[[[80.13085,15.47326],[80.13085,15.47254],[80.13076,15.47254],[80.13076,15.4719],[80.13085,15.4719],[80.13085,15.47181],[80.13122,15.47181],[80.13123,15.47172],[80.13141,15.47172],[80.13141,15.47163],[80.13169,15.47164],[80.13169,15.47155],[80.13207,15.47155],[80.13206,15.47164],[80.13216,15.47164],[80.13216,15.47209],[80.13225,15.47209],[80.13225,15.47281],[80.13234,15.47281],[80.13234,15.47308],[80.13225,15.47308],[80.13224,15.47317],[80.13169,15.47317],[80.13169,15.47326],[80.13085,15.47326]]]},"properties":{"feature_id":"ongole-00024","belt":"ongole","district":"","area_ha":2.63,"lon":80.131538,"lat":15.472457,"source":"obia","sensor":"Sentinel-1 RTC (VV), 10 m","season":"2024 kharif","detected":true,"surveyed":false,"likely_block":false}},{"type":"Feature","geometry":{"type":"Polygon","coordinates":[[[80.13112,15.47507],[80.13112,15.47471],[80.13103,15.47471],[80.13103,15.47362],[80.13112,15.47362],[80.13112,15.47353],[80.1314,15.47353],[80.1314,15.47362],[80.1315,15.47362],[80.1315,15.47353],[80.13187,15.47353],[80.13187,15.47344],[80.13243,15.47345],[80.13243,15.4739],[80.13252,15.4739],[80.13252,15.47444],[80.13261,15.47444],[80.13261,15.47498],[80.1314,15.47498],[80.1314,15.47507],[80.13112,15.47507]]]},"properties":{"feature_id":"ongole-00025","belt":"ongole","district":"","area_ha":2.62,"lon":80.131796,"lat":15.474266,"source":"obia","sensor":"Sentinel-1 RTC (VV), 10 m","season":"2024 kharif","detected":true,"surveyed":false,"likely_block":false}},{"type":"Feature","geometry":{"type":"Polygon","coordinates":[[[80.14559,15.44719],[80.14559,15.44683],[80.1454,15.44674],[80.14541,15.44602],[80.14522,15.44601],[80.14522,15.44592],[80.14513,15.44592],[80.14513,15.44556],[80.14504,15.44556],[80.14504,15.44547],[80.14494,15.44547],[80.14494,15.44529],[80.14485,15.44529],[80.14485,15.44502],[80.14494,15.44502],[80.14504,15.44484],[80.1456,15.44484],[80.1456,15.44493],[80.14569,15.44493],[80.14569,15.44502],[80.14578,15.44502],[80.14578,15.44511],[80.14597,15.4452],[80.14606,15.44575],[80.14615,15.44575],[80.14615,15.44593],[80.14625,15.44593],[80.14624,15.44629],[80.14634,15.44629],[80.14634,15.44638],[80.14643,15.44638],[80.14643,15.44656],[80.14652,15.44656],[80.14652,15.44683],[80.14643,15.44683],[80.14633,15.44701],[80.14605,15.44701],[80.14596,15.44719],[80.14559,15.44719]]]},"properties":{"feature_id":"ongole-00026","belt":"ongole","district":"","area_ha":2.53,"lon":80.145695,"lat":15.445981,"source":"obia","sensor":"Sentinel-1 RTC (VV), 10 m","season":"2024 kharif","detected":true,"surveyed":false,"likely_block":false}},{"type":"Feature","geometry":{"type":"Polygon","coordinates":[[[80.09888,15.47241],[80.09888,15.47232],[80.09878,15.47232],[80.09879,15.47187],[80.0986,15.47177],[80.0986,15.47141],[80.09869,15.47141],[80.0987,15.47132],[80.09842,15.47132],[80.09842,15.47123],[80.09832,15.47123],[80.09832,15.47105],[80.09823,15.47105],[80.09823,15.47078],[80.09814,15.47078],[80.09814,15.4706],[80.09805,15.4706],[80.09805,15.47033],[80.09814,15.47033],[80.09814,15.47006],[80.09805,15.47005],[80.09805,15.46969],[80.09814,15.46969],[80.09814,15.4696],[80.09796,15.4696],[80.09796,15.46951],[80.09777,15.46951],[80.09777,15.46942],[80.09768,15.46942],[80.09768,15.46915],[80.09777,15.46915],[80.09777,15.46906],[80.09768,15.46906],[80.09768,15.46879],[80.09777,15.46879],[80.09777,15.46861],[80.09805,15.46861],[80.09805,15.4687],[80.09815,15.4687],[80.09815,15.46906],[80.09833,15.46915],[80.09833,15.46942],[80.09824,15.46942],[80.09824,15.4696],[80.09842,15.4696],[80.09842,15.46969],[80.09852,15.46969],[80.09851,15.47006],[80.09842,15.47006],[80.09842,15.47015],[80.09851,15.47015],[80.09851,15.47024],[80.0987,15.47024],[80.0987,15.47042],[80.09879,15.47042],[80.09879,15.47078],[80.09898,15.47087],[80.09897,15.47132],[80.09916,15.47132],[80.09916,15.47196],[80.09934,15.47196],[80.09934,15.47205],[80.09944,15.47205],[80.09944,15.47232],[80.09925,15.47232],[80.09925,15.47241],[80.09888,15.47241]]]},"properties":{"feature_id":"ongole-00027","belt":"ongole","district":"","area_ha":2.41,"lon":80.098501,"lat":15.470601,"source":"obia","sensor":"Sentinel-1 RTC (VV), 10 m","season":"2024 kharif","detected":true,"surveyed":false,"likely_block":false}},{"type":"Feature","geometry":{"type":"Polygon","coordinates":[[[80.14708,15.44711],[80.14708,15.44693],[80.14699,15.44693],[80.14699,15.44674],[80.14689,15.44674],[80.1469,15.44647],[80.1468,15.44647],[80.1468,15.44629],[80.14671,15.44629],[80.14671,15.44602],[80.14662,15.44602],[80.14662,15.44584],[80.14653,15.44584],[80.14653,15.44557],[80.14643,15.44557],[80.14643,15.44539],[80.14634,15.44539],[80.14634,15.44511],[80.14616,15.44502],[80.14616,15.44475],[80.14634,15.44475],[80.14634,15.44466],[80.14625,15.44466],[80.14625,15.44457],[80.14597,15.44457],[80.14597,15.4443],[80.14607,15.4443],[80.14616,15.44412],[80.14653,15.44412],[80.14653,15.44421],[80.14663,15.44421],[80.14662,15.44457],[80.14681,15.44466],[80.14681,15.44503],[80.14699,15.44503],[80.14699,15.44539],[80.14709,15.44539],[80.14709,15.44557],[80.14718,15.44557],[80.14718,15.44575],[80.14727,15.44575],[80.14736,15.44611],[80.14755,15.44611],[80.14755,15.44639],[80.14764,15.44639],[80.14764,15.44657],[80.14783,15.44666],[80.14783,15.44693],[80.14773,15.44693],[80.14773,15.44702],[80.14736,15.44702],[80.14736,15.44711],[80.14708,15.44711]]]},"properties":{"feature_id":"ongole-00028","belt":"ongole","district":"","area_ha":2.39,"lon":80.146882,"lat":15.445695,"source":"obia","sensor":"Sentinel-1 RTC (VV), 10 m","season":"2024 kharif","detected":true,"surveyed":false,"likely_block":false}},{"type":"Feature","geometry":{"type":"Polygon","coordinates":[[[80.14908,15.45914],[80.14908,15.45905],[80.14889,15.45905],[80.1489,15.45841],[80.14899,15.45841],[80.14899,15.45832],[80.1489,15.45832],[80.1489,15.45823],[80.14853,15.45823],[80.14853,15.45796],[80.14871,15.45787],[80.14871,15.45769],[80.14825,15.45769],[80.14825,15.45724],[80.14834,15.45724],[80.14834,15.45715],[80.14872,15.45715],[80.14872,15.45724],[80.14881,15.45724],[80.14881,15.45769],[80.1489,15.45769],[80.1489,15.45742],[80.14946,15.45742],[80.14946,15.4576],[80.14974,15.4576],[80.14974,15.45787],[80.14992,15.45788],[80.14992,15.45815],[80.15002,15.45815],[80.15001,15.45878],[80.14973,15.45878],[80.14973,15.45887],[80.14955,15.45887],[80.14955,15.45905],[80.14945,15.45905],[80.14945,15.45914],[80.14908,15.45914]]]},"properties":{"feature_id":"ongole-00029","belt":"ongole","district":"","area_ha":2.35,"lon":80.149208,"lat":15.458134,"source":"obia","sensor":"Sentinel-1 RTC (VV), 10 m","season":"2024 kharif","detected":true,"surveyed":false,"likely_block":false}},{"type":"Feature","geometry":{"type":"Polygon","coordinates":[[[80.12121,15.52493],[80.12112,15.52439],[80.12122,15.52439],[80.12122,15.5243],[80.1214,15.5243],[80.1214,15.52421],[80.1215,15.52421],[80.1215,15.52403],[80.12187,15.52403],[80.12187,15.52412],[80.12196,15.52412],[80.12196,15.52403],[80.12206,15.52403],[80.12206,15.52358],[80.12252,15.52358],[80.12252,15.52349],[80.1229,15.52349],[80.1229,15.5234],[80.12327,15.5234],[80.12327,15.52349],[80.12346,15.52349],[80.12346,15.52367],[80.12355,15.52367],[80.12355,15.52422],[80.1228,15.5243],[80.12271,15.52448],[80.12243,15.52448],[80.12233,15.52466],[80.12205,15.52466],[80.12205,15.52475],[80.12168,15.52475],[80.12168,15.52484],[80.12149,15.52484],[80.12149,15.52493],[80.12121,15.52493]]]},"properties":{"feature_id":"ongole-00030","belt":"ongole","district":"","area_ha":2.33,"lon":80.122385,"lat":15.524128,"source":"obia","sensor":"Sentinel-1 RTC (VV), 10 m","season":"2024 kharif","detected":true,"surveyed":false,"likely_block":false}},{"type":"Feature","geometry":{"type":"Polygon","coordinates":[[[80.00135,15.57396],[80.00135,15.5736],[80.00126,15.5736],[80.00126,15.57341],[80.00117,15.57341],[80.00117,15.57332],[80.00108,15.57332],[80.00108,15.57323],[80.00089,15.57314],[80.00089,15.57287],[80.00127,15.57287],[80.00127,15.57278],[80.00183,15.57269],[80.00183,15.5726],[80.00201,15.5726],[80.00201,15.57251],[80.00229,15.57251],[80.00229,15.57242],[80.00267,15.57243],[80.00267,15.57261],[80.00285,15.5727],[80.00285,15.57324],[80.00276,15.57324],[80.00275,15.57342],[80.00238,15.57342],[80.00238,15.57351],[80.00219,15.57351],[80.00219,15.57369],[80.00201,15.57369],[80.00201,15.57378],[80.00191,15.57378],[80.00182,15.57396],[80.00135,15.57396]]]},"properties":{"feature_id":"ongole-00031","belt":"ongole","district":"","area_ha":2.19,"lon":80.001933,"lat":15.573147,"source":"obia","sensor":"Sentinel-1 RTC (VV), 10 m","season":"2024 kharif","detected":true,"surveyed":false,"likely_block":false}},{"type":"Feature","geometry":{"type":"Polygon","coordinates":[[[80.10863,15.56818],[80.10863,15.56791],[80.10881,15.56791],[80.10881,15.56782],[80.10937,15.56782],[80.10937,15.56773],[80.10965,15.56773],[80.10965,15.56764],[80.11021,15.56755],[80.11031,15.56737],[80.11068,15.56737],[80.11078,15.56719],[80.11134,15.56711],[80.11134,15.56702],[80.11152,15.56702],[80.11152,15.56693],[80.1119,15.56693],[80.11189,15.5672],[80.1118,15.5672],[80.1118,15.56729],[80.11171,15.56729],[80.11171,15.56747],[80.11161,15.56747],[80.11161,15.56756],[80.11189,15.56756],[80.11189,15.56783],[80.11171,15.56783],[80.1117,15.56792],[80.11124,15.56792],[80.11124,15.56783],[80.11087,15.56783],[80.11087,15.56774],[80.11059,15.56774],[80.11059,15.56783],[80.1104,15.56783],[80.1104,15.56792],[80.11012,15.56791],[80.11012,15.56801],[80.10984,15.568],[80.10984,15.56809],[80.10947,15.56809],[80.10947,15.56818],[80.10863,15.56818]]]},"properties":{"feature_id":"ongole-00032","belt":"ongole","district":"","area_ha":2.0,"lon":80.110552,"lat":15.567641,"source":"obia","sensor":"Sentinel-1 RTC (VV), 10 m","season":"2024 kharif","detected":true,"surveyed":false,"likely_block":false}},{"type":"Feature","geometry":{"type":"Polygon","coordinates":[[[80.04784,15.56413],[80.04784,15.56386],[80.04766,15.56377],[80.04766,15.5634],[80.04784,15.56341],[80.04785,15.56322],[80.04812,15.56323],[80.04822,15.56305],[80.0485,15.56305],[80.0485,15.56278],[80.04887,15.56278],[80.04887,15.56287],[80.04971,15.56287],[80.04971,15.56323],[80.04952,15.56323],[80.04952,15.56332],[80.04915,15.56341],[80.04915,15.56359],[80.04906,15.56359],[80.04896,15.56377],[80.04878,15.56377],[80.04877,15.56386],[80.04868,15.56386],[80.04859,15.56404],[80.04831,15.56404],[80.04831,15.56413],[80.04784,15.56413]]]},"properties":{"feature_id":"ongole-00033","belt":"ongole","district":"","area_ha":1.91,"lon":80.048598,"lat":15.563417,"source":"obia","sensor":"Sentinel-1 RTC (VV), 10 m","season":"2024 kharif","detected":true,"surveyed":false,"likely_block":false}},{"type":"Feature","geometry":{"type":"Polygon","coordinates":[[[79.95321,15.57898],[79.95312,15.57861],[79.95302,15.57861],[79.95302,15.57852],[79.95293,15.57852],[79.95284,15.57834],[79.95265,15.57834],[79.95265,15.57807],[79.95237,15.57807],[79.95237,15.57834],[79.95218,15.57843],[79.95218,15.57861],[79.95172,15.57861],[79.95172,15.57825],[79.95163,15.57825],[79.95163,15.57779],[79.95181,15.57779],[79.95191,15.57761],[79.95219,15.57762],[79.95219,15.57771],[79.95228,15.57771],[79.95228,15.57789],[79.95237,15.57789],[79.95237,15.5778],[79.95256,15.5778],[79.95256,15.57771],[79.95293,15.57771],[79.95303,15.57753],[79.95321,15.57753],[79.95322,15.57735],[79.95359,15.57735],[79.95359,15.57762],[79.9534,15.57762],[79.9534,15.57771],[79.95349,15.57771],[79.95349,15.57816],[79.9533,15.57816],[79.9533,15.57834],[79.95349,15.57834],[79.95349,15.57898],[79.95321,15.57898]]]},"properties":{"feature_id":"ongole-00034","belt":"ongole","district":"","area_ha":1.9,"lon":79.952695,"lat":15.578099,"source":"obia","sensor":"Sentinel-1 RTC (VV), 10 m","season":"2024 kharif","detected":true,"surveyed":false,"likely_block":false}},{"type":"Feature","geometry":{"type":"Polygon","coordinates":[[[80.03746,15.50976],[80.03746,15.50948],[80.03756,15.50948],[80.03756,15.50912],[80.03747,15.50912],[80.03747,15.50894],[80.03737,15.50894],[80.03737,15.50858],[80.03747,15.50858],[80.03747,15.50849],[80.03765,15.50849],[80.03766,15.5084],[80.03803,15.5084],[80.03803,15.50831],[80.03849,15.50831],[80.03859,15.50813],[80.03887,15.50813],[80.03887,15.50804],[80.03859,15.50804],[80.03859,15.50777],[80.03887,15.50777],[80.03887,15.50795],[80.03915,15.50795],[80.03915,15.50805],[80.03924,15.50805],[80.03924,15.50832],[80.03915,15.50832],[80.03915,15.50841],[80.03896,15.50841],[80.03896,15.50868],[80.03877,15.50868],[80.03877,15.50877],[80.03868,15.50877],[80.03868,15.50886],[80.03859,15.50886],[80.03858,15.50895],[80.03849,15.50895],[80.03849,15.50904],[80.0384,15.50904],[80.0383,15.50922],[80.03802,15.50922],[80.03802,15.50949],[80.03793,15.50949],[80.03793,15.50967],[80.03774,15.50967],[80.03774,15.50976],[80.03746,15.50976]]]},"properties":{"feature_id":"ongole-00035","belt":"ongole","district":"","area_ha":1.89,"lon":80.038197,"lat":15.508734,"source":"obia","sensor":"Sentinel-1 RTC (VV), 10 m","season":"2024 kharif","detected":true,"surveyed":false,"likely_block":false}},{"type":"Feature","geometry":{"type":"Polygon","coordinates":[[[80.09917,15.47042],[80.09917,15.47024],[80.09907,15.47024],[80.09907,15.46988],[80.09898,15.46988],[80.09898,15.46961],[80.09889,15.46961],[80.09889,15.46924],[80.0988,15.46924],[80.0988,15.46879],[80.09871,15.46879],[80.09871,15.4687],[80.09852,15.4687],[80.09852,15.46843],[80.09861,15.46843],[80.09861,15.46834],[80.09889,15.46834],[80.09899,15.46816],[80.09936,15.46816],[80.09936,15.46843],[80.09927,15.46843],[80.09927,15.46861],[80.09899,15.46861],[80.09899,15.46879],[80.09908,15.46879],[80.09908,15.4687],[80.09945,15.4687],[80.09945,15.46879],[80.09955,15.4688],[80.09954,15.46916],[80.09973,15.46925],[80.09973,15.46988],[80.09982,15.46988],[80.09982,15.47015],[80.09973,15.47015],[80.09973,15.47024],[80.09945,15.47024],[80.09944,15.47042],[80.09917,15.47042]]]},"properties":{"feature_id":"ongole-00036","belt":"ongole","district":"","area_ha":1.83,"lon":80.099226,"lat":15.469285,"source":"obia","sensor":"Sentinel-1 RTC (VV), 10 m","season":"2024 kharif","detected":true,"surveyed":false,"likely_block":false}},{"type":"Feature","geometry":{"type":"Polygon","coordinates":[[[80.11757,15.43795],[80.11757,15.43768],[80.11748,15.43768],[80.11748,15.43714],[80.11739,15.43714],[80.1173,15.43696],[80.11711,15.43695],[80.11711,15.43668],[80.11665,15.43668],[80.11665,15.43641],[80.11702,15.43641],[80.11702,15.43614],[80.11711,15.43614],[80.11711,15.43605],[80.11739,15.43605],[80.11739,15.43614],[80.11749,15.43614],[80.11749,15.43632],[80.11786,15.43642],[80.11786,15.4366],[80.11795,15.4366],[80.11795,15.43669],[80.11804,15.43669],[80.11804,15.43678],[80.11814,15.43678],[80.11814,15.43687],[80.11823,15.43687],[80.11823,15.43696],[80.11842,15.43705],[80.11841,15.4375],[80.11813,15.4375],[80.11813,15.43768],[80.11804,15.43768],[80.11804,15.43786],[80.11795,15.43786],[80.11795,15.43795],[80.11757,15.43795]],[[80.11711,15.43668],[80.1173,15.43668],[80.1173,15.43659],[80.11739,15.43659],[80.11739,15.43641],[80.11711,15.43641],[80.11711,15.43668]]]},"properties":{"feature_id":"ongole-00037","belt":"ongole","district":"","area_ha":1.75,"lon":80.117654,"lat":15.436993,"source":"obia","sensor":"Sentinel-1 RTC (VV), 10 m","season":"2024 kharif","detected":true,"surveyed":false,"likely_block":false}},{"type":"Feature","geometry":{"type":"Polygon","coordinates":[[[80.14323,15.45459],[80.14323,15.45423],[80.14332,15.45423],[80.14332,15.45405],[80.1436,15.45405],[80.1436,15.45387],[80.14332,15.45387],[80.14332,15.4536],[80.1437,15.4536],[80.14379,15.45342],[80.14398,15.45342],[80.14398,15.45324],[80.14426,15.45324],[80.14426,15.45306],[80.14463,15.45306],[80.14463,15.45343],[80.14472,15.45343],[80.14472,15.45352],[80.145,15.45352],[80.145,15.45361],[80.14519,15.4537],[80.14519,15.45397],[80.14481,15.45397],[80.14472,15.45415],[80.14407,15.45415],[80.14407,15.45406],[80.14398,15.45406],[80.14397,15.45424],[80.14369,15.45424],[80.14369,15.45451],[80.1436,15.45451],[80.1436,15.4546],[80.14323,15.45459]],[[80.14416,15.45369],[80.14426,15.45369],[80.14426,15.4536],[80.14416,15.4536],[80.14416,15.45369]],[[80.14407,15.4536],[80.14416,15.4536],[80.14416,15.45351],[80.14407,15.45351],[80.14407,15.4536]]]},"properties":{"feature_id":"ongole-00038","belt":"ongole","district":"","area_ha":1.73,"lon":80.144151,"lat":15.453811,"source":"obia","sensor":"Sentinel-1 RTC (VV), 10 m","season":"2024 kharif","detected":true,"surveyed":false,"likely_block":false}},{"type":"Feature","geometry":{"type":"Polygon","coordinates":[[[80.11872,15.56379],[80.11872,15.56352],[80.11853,15.56343],[80.11853,15.56307],[80.11863,15.56307],[80.11872,15.56289],[80.11891,15.56289],[80.11891,15.5628],[80.119,15.5628],[80.119,15.56271],[80.11909,15.56271],[80.11909,15.56262],[80.11919,15.56262],[80.11928,15.56244],[80.11947,15.56244],[80.11947,15.56235],[80.11956,15.56235],[80.11956,15.56226],[80.11966,15.56226],[80.11975,15.56208],[80.11994,15.56208],[80.11994,15.5619],[80.12003,15.5619],[80.12003,15.56181],[80.12012,15.56181],[80.12022,15.56163],[80.1205,15.56163],[80.1205,15.56217],[80.12031,15.56217],[80.12021,15.56235],[80.12003,15.56235],[80.12003,15.56244],[80.11984,15.56253],[80.11984,15.56271],[80.11965,15.56271],[80.11965,15.56298],[80.11956,15.56298],[80.11956,15.56307],[80.11947,15.56307],[80.11947,15.56316],[80.11928,15.56325],[80.11928,15.56352],[80.11918,15.56352],[80.11918,15.5637],[80.11909,15.5637],[80.11909,15.56379],[80.11872,15.56379]]]},"properties":{"feature_id":"ongole-00039","belt":"ongole","district":"","area_ha":1.65,"lon":80.11944,"lat":15.562759,"source":"obia","sensor":"Sentinel-1 RTC (VV), 10 m","season":"2024 kharif","detected":true,"surveyed":false,"likely_block":false}},{"type":"Feature","geometry":{"type":"Polygon","coordinates":[[[80.08517,15.57875],[80.08517,15.57866],[80.08508,15.57866],[80.08508,15.57848],[80.08499,15.57848],[80.08489,15.5783],[80.08461,15.5783],[80.08461,15.57821],[80.08452,15.57821],[80.08452,15.57784],[80.08462,15.57784],[80.08462,15.57775],[80.0848,15.57775],[80.0848,15.57766],[80.08499,15.57757],[80.08499,15.57721],[80.08518,15.57721],[80.08518,15.57712],[80.08546,15.57712],[80.08546,15.57722],[80.08564,15.57722],[80.08564,15.57749],[80.08574,15.57749],[80.08574,15.57767],[80.08583,15.57767],[80.08583,15.57803],[80.08573,15.57803],[80.08573,15.57839],[80.08564,15.57839],[80.08554,15.57875],[80.08517,15.57875]]]},"properties":{"feature_id":"ongole-00040","belt":"ongole","district":"","area_ha":1.62,"lon":80.085248,"lat":15.577942,"source":"obia","sensor":"Sentinel-1 RTC (VV), 10 m","season":"2024 kharif","detected":true,"surveyed":false,"likely_block":false}},{"type":"Feature","geometry":{"type":"Polygon","coordinates":[[[80.12194,15.44104],[80.12194,15.44086],[80.12185,15.44086],[80.12185,15.44041],[80.12176,15.44041],[80.12176,15.44014],[80.12185,15.44014],[80.12185,15.44005],[80.12176,15.44005],[80.12176,15.43996],[80.12148,15.43996],[80.12148,15.43987],[80.12139,15.43986],[80.12139,15.43941],[80.1212,15.43941],[80.1212,15.43914],[80.12148,15.43914],[80.12148,15.43932],[80.12167,15.43932],[80.12167,15.43941],[80.12176,15.43941],[80.12176,15.4395],[80.12195,15.4396],[80.12195,15.43978],[80.12204,15.43978],[80.12204,15.43987],[80.12232,15.43987],[80.12232,15.43996],[80.12241,15.43996],[80.12241,15.44005],[80.1225,15.44005],[80.1225,15.44014],[80.1226,15.44014],[80.1226,15.44023],[80.12269,15.44023],[80.12278,15.44041],[80.12297,15.44041],[80.12297,15.44077],[80.12269,15.44077],[80.12269,15.44086],[80.12259,15.44086],[80.1225,15.44104],[80.12194,15.44104]]]},"properties":{"feature_id":"ongole-00041","belt":"ongole","district":"","area_ha":1.62,"lon":80.122101,"lat":15.440242,"source":"obia","sensor":"Sentinel-1 RTC (VV), 10 m","season":"2024 kharif","detected":true,"surveyed":false,"likely_block":false}},{"type":"Feature","geometry":{"type":"Polygon","coordinates":[[[80.03591,15.56353],[80.03591,15.56317],[80.03582,15.56317],[80.03582,15.56308],[80.03554,15.56308],[80.03554,15.56281],[80.03563,15.56281],[80.03563,15.56227],[80.03582,15.56227],[80.03582,15.56218],[80.03601,15.56218],[80.03601,15.56209],[80.03685,15.56209],[80.03684,15.56245],[80.03675,15.56245],[80.03675,15.56272],[80.03666,15.56272],[80.03666,15.563],[80.03656,15.563],[80.03647,15.56336],[80.03637,15.56336],[80.03628,15.56354],[80.03591,15.56353]]]},"properties":{"feature_id":"ongole-00042","belt":"ongole","district":"","area_ha":1.57,"lon":80.03619,"lat":15.56272,"source":"obia","sensor":"Sentinel-1 RTC (VV), 10 m","season":"2024 kharif","detected":true,"surveyed":false,"likely_block":false}},{"type":"Feature","geometry":{"type":"Polygon","coordinates":[[[80.11728,15.44057],[80.11728,15.44048],[80.1171,15.44039],[80.117,15.44003],[80.11691,15.44003],[80.11691,15.43949],[80.1171,15.43949],[80.1171,15.4394],[80.11794,15.4394],[80.11794,15.43931],[80.11822,15.43931],[80.11822,15.43976],[80.11812,15.43976],[80.11821,15.4403],[80.11803,15.4403],[80.11803,15.44039],[80.11793,15.44039],[80.11793,15.44048],[80.11775,15.44048],[80.11775,15.44057],[80.11728,15.44057]]]},"properties":{"feature_id":"ongole-00043","belt":"ongole","district":"","area_ha":1.57,"lon":80.117583,"lat":15.439918,"source":"obia","sensor":"Sentinel-1 RTC (VV), 10 m","season":"2024 kharif","detected":true,"surveyed":false,"likely_block":false}},{"type":"Feature","geometry":{"type":"Polygon","coordinates":[[[80.07661,15.55422],[80.07661,15.55395],[80.07652,15.55395],[80.07652,15.55386],[80.07633,15.55385],[80.07633,15.55394],[80.07605,15.55394],[80.07605,15.55367],[80.07624,15.55367],[80.07633,15.55349],[80.0767,15.5534],[80.07671,15.55331],[80.0768,15.55331],[80.0768,15.55304],[80.07689,15.55304],[80.07689,15.55295],[80.07745,15.55296],[80.07745,15.55314],[80.07755,15.55314],[80.07754,15.55332],[80.07764,15.55332],[80.07764,15.5535],[80.07773,15.5535],[80.07773,15.55386],[80.07754,15.55386],[80.07754,15.55395],[80.07726,15.55395],[80.07726,15.55404],[80.07707,15.55404],[80.07698,15.55422],[80.07661,15.55422]]]},"properties":{"feature_id":"ongole-00044","belt":"ongole","district":"","area_ha":1.48,"lon":80.076995,"lat":15.5536,"source":"obia","sensor":"Sentinel-1 RTC (VV), 10 m","season":"2024 kharif","detected":true,"surveyed":false,"likely_block":false}},{"type":"Feature","geometry":{"type":"Polygon","coordinates":[[[80.11939,15.44953],[80.11939,15.44917],[80.1193,15.44917],[80.11921,15.44862],[80.1193,15.44863],[80.1193,15.44853],[80.11958,15.44854],[80.11967,15.44872],[80.11995,15.44872],[80.11995,15.44863],[80.12032,15.44863],[80.12032,15.44854],[80.12042,15.44854],[80.12042,15.44818],[80.12033,15.44818],[80.12033,15.44791],[80.1207,15.44791],[80.1207,15.448],[80.12089,15.448],[80.12088,15.44818],[80.12107,15.44827],[80.12107,15.44863],[80.12098,15.44863],[80.12098,15.44872],[80.12079,15.44872],[80.12079,15.44881],[80.12032,15.44881],[80.12032,15.44899],[80.12014,15.44899],[80.12014,15.44908],[80.12004,15.44908],[80.12004,15.44917],[80.11985,15.44926],[80.11985,15.44944],[80.11967,15.44944],[80.11967,15.44953],[80.11939,15.44953]]]},"properties":{"feature_id":"ongole-00045","belt":"ongole","district":"","area_ha":1.46,"lon":80.120123,"lat":15.44872,"source":"obia","sensor":"Sentinel-1 RTC (VV), 10 m","season":"2024 kharif","detected":true,"surveyed":false,"likely_block":false}},{"type":"Feature","geometry":{"type":"Polygon","coordinates":[[[80.03301,15.54454],[80.03301,15.54445],[80.03292,15.54445],[80.03292,15.54436],[80.03283,15.54436],[80.03283,15.54427],[80.03264,15.54418],[80.03274,15.54363],[80.03311,15.54364],[80.03311,15.54373],[80.0333,15.54373],[80.03329,15.54382],[80.03339,15.54382],[80.03348,15.544],[80.03357,15.544],[80.03357,15.54391],[80.03441,15.54391],[80.03441,15.544],[80.03451,15.544],[80.0345,15.54455],[80.03301,15.54454]]]},"properties":{"feature_id":"ongole-00046","belt":"ongole","district":"","area_ha":1.45,"lon":80.033556,"lat":15.544164,"source":"obia","sensor":"Sentinel-1 RTC (VV), 10 m","season":"2024 kharif","detected":true,"surveyed":false,"likely_block":false}},{"type":"Feature","geometry":{"type":"Polygon","coordinates":[[[80.1086,15.42164],[80.1086,15.42155],[80.10851,15.42155],[80.10851,15.42146],[80.10832,15.42137],[80.10832,15.42119],[80.10814,15.42119],[80.10814,15.4211],[80.10795,15.42101],[80.10795,15.42083],[80.10786,15.42083],[80.10777,15.42065],[80.10749,15.42064],[80.10749,15.42055],[80.10637,15.42055],[80.10637,15.42028],[80.10665,15.42028],[80.10665,15.42019],[80.10777,15.42019],[80.10777,15.42028],[80.10786,15.42028],[80.10795,15.42047],[80.10814,15.42047],[80.10814,15.42056],[80.10833,15.42056],[80.10842,15.42074],[80.10861,15.42074],[80.10861,15.42083],[80.1087,15.42083],[80.1087,15.42101],[80.10879,15.42101],[80.10879,15.42128],[80.10888,15.42128],[80.10888,15.42164],[80.1086,15.42164]]]},"properties":{"feature_id":"ongole-00047","belt":"ongole","district":"","area_ha":1.42,"lon":80.107832,"lat":15.420736,"source":"obia","sensor":"Sentinel-1 RTC (VV), 10 m","season":"2024 kharif","detected":true,"surveyed":false,"likely_block":false}},{"type":"Feature","geometry":{"type":"Polygon","coordinates":[[[80.02937,15.58538],[80.02937,15.5852],[80.02918,15.58511],[80.02919,15.58484],[80.02909,15.58484],[80.02909,15.58457],[80.029,15.58457],[80.02891,15.58402],[80.02919,15.58403],[80.02928,15.58421],[80.02947,15.58421],[80.02947,15.5843],[80.02966,15.5843],[80.02965,15.58439],[80.03003,15.58439],[80.03003,15.58448],[80.03021,15.58448],[80.03021,15.58466],[80.0304,15.58475],[80.0304,15.58502],[80.03002,15.58511],[80.03002,15.5852],[80.02993,15.5852],[80.02993,15.58529],[80.02974,15.58529],[80.02974,15.58538],[80.02937,15.58538]]]},"properties":{"feature_id":"ongole-00048","belt":"ongole","district":"","area_ha":1.38,"lon":80.029613,"lat":15.58474,"source":"obia","sensor":"Sentinel-1 RTC (VV), 10 m","season":"2024 kharif","detected":true,"surveyed":false,"likely_block":false}},{"type":"Feature","geometry":{"type":"Polygon","coordinates":[[[80.14785,15.46284],[80.14785,15.46275],[80.14776,15.46275],[80.14776,15.46221],[80.14804,15.46221],[80.14804,15.46185],[80.14832,15.46185],[80.14832,15.46167],[80.14842,15.46167],[80.14851,15.46149],[80.14879,15.46149],[80.14879,15.46158],[80.14888,15.46158],[80.14888,15.46176],[80.14907,15.46176],[80.14907,15.46212],[80.14916,15.46212],[80.14916,15.46239],[80.14897,15.46239],[80.14897,15.46248],[80.14879,15.46248],[80.14879,15.46257],[80.14832,15.46257],[80.14832,15.46266],[80.14823,15.46266],[80.14813,15.46284],[80.14785,15.46284]]]},"properties":{"feature_id":"ongole-00049","belt":"ongole","district":"","area_ha":1.35,"lon":80.148458,"lat":15.462184,"source":"obia","sensor":"Sentinel-1 RTC (VV), 10 m","season":"2024 kharif","detected":true,"surveyed":false,"likely_block":false}},{"type":"Feature","geometry":{"type":"Polygon","coordinates":[[[80.08746,15.54712],[80.08746,15.54703],[80.08736,15.54703],[80.08736,15.54676],[80.08727,15.54676],[80.08728,15.54576],[80.08737,15.54576],[80.08737,15.54558],[80.08765,15.54559],[80.08765,15.54568],[80.08784,15.54577],[80.08783,15.54604],[80.08793,15.54604],[80.08793,15.54622],[80.08802,15.54622],[80.08802,15.54631],[80.08821,15.5464],[80.0882,15.54658],[80.08839,15.54667],[80.08839,15.54694],[80.08811,15.54694],[80.08811,15.54703],[80.08792,15.54703],[80.08792,15.54712],[80.08746,15.54712]]]},"properties":{"feature_id":"ongole-00050","belt":"ongole","district":"","area_ha":1.34,"lon":80.087714,"lat":15.546451,"source":"obia","sensor":"Sentinel-1 RTC (VV), 10 m","season":"2024 kharif","detected":true,"surveyed":false,"likely_block":false}},{"type":"Feature","geometry":{"type":"Polygon","coordinates":[[[80.12978,15.50625],[80.12978,15.50616],[80.12959,15.50607],[80.12959,15.50544],[80.12978,15.50544],[80.12978,15.50535],[80.12987,15.50535],[80.12997,15.50517],[80.13015,15.50517],[80.13015,15.50499],[80.13043,15.50499],[80.13043,15.50526],[80.13053,15.50526],[80.13053,15.50535],[80.13062,15.50535],[80.13062,15.50553],[80.1308,15.50562],[80.1308,15.50607],[80.13071,15.50607],[80.13071,15.50616],[80.13043,15.50616],[80.13043,15.50625],[80.12978,15.50625]]]},"properties":{"feature_id":"ongole-00051","belt":"ongole","district":"","area_ha":1.33,"lon":80.130185,"lat":15.505715,"source":"obia","sensor":"Sentinel-1 RTC (VV), 10 m","season":"2024 kharif","detected":true,"surveyed":false,"likely_block":false}},{"type":"Feature","geometry":{"type":"Polygon","coordinates":[[[80.14905,15.46727],[80.14905,15.46709],[80.14886,15.467],[80.14886,15.46682],[80.14877,15.46682],[80.14877,15.46664],[80.14868,15.46664],[80.14868,15.46637],[80.14859,15.46637],[80.14859,15.4661],[80.14868,15.4661],[80.14877,15.46574],[80.14924,15.46574],[80.14924,15.46592],[80.14933,15.46592],[80.14933,15.4661],[80.14943,15.4661],[80.14942,15.46646],[80.14952,15.46646],[80.14952,15.46664],[80.1497,15.46673],[80.1497,15.46709],[80.14942,15.46709],[80.14933,15.46727],[80.14905,15.46727]]]},"properties":{"feature_id":"ongole-00052","belt":"ongole","district":"","area_ha":1.29,"lon":80.149122,"lat":15.466503,"source":"obia","sensor":"Sentinel-1 RTC (VV), 10 m","season":"2024 kharif","detected":true,"surveyed":false,"likely_block":false}},{"type":"Feature","geometry":{"type":"Polygon","coordinates":[[[80.1387,15.44481],[80.1387,15.44472],[80.13861,15.44472],[80.13861,15.44436],[80.13852,15.44436],[80.13852,15.44427],[80.13833,15.44427],[80.13833,15.44445],[80.13796,15.44445],[80.13796,15.44409],[80.13777,15.44409],[80.13777,15.44373],[80.13805,15.44373],[80.13805,15.44364],[80.13824,15.44364],[80.13833,15.44346],[80.13861,15.44346],[80.13861,15.44364],[80.13889,15.44364],[80.13889,15.444],[80.13898,15.444],[80.13898,15.44427],[80.13917,15.44436],[80.13917,15.44473],[80.13907,15.44473],[80.13907,15.44482],[80.1387,15.44481]]]},"properties":{"feature_id":"ongole-00053","belt":"ongole","district":"","area_ha":1.29,"lon":80.138507,"lat":15.444113,"source":"obia","sensor":"Sentinel-1 RTC (VV), 10 m","season":"2024 kharif","detected":true,"surveyed":false,"likely_block":false}},{"type":"Feature","geometry":{"type":"Polygon","coordinates":[[[79.95199,15.58069],[79.95199,15.58033],[79.95236,15.58033],[79.95236,15.58015],[79.95274,15.58006],[79.95274,15.57997],[79.95264,15.57997],[79.95264,15.57988],[79.95246,15.57979],[79.95246,15.57952],[79.95227,15.57942],[79.95227,15.57915],[79.95274,15.57915],[79.95274,15.57925],[79.95293,15.57925],[79.95293,15.57907],[79.95321,15.57907],[79.9532,15.57979],[79.95311,15.57979],[79.95311,15.58006],[79.95301,15.58006],[79.95301,15.58024],[79.95311,15.58024],[79.95311,15.58051],[79.95283,15.58051],[79.95283,15.58042],[79.95236,15.58042],[79.95236,15.5806],[79.95227,15.5806],[79.95227,15.58069],[79.95199,15.58069]]]},"properties":{"feature_id":"ongole-00054","belt":"ongole","district":"","area_ha":1.25,"lon":79.952716,"lat":15.579834,"source":"obia","sensor":"Sentinel-1 RTC (VV), 10 m","season":"2024 kharif","detected":true,"surveyed":false,"likely_block":false}},{"type":"Feature","geometry":{"type":"Polygon","coordinates":[[[80.06569,15.51503],[80.06569,15.51494],[80.06559,15.51494],[80.0656,15.51458],[80.06569,15.51458],[80.06578,15.5144],[80.06597,15.5144],[80.06597,15.51431],[80.06616,15.51431],[80.06616,15.51422],[80.06634,15.51422],[80.06634,15.51413],[80.06662,15.51413],[80.06662,15.51404],[80.06709,15.51404],[80.06709,15.51467],[80.06699,15.51467],[80.06699,15.51476],[80.06681,15.51476],[80.06681,15.51485],[80.06662,15.51485],[80.06662,15.51494],[80.06569,15.51503]]]},"properties":{"feature_id":"ongole-00055","belt":"ongole","district":"","area_ha":1.24,"lon":80.066389,"lat":15.514555,"source":"obia","sensor":"Sentinel-1 RTC (VV), 10 m","season":"2024 kharif","detected":true,"surveyed":false,"likely_block":false}},{"type":"Feature","geometry":{"type":"Polygon","coordinates":[[[80.1289,15.47027],[80.1289,15.47018],[80.12872,15.47018],[80.12872,15.46991],[80.12862,15.46991],[80.12863,15.46936],[80.1289,15.46936],[80.1289,15.46945],[80.129,15.46946],[80.129,15.46936],[80.12993,15.46937],[80.12993,15.46982],[80.12984,15.46982],[80.12983,15.47018],[80.1289,15.47027]]]},"properties":{"feature_id":"ongole-00056","belt":"ongole","district":"","area_ha":1.23,"lon":80.129271,"lat":15.46978,"source":"obia","sensor":"Sentinel-1 RTC (VV), 10 m","season":"2024 kharif","detected":true,"surveyed":false,"likely_block":false}},{"type":"Feature","geometry":{"type":"Polygon","coordinates":[[[80.11396,15.43378],[80.11396,15.4336],[80.11368,15.4336],[80.11368,15.43351],[80.1133,15.4335],[80.1133,15.43341],[80.11312,15.43341],[80.11312,15.43332],[80.11293,15.43323],[80.11293,15.43278],[80.11284,15.43278],[80.11284,15.43251],[80.11349,15.43251],[80.11349,15.4326],[80.11359,15.4326],[80.11359,15.43269],[80.11377,15.43278],[80.11377,15.43296],[80.11387,15.43296],[80.11396,15.43315],[80.11414,15.43315],[80.11414,15.43324],[80.11424,15.43324],[80.11423,15.43378],[80.11396,15.43378]]]},"properties":{"feature_id":"ongole-00057","belt":"ongole","district":"","area_ha":1.23,"lon":80.113519,"lat":15.433107,"source":"obia","sensor":"Sentinel-1 RTC (VV), 10 m","season":"2024 kharif","detected":true,"surveyed":false,"likely_block":false}},{"type":"Feature","geometry":{"type":"Polygon","coordinates":[[[80.03934,15.54728],[80.03934,15.54719],[80.03925,15.54719],[80.03925,15.54692],[80.03944,15.54683],[80.03953,15.54628],[80.04009,15.54629],[80.04009,15.54638],[80.04028,15.54638],[80.04028,15.54665],[80.04055,15.54665],[80.04055,15.54683],[80.04065,15.54683],[80.04065,15.5471],[80.04046,15.5471],[80.04046,15.54719],[80.04027,15.54719],[80.04027,15.54728],[80.03934,15.54728]]]},"properties":{"feature_id":"ongole-00058","belt":"ongole","district":"","area_ha":1.22,"lon":80.039921,"lat":15.546838,"source":"obia","sensor":"Sentinel-1 RTC (VV), 10 m","season":"2024 kharif","detected":true,"surveyed":false,"likely_block":false}},{"type":"Feature","geometry":{"type":"Polygon","coordinates":[[[80.15022,15.45525],[80.15022,15.45498],[80.15012,15.45498],[80.15012,15.45462],[80.14975,15.45453],[80.14975,15.45408],[80.14985,15.45408],[80.14985,15.45399],[80.14994,15.45399],[80.15003,15.45381],[80.15022,15.45381],[80.15022,15.45372],[80.15059,15.45372],[80.15059,15.45381],[80.15069,15.45381],[80.15068,15.45508],[80.15059,15.45508],[80.15049,15.45526],[80.15022,15.45525]]]},"properties":{"feature_id":"ongole-00059","belt":"ongole","district":"","area_ha":1.22,"lon":80.150304,"lat":15.454412,"source":"obia","sensor":"Sentinel-1 RTC (VV), 10 m","season":"2024 kharif","detected":true,"surveyed":false,"likely_block":false}},{"type":"Feature","geometry":{"type":"Polygon","coordinates":[[[80.1032,15.42108],[80.1032,15.42081],[80.10339,15.42081],[80.10339,15.42072],[80.10385,15.42072],[80.10385,15.42063],[80.10432,15.42063],[80.10432,15.42054],[80.10507,15.42054],[80.10507,15.42045],[80.10535,15.42046],[80.10535,15.42036],[80.1059,15.42037],[80.1059,15.42073],[80.10525,15.42073],[80.10525,15.42091],[80.10516,15.42091],[80.10516,15.421],[80.10432,15.42099],[80.10432,15.4209],[80.10404,15.4209],[80.10404,15.42099],[80.10385,15.42099],[80.10385,15.42108],[80.1032,15.42108]]]},"properties":{"feature_id":"ongole-00060","belt":"ongole","district":"","area_ha":1.21,"lon":80.104599,"lat":15.420748,"source":"obia","sensor":"Sentinel-1 RTC (VV), 10 m","season":"2024 kharif","detected":true,"surveyed":false,"likely_block":false}},{"type":"Feature","geometry":{"type":"Polygon","coordinates":[[[79.99041,15.60057],[79.99041,15.59967],[79.9906,15.59967],[79.9906,15.59949],[79.99134,15.59949],[79.99134,15.5994],[79.99172,15.5994],[79.99171,15.59986],[79.99162,15.59986],[79.99153,15.60004],[79.99125,15.60004],[79.99125,15.60022],[79.99106,15.60022],[79.99106,15.60031],[79.99097,15.60031],[79.99097,15.6004],[79.99078,15.60039],[79.99068,15.60058],[79.99041,15.60057]]]},"properties":{"feature_id":"ongole-00061","belt":"ongole","district":"","area_ha":1.19,"lon":79.990979,"lat":15.599909,"source":"obia","sensor":"Sentinel-1 RTC (VV), 10 m","season":"2024 kharif","detected":true,"surveyed":false,"likely_block":false}},{"type":"Feature","geometry":{"type":"Polygon","coordinates":[[[79.96339,15.55706],[79.96349,15.55634],[79.96358,15.55634],[79.96367,15.55616],[79.96405,15.55616],[79.96405,15.55607],[79.96423,15.55607],[79.96423,15.55598],[79.9647,15.55598],[79.9647,15.55616],[79.96479,15.55616],[79.96479,15.55652],[79.9647,15.55652],[79.9646,15.5567],[79.96442,15.5567],[79.96442,15.55679],[79.96404,15.55679],[79.96395,15.55697],[79.96367,15.55697],[79.96367,15.55706],[79.96339,15.55706]]]},"properties":{"feature_id":"ongole-00062","belt":"ongole","district":"","area_ha":1.17,"lon":79.964079,"lat":15.556485,"source":"obia","sensor":"Sentinel-1 RTC (VV), 10 m","season":"2024 kharif","detected":true,"surveyed":false,"likely_block":false}},{"type":"Feature","geometry":{"type":"Polygon","coordinates":[[[80.08782,15.54875],[80.08782,15.54857],[80.08773,15.54857],[80.08773,15.54803],[80.08764,15.54803],[80.08764,15.54757],[80.08773,15.54757],[80.08773,15.54748],[80.0882,15.54749],[80.0882,15.5474],[80.08876,15.54731],[80.08876,15.54758],[80.08867,15.54758],[80.08867,15.54776],[80.08857,15.54776],[80.08848,15.54812],[80.08838,15.54812],[80.08838,15.54821],[80.0882,15.5483],[80.0882,15.54857],[80.0881,15.54857],[80.0881,15.54875],[80.08782,15.54875]]]},"properties":{"feature_id":"ongole-00063","belt":"ongole","district":"","area_ha":1.13,"lon":80.088123,"lat":15.547936,"source":"obia","sensor":"Sentinel-1 RTC (VV), 10 m","season":"2024 kharif","detected":true,"surveyed":false,"likely_block":false}},{"type":"Feature","geometry":{"type":"Polygon","coordinates":[[[80.08808,15.44805],[80.08817,15.44732],[80.08808,15.44732],[80.08808,15.44696],[80.08799,15.44696],[80.08799,15.44678],[80.0879,15.44678],[80.0879,15.44642],[80.08808,15.44642],[80.08808,15.44633],[80.08855,15.44633],[80.08855,15.44696],[80.08864,15.44696],[80.08864,15.44805],[80.08808,15.44805]]]},"properties":{"feature_id":"ongole-00064","belt":"ongole","district":"","area_ha":1.13,"lon":80.088323,"lat":15.447162,"source":"obia","sensor":"Sentinel-1 RTC (VV), 10 m","season":"2024 kharif","detected":true,"surveyed":false,"likely_block":false}},{"type":"Feature","geometry":{"type":"Polygon","coordinates":[[[80.10272,15.61914],[80.10272,15.61878],[80.10281,15.61878],[80.10281,15.6186],[80.10253,15.6186],[80.10253,15.61878],[80.10225,15.61878],[80.10225,15.61869],[80.10216,15.61869],[80.10216,15.61832],[80.10235,15.61833],[80.10235,15.61823],[80.10244,15.61824],[80.10244,15.61814],[80.10263,15.61815],[80.10263,15.61806],[80.10291,15.61806],[80.10291,15.61815],[80.103,15.61815],[80.103,15.61824],[80.10309,15.61824],[80.10319,15.61842],[80.10337,15.61842],[80.10337,15.61851],[80.10347,15.61851],[80.10346,15.6186],[80.10365,15.61869],[80.10365,15.61896],[80.10346,15.61896],[80.10346,15.61905],[80.10318,15.61905],[80.10318,15.61914],[80.10272,15.61914]]]},"properties":{"feature_id":"ongole-00065","belt":"ongole","district":"","area_ha":1.12,"lon":80.102905,"lat":15.618617,"source":"obia","sensor":"Sentinel-1 RTC (VV), 10 m","season":"2024 kharif","detected":true,"surveyed":false,"likely_block":false}},{"type":"Feature","geometry":{"type":"Polygon","coordinates":[[[80.13412,15.51422],[80.13413,15.51368],[80.13422,15.51368],[80.13422,15.51323],[80.13441,15.51323],[80.13441,15.51314],[80.13469,15.51314],[80.13469,15.51305],[80.13497,15.51305],[80.13497,15.51314],[80.13506,15.51314],[80.13506,15.5135],[80.13525,15.5135],[80.13524,15.51387],[80.13515,15.51387],[80.13515,15.51396],[80.13496,15.51396],[80.13496,15.51405],[80.13468,15.51404],[80.13468,15.51413],[80.13412,15.51422]]]},"properties":{"feature_id":"ongole-00066","belt":"ongole","district":"","area_ha":1.12,"lon":80.13465,"lat":15.513644,"source":"obia","sensor":"Sentinel-1 RTC (VV), 10 m","season":"2024 kharif","detected":true,"surveyed":false,"likely_block":false}},{"type":"Feature","geometry":{"type":"Polygon","coordinates":[[[80.11588,15.4421],[80.11588,15.44201],[80.11569,15.44192],[80.11569,15.44156],[80.1156,15.44156],[80.1156,15.44138],[80.11551,15.44138],[80.11551,15.4412],[80.11542,15.4412],[80.11542,15.44093],[80.11579,15.44093],[80.11588,15.44111],[80.11607,15.44111],[80.11607,15.4412],[80.11625,15.4412],[80.11625,15.44129],[80.11663,15.44129],[80.11663,15.44147],[80.11672,15.44147],[80.11672,15.44183],[80.11634,15.44192],[80.11634,15.4421],[80.11588,15.4421]]]},"properties":{"feature_id":"ongole-00067","belt":"ongole","district":"","area_ha":1.12,"lon":80.116059,"lat":15.441536,"source":"obia","sensor":"Sentinel-1 RTC (VV), 10 m","season":"2024 kharif","detected":true,"surveyed":false,"likely_block":false}},{"type":"Feature","geometry":{"type":"Polygon","coordinates":[[[80.11553,15.43568],[80.11553,15.4355],[80.11544,15.4355],[80.11544,15.43514],[80.11535,15.43514],[80.11535,15.43451],[80.116,15.43451],[80.116,15.43469],[80.11619,15.43478],[80.11619,15.43496],[80.11628,15.43496],[80.11628,15.43505],[80.11647,15.43514],[80.11646,15.43542],[80.11637,15.43542],[80.11637,15.43551],[80.11591,15.4355],[80.11581,15.43568],[80.11553,15.43568]]]},"properties":{"feature_id":"ongole-00068","belt":"ongole","district":"","area_ha":1.11,"lon":80.11583,"lat":15.435081,"source":"obia","sensor":"Sentinel-1 RTC (VV), 10 m","season":"2024 kharif","detected":true,"surveyed":false,"likely_block":false}},{"type":"Feature","geometry":{"type":"Polygon","coordinates":[[[80.1054,15.55831],[80.10541,15.55822],[80.10531,15.55822],[80.10531,15.55804],[80.10513,15.55795],[80.10513,15.55768],[80.10494,15.55759],[80.10494,15.55723],[80.10504,15.55723],[80.10504,15.55714],[80.10522,15.55714],[80.10522,15.55705],[80.1055,15.55705],[80.1055,15.55723],[80.1056,15.55723],[80.1056,15.55732],[80.10569,15.55732],[80.10569,15.55741],[80.10587,15.5575],[80.10587,15.55768],[80.10606,15.55777],[80.10606,15.55814],[80.10597,15.55814],[80.10596,15.55823],[80.10578,15.55822],[80.10578,15.55832],[80.1054,15.55831]]]},"properties":{"feature_id":"ongole-00069","belt":"ongole","district":"","area_ha":1.08,"lon":80.105492,"lat":15.557705,"source":"obia","sensor":"Sentinel-1 RTC (VV), 10 m","season":"2024 kharif","detected":true,"surveyed":false,"likely_block":false}},{"type":"Feature","geometry":{"type":"Polygon","coordinates":[[[80.13903,15.43234],[80.13903,15.43207],[80.13931,15.43207],[80.13931,15.43189],[80.13941,15.43189],[80.13941,15.4318],[80.1395,15.4318],[80.1395,15.43171],[80.13959,15.43171],[80.13959,15.43162],[80.13978,15.43153],[80.13978,15.43135],[80.13987,15.43135],[80.13987,15.43126],[80.14015,15.43126],[80.14015,15.43117],[80.14025,15.43117],[80.14025,15.43108],[80.14034,15.43108],[80.14034,15.43099],[80.14044,15.43099],[80.14044,15.4309],[80.14062,15.43081],[80.14062,15.43063],[80.14072,15.43063],[80.14072,15.43054],[80.141,15.43054],[80.141,15.43081],[80.14081,15.4309],[80.14081,15.43108],[80.14071,15.43108],[80.14071,15.43117],[80.14062,15.43117],[80.14062,15.43126],[80.14043,15.43135],[80.14043,15.43153],[80.14034,15.43153],[80.14034,15.43162],[80.14025,15.43162],[80.14025,15.43171],[80.14015,15.43171],[80.14006,15.43189],[80.13969,15.43198],[80.13959,15.43216],[80.13931,15.43216],[80.13931,15.43234],[80.13903,15.43234]]]},"properties":{"feature_id":"ongole-00070","belt":"ongole","district":"","area_ha":1.05,"lon":80.140071,"lat":15.431473,"source":"obia","sensor":"Sentinel-1 RTC (VV), 10 m","season":"2024 kharif","detected":true,"surveyed":false,"likely_block":false}},{"type":"Feature","geometry":{"type":"Polygon","coordinates":[[[80.11906,15.4385],[80.11906,15.43841],[80.11888,15.43841],[80.11878,15.43823],[80.1186,15.43823],[80.1186,15.43832],[80.11813,15.43831],[80.11813,15.43795],[80.11832,15.43786],[80.11841,15.4375],[80.11879,15.4375],[80.11879,15.43759],[80.11897,15.4376],[80.11897,15.43769],[80.11925,15.43769],[80.11925,15.43787],[80.11944,15.43787],[80.11944,15.43814],[80.11934,15.43814],[80.11934,15.4385],[80.11906,15.4385]]]},"properties":{"feature_id":"ongole-00071","belt":"ongole","district":"","area_ha":1.03,"lon":80.118795,"lat":15.438002,"source":"obia","sensor":"Sentinel-1 RTC (VV), 10 m","season":"2024 kharif","detected":true,"surveyed":false,"likely_block":false}},{"type":"Feature","geometry":{"type":"Polygon","coordinates":[[[80.14615,15.49149],[80.14615,15.49131],[80.14606,15.49131],[80.14606,15.49104],[80.14597,15.49104],[80.14597,15.49086],[80.14587,15.49086],[80.14588,15.49058],[80.14616,15.49059],[80.14616,15.49068],[80.14662,15.49068],[80.14662,15.49059],[80.14774,15.49059],[80.14774,15.49086],[80.14765,15.49086],[80.14765,15.49095],[80.14746,15.49095],[80.14746,15.49104],[80.14718,15.49104],[80.14718,15.49086],[80.1469,15.49086],[80.1469,15.49095],[80.14671,15.49095],[80.14662,15.49113],[80.14643,15.49113],[80.14643,15.49149],[80.14615,15.49149]]]},"properties":{"feature_id":"ongole-00072","belt":"ongole","district":"","area_ha":1.01,"lon":80.146697,"lat":15.490885,"source":"obia","sensor":"Sentinel-1 RTC (VV), 10 m","season":"2024 kharif","detected":true,"surveyed":false,"likely_block":false}},{"type":"Feature","geometry":{"type":"Polygon","coordinates":[[[80.0165,15.58505],[80.0165,15.58469],[80.01641,15.58469],[80.01632,15.58415],[80.0166,15.58415],[80.0166,15.58406],[80.01707,15.58406],[80.01707,15.58415],[80.01735,15.58415],[80.01734,15.58424],[80.01753,15.58433],[80.01753,15.58461],[80.01744,15.58461],[80.01734,15.58479],[80.01716,15.58479],[80.01716,15.58488],[80.01688,15.58487],[80.01678,15.58505],[80.0165,15.58505]]]},"properties":{"feature_id":"ongole-00073","belt":"ongole","district":"","area_ha":0.99,"lon":80.01689,"lat":15.584503,"source":"obia","sensor":"Sentinel-1 RTC (VV), 10 m","season":"2024 kharif","detected":true,"surveyed":false,"likely_block":false}},{"type":"Feature","geometry":{"type":"Polygon","coordinates":[[[79.97246,15.43932],[79.97246,15.43913],[79.97227,15.43904],[79.97227,15.4385],[79.97246,15.4385],[79.97246,15.43841],[79.97293,15.43841],[79.97293,15.43832],[79.97321,15.43832],[79.9732,15.43923],[79.97311,15.43923],[79.97311,15.43932],[79.97246,15.43932]]]},"properties":{"feature_id":"ongole-00074","belt":"ongole","district":"","area_ha":0.95,"lon":79.972772,"lat":15.438836,"source":"obia","sensor":"Sentinel-1 RTC (VV), 10 m","season":"2024 kharif","detected":true,"surveyed":false,"likely_block":false}},{"type":"Feature","geometry":{"type":"Polygon","coordinates":[[[79.98881,15.60346],[79.98881,15.60337],[79.98871,15.60337],[79.98871,15.60292],[79.98881,15.60292],[79.9889,15.60274],[79.98956,15.60274],[79.98955,15.60283],[79.98983,15.60283],[79.98983,15.60292],[79.99002,15.60292],[79.99002,15.60328],[79.98974,15.60328],[79.98964,15.60346],[79.98881,15.60346]]]},"properties":{"feature_id":"ongole-00075","belt":"ongole","district":"","area_ha":0.94,"lon":79.989321,"lat":15.603107,"source":"obia","sensor":"Sentinel-1 RTC (VV), 10 m","season":"2024 kharif","detected":true,"surveyed":false,"likely_block":false}},{"type":"Feature","geometry":{"type":"Polygon","coordinates":[[[80.14018,15.4488],[80.14018,15.44871],[80.14008,15.44871],[80.14008,15.44853],[80.1399,15.44853],[80.1399,15.44843],[80.1398,15.44843],[80.13981,15.44798],[80.1399,15.44798],[80.1399,15.44789],[80.13971,15.44789],[80.13971,15.44771],[80.13962,15.44771],[80.13962,15.44717],[80.14,15.44717],[80.13999,15.44762],[80.14009,15.44762],[80.14009,15.44789],[80.14027,15.44789],[80.14027,15.44835],[80.14036,15.44835],[80.14036,15.44853],[80.14055,15.44853],[80.14055,15.44826],[80.14083,15.44826],[80.14083,15.44853],[80.14064,15.44853],[80.14064,15.4488],[80.14018,15.4488]]]},"properties":{"feature_id":"ongole-00076","belt":"ongole","district":"","area_ha":0.94,"lon":80.140101,"lat":15.448076,"source":"obia","sensor":"Sentinel-1 RTC (VV), 10 m","season":"2024 kharif","detected":true,"surveyed":false,"likely_block":false}},{"type":"Feature","geometry":{"type":"Polygon","coordinates":[[[80.01214,15.44383],[80.01214,15.44374],[80.01177,15.44365],[80.01177,15.4432],[80.01167,15.4432],[80.01158,15.44302],[80.0113,15.44302],[80.0113,15.44293],[80.01112,15.44293],[80.01112,15.44284],[80.01102,15.44284],[80.01102,15.44256],[80.01112,15.44256],[80.01121,15.44238],[80.01149,15.44239],[80.01149,15.44248],[80.01168,15.44248],[80.01168,15.44257],[80.01177,15.44257],[80.01177,15.44275],[80.01186,15.44275],[80.01186,15.44293],[80.01196,15.44293],[80.01195,15.44302],[80.01214,15.44311],[80.01223,15.44347],[80.01242,15.44356],[80.01242,15.44384],[80.01214,15.44383]]]},"properties":{"feature_id":"ongole-00077","belt":"ongole","district":"","area_ha":0.94,"lon":80.011725,"lat":15.443064,"source":"obia","sensor":"Sentinel-1 RTC (VV), 10 m","season":"2024 kharif","detected":true,"surveyed":false,"likely_block":false}},{"type":"Feature","geometry":{"type":"Polygon","coordinates":[[[80.10682,15.46756],[80.10673,15.4672],[80.10654,15.46711],[80.10654,15.46683],[80.10636,15.46683],[80.10636,15.46665],[80.10627,15.46665],[80.10627,15.46638],[80.10683,15.46647],[80.10682,15.46666],[80.1072,15.46675],[80.1072,15.46684],[80.10729,15.46684],[80.10729,15.46702],[80.10748,15.46702],[80.10747,15.46747],[80.1071,15.46747],[80.1071,15.46756],[80.10682,15.46756]]]},"properties":{"feature_id":"ongole-00078","belt":"ongole","district":"","area_ha":0.92,"lon":80.106898,"lat":15.466991,"source":"obia","sensor":"Sentinel-1 RTC (VV), 10 m","season":"2024 kharif","detected":true,"surveyed":false,"likely_block":false}},{"type":"Feature","geometry":{"type":"Polygon","coordinates":[[[80.05584,15.54726],[80.05585,15.5469],[80.05603,15.5469],[80.05603,15.54672],[80.05622,15.54672],[80.05622,15.54663],[80.05631,15.54663],[80.05641,15.54645],[80.05659,15.54645],[80.0566,15.54627],[80.05669,15.54627],[80.05678,15.54609],[80.05716,15.54609],[80.05716,15.54591],[80.05725,15.54591],[80.05725,15.54582],[80.05753,15.54582],[80.05753,15.54609],[80.05744,15.54609],[80.05743,15.54618],[80.05716,15.54618],[80.05715,15.54636],[80.05697,15.54636],[80.05697,15.54654],[80.05687,15.54654],[80.05687,15.54663],[80.05678,15.54663],[80.05678,15.54672],[80.05659,15.54681],[80.05659,15.54699],[80.0565,15.54699],[80.0565,15.54708],[80.0564,15.54708],[80.05631,15.54726],[80.05584,15.54726]]]},"properties":{"feature_id":"ongole-00079","belt":"ongole","district":"","area_ha":0.9,"lon":80.05661,"lat":15.546597,"source":"obia","sensor":"Sentinel-1 RTC (VV), 10 m","season":"2024 kharif","detected":true,"surveyed":false,"likely_block":false}},{"type":"Feature","geometry":{"type":"Polygon","coordinates":[[[80.04026,15.44857],[80.04026,15.4483],[80.04045,15.44821],[80.04045,15.44803],[80.04082,15.44803],[80.04082,15.44812],[80.04092,15.44812],[80.04092,15.44794],[80.0411,15.44794],[80.0412,15.44776],[80.04148,15.44776],[80.04148,15.44794],[80.04166,15.44803],[80.04166,15.44848],[80.04157,15.44848],[80.04157,15.44857],[80.04119,15.44857],[80.0411,15.44839],[80.04092,15.44839],[80.04091,15.44848],[80.04064,15.44848],[80.04063,15.44857],[80.04026,15.44857]]]},"properties":{"feature_id":"ongole-00080","belt":"ongole","district":"","area_ha":0.89,"lon":80.041042,"lat":15.448231,"source":"obia","sensor":"Sentinel-1 RTC (VV), 10 m","season":"2024 kharif","detected":true,"surveyed":false,"likely_block":false}},{"type":"Feature","geometry":{"type":"Polygon","coordinates":[[[79.94996,15.57625],[79.94996,15.57616],[79.94977,15.57616],[79.94977,15.57598],[79.94968,15.57598],[79.94968,15.57589],[79.94959,15.57589],[79.94959,15.5758],[79.9494,15.5757],[79.9494,15.57534],[79.94968,15.57534],[79.94968,15.57516],[79.95015,15.57517],[79.95015,15.57535],[79.95024,15.57535],[79.95024,15.57571],[79.95043,15.5758],[79.95042,15.57607],[79.95033,15.57607],[79.95024,15.57625],[79.94996,15.57625]]]},"properties":{"feature_id":"ongole-00081","belt":"ongole","district":"","area_ha":0.88,"lon":79.949927,"lat":15.57569,"source":"obia","sensor":"Sentinel-1 RTC (VV), 10 m","season":"2024 kharif","detected":true,"surveyed":false,"likely_block":false}},{"type":"Feature","geometry":{"type":"Polygon","coordinates":[[[80.11582,15.56577],[80.11582,15.5655],[80.11591,15.5655],[80.11601,15.56532],[80.11629,15.56532],[80.11629,15.56523],[80.11638,15.56523],[80.11638,15.56514],[80.11657,15.56514],[80.11657,15.56496],[80.11675,15.56496],[80.11675,15.56487],[80.11685,15.56487],[80.11685,15.56478],[80.11694,15.56478],[80.11694,15.56469],[80.11703,15.56469],[80.11713,15.56451],[80.11731,15.56451],[80.11741,15.56433],[80.11769,15.56433],[80.11769,15.5646],[80.11759,15.5646],[80.11759,15.56469],[80.11741,15.56469],[80.11741,15.56478],[80.11722,15.56487],[80.11722,15.56505],[80.11713,15.56505],[80.11713,15.56514],[80.11694,15.56514],[80.11685,15.56532],[80.11666,15.56532],[80.11666,15.56541],[80.11656,15.56541],[80.11656,15.5655],[80.11638,15.5655],[80.11628,15.56568],[80.1161,15.56568],[80.1161,15.56577],[80.11582,15.56577]]]},"properties":{"feature_id":"ongole-00082","belt":"ongole","district":"","area_ha":0.87,"lon":80.116766,"lat":15.565071,"source":"obia","sensor":"Sentinel-1 RTC (VV), 10 m","season":"2024 kharif","detected":true,"surveyed":false,"likely_block":false}},{"type":"Feature","geometry":{"type":"Polygon","coordinates":[[[80.12164,15.53515],[80.12164,15.53506],[80.12154,15.53506],[80.12154,15.5346],[80.12164,15.5346],[80.12173,15.53442],[80.12229,15.53443],[80.12229,15.53434],[80.12257,15.53434],[80.12257,15.5347],[80.12248,15.5347],[80.12248,15.53479],[80.12266,15.53479],[80.12266,15.53506],[80.12229,15.53506],[80.12229,15.53515],[80.12164,15.53515]]]},"properties":{"feature_id":"ongole-00083","belt":"ongole","district":"","area_ha":0.86,"lon":80.122092,"lat":15.534773,"source":"obia","sensor":"Sentinel-1 RTC (VV), 10 m","season":"2024 kharif","detected":true,"surveyed":false,"likely_block":false}},{"type":"Feature","geometry":{"type":"Polygon","coordinates":[[[80.15029,15.46041],[80.15029,15.46032],[80.15019,15.46032],[80.1502,15.46014],[80.15001,15.46014],[80.15001,15.46004],[80.14964,15.46004],[80.14964,15.45995],[80.14954,15.45995],[80.14954,15.45968],[80.14973,15.45968],[80.14973,15.45959],[80.14992,15.45959],[80.14992,15.4595],[80.1501,15.4595],[80.15011,15.45941],[80.15057,15.45941],[80.15057,15.4595],[80.15066,15.45951],[80.15066,15.45978],[80.15048,15.45978],[80.15038,15.45996],[80.15066,15.45996],[80.15066,15.46041],[80.15029,15.46041]],[[80.15029,15.46005],[80.15038,15.46005],[80.15038,15.45996],[80.15029,15.45996],[80.15029,15.46005]]]},"properties":{"feature_id":"ongole-00084","belt":"ongole","district":"","area_ha":0.85,"lon":80.150198,"lat":15.459866,"source":"obia","sensor":"Sentinel-1 RTC (VV), 10 m","season":"2024 kharif","detected":true,"surveyed":false,"likely_block":false}},{"type":"Feature","geometry":{"type":"Polygon","coordinates":[[[80.11228,15.43431],[80.11228,15.43422],[80.11209,15.43422],[80.11209,15.43413],[80.112,15.43413],[80.112,15.43404],[80.11181,15.43395],[80.11172,15.43323],[80.112,15.43323],[80.112,15.43314],[80.11237,15.43314],[80.11237,15.43323],[80.11247,15.43323],[80.11246,15.43404],[80.11256,15.43404],[80.11256,15.43432],[80.11228,15.43431]]]},"properties":{"feature_id":"ongole-00085","belt":"ongole","district":"","area_ha":0.84,"lon":80.112158,"lat":15.433689,"source":"obia","sensor":"Sentinel-1 RTC (VV), 10 m","season":"2024 kharif","detected":true,"surveyed":false,"likely_block":false}},{"type":"Feature","geometry":{"type":"Polygon","coordinates":[[[80.08738,15.54432],[80.08738,15.54423],[80.08728,15.54423],[80.08728,15.54387],[80.08738,15.54387],[80.08738,15.54369],[80.08728,15.54369],[80.08729,15.54323],[80.08738,15.54323],[80.08747,15.54287],[80.08775,15.54287],[80.08775,15.54314],[80.08785,15.54315],[80.08784,15.54369],[80.08775,15.54369],[80.08775,15.54378],[80.08784,15.54378],[80.08784,15.54423],[80.08775,15.54423],[80.08775,15.54432],[80.08738,15.54432]]]},"properties":{"feature_id":"ongole-00086","belt":"ongole","district":"","area_ha":0.82,"lon":80.087574,"lat":15.543636,"source":"obia","sensor":"Sentinel-1 RTC (VV), 10 m","season":"2024 kharif","detected":true,"surveyed":false,"likely_block":false}},{"type":"Feature","geometry":{"type":"Polygon","coordinates":[[[80.12027,15.43941],[80.12027,15.43923],[80.1198,15.43923],[80.11981,15.43895],[80.1199,15.43895],[80.1199,15.43877],[80.11999,15.43877],[80.11999,15.43868],[80.12018,15.43859],[80.12018,15.43841],[80.12046,15.43841],[80.12046,15.4386],[80.12055,15.4386],[80.12055,15.43869],[80.12064,15.43869],[80.12064,15.43878],[80.12074,15.43878],[80.12074,15.43887],[80.12092,15.43896],[80.12092,15.43923],[80.12074,15.43923],[80.12064,15.43941],[80.12027,15.43941]]]},"properties":{"feature_id":"ongole-00087","belt":"ongole","district":"","area_ha":0.82,"lon":80.120362,"lat":15.438964,"source":"obia","sensor":"Sentinel-1 RTC (VV), 10 m","season":"2024 kharif","detected":true,"surveyed":false,"likely_block":false}},{"type":"Feature","geometry":{"type":"Polygon","coordinates":[[[80.13521,15.45393],[80.13521,15.45375],[80.13512,15.45375],[80.13512,15.45366],[80.13494,15.45366],[80.13494,15.45348],[80.13475,15.45339],[80.13475,15.45312],[80.13466,15.45312],[80.13466,15.45284],[80.13475,15.45284],[80.13475,15.45275],[80.13522,15.45276],[80.13522,15.45303],[80.13531,15.45303],[80.13531,15.45321],[80.1354,15.45321],[80.1354,15.4533],[80.13559,15.45339],[80.13559,15.45393],[80.13521,15.45393]]]},"properties":{"feature_id":"ongole-00088","belt":"ongole","district":"","area_ha":0.8,"lon":80.13514,"lat":15.453324,"source":"obia","sensor":"Sentinel-1 RTC (VV), 10 m","season":"2024 kharif","detected":true,"surveyed":false,"likely_block":false}},{"type":"Feature","geometry":{"type":"Polygon","coordinates":[[[80.03228,15.46173],[80.03228,15.46164],[80.03209,15.46155],[80.03209,15.46137],[80.032,15.46137],[80.032,15.46092],[80.0321,15.46092],[80.0321,15.46083],[80.03228,15.46083],[80.03228,15.46074],[80.03256,15.46074],[80.03256,15.46083],[80.03266,15.46083],[80.03265,15.46101],[80.03275,15.46101],[80.03275,15.46119],[80.03284,15.46119],[80.03284,15.46164],[80.03274,15.46164],[80.03274,15.46173],[80.03228,15.46173]]]},"properties":{"feature_id":"ongole-00089","belt":"ongole","district":"","area_ha":0.78,"lon":80.032423,"lat":15.461256,"source":"obia","sensor":"Sentinel-1 RTC (VV), 10 m","season":"2024 kharif","detected":true,"surveyed":false,"likely_block":false}},{"type":"Feature","geometry":{"type":"Polygon","coordinates":[[[80.13925,15.42402],[80.13925,15.42375],[80.13916,15.42375],[80.13916,15.42357],[80.13907,15.42357],[80.13907,15.4233],[80.13916,15.4233],[80.13916,15.42321],[80.13926,15.42321],[80.13935,15.42303],[80.13963,15.42303],[80.13963,15.4233],[80.13953,15.4233],[80.13953,15.42339],[80.13972,15.42339],[80.13972,15.42348],[80.13991,15.42348],[80.13991,15.4233],[80.14019,15.4233],[80.14019,15.42358],[80.13991,15.42357],[80.1399,15.42394],[80.13972,15.42394],[80.13972,15.42403],[80.13925,15.42402]]]},"properties":{"feature_id":"ongole-00090","belt":"ongole","district":"","area_ha":0.77,"lon":80.13955,"lat":15.423559,"source":"obia","sensor":"Sentinel-1 RTC (VV), 10 m","season":"2024 kharif","detected":true,"surveyed":false,"likely_block":false}},{"type":"Feature","geometry":{"type":"Polygon","coordinates":[[[80.13972,15.42249],[80.13972,15.4224],[80.13963,15.4224],[80.13963,15.42222],[80.13954,15.42222],[80.13954,15.42186],[80.13963,15.42186],[80.13963,15.42177],[80.13982,15.42177],[80.13991,15.42159],[80.14019,15.42159],[80.14019,15.42168],[80.14038,15.42168],[80.14038,15.42186],[80.14047,15.42186],[80.14047,15.42222],[80.14038,15.42222],[80.14038,15.42231],[80.14028,15.42231],[80.14019,15.42249],[80.13972,15.42249]]]},"properties":{"feature_id":"ongole-00091","belt":"ongole","district":"","area_ha":0.77,"lon":80.140008,"lat":15.422053,"source":"obia","sensor":"Sentinel-1 RTC (VV), 10 m","season":"2024 kharif","detected":true,"surveyed":false,"likely_block":false}},{"type":"Feature","geometry":{"type":"Polygon","coordinates":[[[80.141,15.43018],[80.141,15.42918],[80.14091,15.42918],[80.14091,15.42891],[80.14082,15.42891],[80.14082,15.42855],[80.14063,15.42846],[80.14063,15.42819],[80.14091,15.42819],[80.14091,15.42828],[80.14101,15.42828],[80.141,15.42846],[80.1411,15.42846],[80.1411,15.42864],[80.14119,15.42864],[80.14119,15.42891],[80.14128,15.42891],[80.14128,15.43018],[80.141,15.43018]]]},"properties":{"feature_id":"ongole-00092","belt":"ongole","district":"","area_ha":0.75,"lon":80.141042,"lat":15.429131,"source":"obia","sensor":"Sentinel-1 RTC (VV), 10 m","season":"2024 kharif","detected":true,"surveyed":false,"likely_block":false}},{"type":"Feature","geometry":{"type":"Polygon","coordinates":[[[80.11706,15.60247],[80.11706,15.60211],[80.11697,15.60211],[80.11697,15.6022],[80.1165,15.6022],[80.1165,15.60193],[80.11641,15.60193],[80.11641,15.60157],[80.1165,15.60157],[80.1165,15.60139],[80.1166,15.60139],[80.1166,15.6013],[80.11688,15.6013],[80.11688,15.60139],[80.11706,15.60148],[80.11706,15.60184],[80.11716,15.60184],[80.11715,15.60211],[80.11734,15.60211],[80.11734,15.60248],[80.11706,15.60247]]]},"properties":{"feature_id":"ongole-00093","belt":"ongole","district":"","area_ha":0.74,"lon":80.116838,"lat":15.601863,"source":"obia","sensor":"Sentinel-1 RTC (VV), 10 m","season":"2024 kharif","detected":true,"surveyed":false,"likely_block":false}},{"type":"Feature","geometry":{"type":"Polygon","coordinates":[[[80.01172,15.4921],[80.01172,15.49192],[80.01163,15.49192],[80.01163,15.49147],[80.01172,15.49147],[80.01173,15.49138],[80.01219,15.49138],[80.01219,15.49129],[80.01247,15.49129],[80.01247,15.49211],[80.01172,15.4921]]]},"properties":{"feature_id":"ongole-00094","belt":"ongole","district":"","area_ha":0.72,"lon":80.012077,"lat":15.491725,"source":"obia","sensor":"Sentinel-1 RTC (VV), 10 m","season":"2024 kharif","detected":true,"surveyed":false,"likely_block":false}},{"type":"Feature","geometry":{"type":"Polygon","coordinates":[[[80.13852,15.42185],[80.13852,15.42149],[80.13814,15.42149],[80.13815,15.42122],[80.13824,15.42122],[80.13824,15.42104],[80.13843,15.42104],[80.13852,15.42086],[80.13889,15.42086],[80.13889,15.42122],[80.1387,15.42122],[80.1387,15.42131],[80.13861,15.42131],[80.13861,15.42149],[80.1388,15.42149],[80.13889,15.42131],[80.13926,15.42131],[80.13926,15.42158],[80.13917,15.42158],[80.13917,15.42167],[80.13898,15.42167],[80.13898,15.42176],[80.1388,15.42176],[80.1388,15.42185],[80.13852,15.42185]]]},"properties":{"feature_id":"ongole-00095","belt":"ongole","district":"","area_ha":0.71,"lon":80.138684,"lat":15.421356,"source":"obia","sensor":"Sentinel-1 RTC (VV), 10 m","season":"2024 kharif","detected":true,"surveyed":false,"likely_block":false}},{"type":"Feature","geometry":{"type":"Polygon","coordinates":[[[80.1437,15.45306],[80.1437,15.4527],[80.14389,15.4527],[80.14389,15.45252],[80.14398,15.45252],[80.14398,15.45225],[80.14426,15.45225],[80.14426,15.45243],[80.14435,15.45243],[80.14436,15.45171],[80.14464,15.45171],[80.14464,15.4518],[80.14473,15.4518],[80.14473,15.45207],[80.14464,15.45207],[80.14463,15.45243],[80.14454,15.45243],[80.14454,15.4527],[80.14445,15.4527],[80.14445,15.45279],[80.14398,15.45279],[80.14398,15.45306],[80.1437,15.45306]]]},"properties":{"feature_id":"ongole-00096","belt":"ongole","district":"","area_ha":0.7,"lon":80.144263,"lat":15.452416,"source":"obia","sensor":"Sentinel-1 RTC (VV), 10 m","season":"2024 kharif","detected":true,"surveyed":false,"likely_block":false}},{"type":"Feature","geometry":{"type":"Polygon","coordinates":[[[80.14283,15.43751],[80.14283,15.43724],[80.14274,15.43724],[80.14274,15.43678],[80.14265,15.43678],[80.14265,15.43651],[80.14284,15.43651],[80.14284,15.43642],[80.14312,15.43642],[80.14311,15.4366],[80.14321,15.43661],[80.14321,15.43679],[80.1433,15.43679],[80.1433,15.43706],[80.14349,15.43715],[80.14348,15.43742],[80.14311,15.43742],[80.14311,15.43751],[80.14283,15.43751]]]},"properties":{"feature_id":"ongole-00097","belt":"ongole","district":"","area_ha":0.7,"lon":80.143034,"lat":15.436991,"source":"obia","sensor":"Sentinel-1 RTC (VV), 10 m","season":"2024 kharif","detected":true,"surveyed":false,"likely_block":false}},{"type":"Feature","geometry":{"type":"Polygon","coordinates":[[[80.14325,15.5835],[80.14326,15.58323],[80.14335,15.58323],[80.14335,15.58305],[80.14344,15.58305],[80.14344,15.58296],[80.14335,15.58296],[80.14335,15.58269],[80.14298,15.58269],[80.14298,15.58242],[80.14391,15.58242],[80.14391,15.58269],[80.14372,15.58278],[80.14372,15.58351],[80.14325,15.5835]]]},"properties":{"feature_id":"ongole-00098","belt":"ongole","district":"","area_ha":0.69,"lon":80.143492,"lat":15.58287,"source":"obia","sensor":"Sentinel-1 RTC (VV), 10 m","season":"2024 kharif","detected":true,"surveyed":false,"likely_block":false}},{"type":"Feature","geometry":{"type":"Polygon","coordinates":[[[80.13726,15.47817],[80.13726,15.47789],[80.13735,15.4779],[80.13735,15.47744],[80.13745,15.47744],[80.13745,15.47735],[80.13773,15.47735],[80.13773,15.47754],[80.13782,15.47754],[80.13782,15.47745],[80.1381,15.47745],[80.1381,15.47754],[80.13819,15.47754],[80.13819,15.4779],[80.1381,15.4779],[80.138,15.47808],[80.13782,15.47808],[80.13782,15.47817],[80.13726,15.47817]]]},"properties":{"feature_id":"ongole-00099","belt":"ongole","district":"","area_ha":0.69,"lon":80.13771,"lat":15.477781,"source":"obia","sensor":"Sentinel-1 RTC (VV), 10 m","season":"2024 kharif","detected":true,"surveyed":false,"likely_block":false}},{"type":"Feature","geometry":{"type":"Polygon","coordinates":[[[80.1452,15.45207],[80.1452,15.4518],[80.1451,15.4518],[80.1451,15.45171],[80.14473,15.45171],[80.14473,15.45144],[80.14492,15.45144],[80.14492,15.45135],[80.1451,15.45135],[80.14511,15.45126],[80.14576,15.45126],[80.14576,15.45153],[80.14566,15.45153],[80.14566,15.45162],[80.14576,15.45162],[80.14575,15.45189],[80.14557,15.45189],[80.14547,15.45207],[80.1452,15.45207]]]},"properties":{"feature_id":"ongole-00100","belt":"ongole","district":"","area_ha":0.68,"lon":80.14532,"lat":15.451607,"source":"obia","sensor":"Sentinel-1 RTC (VV), 10 m","season":"2024 kharif","detected":true,"surveyed":false,"likely_block":false}},{"type":"Feature","geometry":{"type":"Polygon","coordinates":[[[80.06692,15.53031],[80.06693,15.52959],[80.06683,15.52959],[80.06684,15.52932],[80.06712,15.52932],[80.06711,15.52941],[80.06749,15.52941],[80.06749,15.52959],[80.06767,15.52968],[80.06767,15.52995],[80.06758,15.52995],[80.06758,15.53004],[80.06739,15.53004],[80.06739,15.53013],[80.0673,15.53013],[80.0672,15.53031],[80.06692,15.53031]]]},"properties":{"feature_id":"ongole-00101","belt":"ongole","district":"","area_ha":0.67,"lon":80.067214,"lat":15.529792,"source":"obia","sensor":"Sentinel-1 RTC (VV), 10 m","season":"2024 kharif","detected":true,"surveyed":false,"likely_block":false}},{"type":"Feature","geometry":{"type":"Polygon","coordinates":[[[80.10613,15.47578],[80.10613,15.47569],[80.10604,15.47569],[80.10604,15.47533],[80.10595,15.47533],[80.10595,15.47515],[80.10586,15.47515],[80.10586,15.47488],[80.10642,15.47488],[80.10642,15.47515],[80.1067,15.47515],[80.10669,15.4756],[80.1066,15.4756],[80.1066,15.47569],[80.10641,15.47569],[80.10641,15.47578],[80.10613,15.47578]]]},"properties":{"feature_id":"ongole-00102","belt":"ongole","district":"","area_ha":0.64,"lon":80.106282,"lat":15.475313,"source":"obia","sensor":"Sentinel-1 RTC (VV), 10 m","season":"2024 kharif","detected":true,"surveyed":false,"likely_block":false}},{"type":"Feature","geometry":{"type":"Polygon","coordinates":[[[80.14362,15.44944],[80.14362,15.44926],[80.14353,15.44926],[80.14353,15.44899],[80.14381,15.44899],[80.14381,15.44908],[80.1439,15.44908],[80.1439,15.44881],[80.14409,15.44881],[80.14409,15.44872],[80.14456,15.44872],[80.14456,15.4489],[80.14465,15.44891],[80.14465,15.44918],[80.14446,15.44918],[80.14446,15.44927],[80.14418,15.44926],[80.14409,15.44945],[80.14362,15.44944]]]},"properties":{"feature_id":"ongole-00103","belt":"ongole","district":"","area_ha":0.64,"lon":80.144099,"lat":15.449085,"source":"obia","sensor":"Sentinel-1 RTC (VV), 10 m","season":"2024 kharif","detected":true,"surveyed":false,"likely_block":false}},{"type":"Feature","geometry":{"type":"Polygon","coordinates":[[[80.09776,15.49256],[80.09777,15.49211],[80.09786,15.49211],[80.09786,15.49202],[80.09749,15.49202],[80.09749,15.49148],[80.09805,15.49148],[80.09795,15.49202],[80.09823,15.49202],[80.09823,15.49211],[80.09833,15.49211],[80.09832,15.49238],[80.09823,15.49238],[80.09823,15.49247],[80.09804,15.49247],[80.09804,15.49256],[80.09776,15.49256]]]},"properties":{"feature_id":"ongole-00104","belt":"ongole","district":"","area_ha":0.63,"lon":80.097878,"lat":15.491998,"source":"obia","sensor":"Sentinel-1 RTC (VV), 10 m","season":"2024 kharif","detected":true,"surveyed":false,"likely_block":false}},{"type":"Feature","geometry":{"type":"Polygon","coordinates":[[[79.96105,15.48428],[79.96096,15.4841],[79.96068,15.4841],[79.96068,15.48383],[79.96077,15.48383],[79.96077,15.48374],[79.9617,15.48374],[79.9617,15.48383],[79.9618,15.48383],[79.96179,15.48428],[79.96105,15.48428]]]},"properties":{"feature_id":"ongole-00105","belt":"ongole","district":"","area_ha":0.63,"lon":79.96128,"lat":15.483996,"source":"obia","sensor":"Sentinel-1 RTC (VV), 10 m","season":"2024 kharif","detected":true,"surveyed":false,"likely_block":false}},{"type":"Feature","geometry":{"type":"Polygon","coordinates":[[[79.95882,15.61173],[79.95883,15.61145],[79.95901,15.61146],[79.95901,15.61127],[79.9592,15.61128],[79.9592,15.61119],[79.95929,15.61119],[79.95929,15.6111],[79.95948,15.6111],[79.95948,15.61101],[79.95995,15.61101],[79.95994,15.61137],[79.95985,15.61137],[79.95985,15.61155],[79.95966,15.61155],[79.95966,15.61164],[79.9591,15.61164],[79.9591,15.61173],[79.95882,15.61173]]]},"properties":{"feature_id":"ongole-00106","belt":"ongole","district":"","area_ha":0.62,"lon":79.959435,"lat":15.61137,"source":"obia","sensor":"Sentinel-1 RTC (VV), 10 m","season":"2024 kharif","detected":true,"surveyed":false,"likely_block":false}},{"type":"Feature","geometry":{"type":"Polygon","coordinates":[[[80.13475,15.45257],[80.13475,15.45239],[80.13466,15.45239],[80.13457,15.45221],[80.13429,15.45221],[80.13429,15.45212],[80.1341,15.45212],[80.1341,15.45176],[80.13429,15.45176],[80.13439,15.45158],[80.13466,15.45158],[80.13466,15.45176],[80.13485,15.45176],[80.13485,15.45203],[80.13494,15.45203],[80.13503,15.45257],[80.13475,15.45257]]]},"properties":{"feature_id":"ongole-00107","belt":"ongole","district":"","area_ha":0.61,"lon":80.134585,"lat":15.452036,"source":"obia","sensor":"Sentinel-1 RTC (VV), 10 m","season":"2024 kharif","detected":true,"surveyed":false,"likely_block":false}},{"type":"Feature","geometry":{"type":"Polygon","coordinates":[[[80.03177,15.42982],[80.03168,15.42946],[80.0315,15.42937],[80.0315,15.42909],[80.03168,15.4291],[80.03168,15.42901],[80.03224,15.4291],[80.03224,15.42928],[80.03243,15.42937],[80.03243,15.42964],[80.03224,15.42964],[80.03224,15.42973],[80.03205,15.42973],[80.03205,15.42982],[80.03177,15.42982]]]},"properties":{"feature_id":"ongole-00108","belt":"ongole","district":"","area_ha":0.61,"lon":80.03196,"lat":15.4294,"source":"obia","sensor":"Sentinel-1 RTC (VV), 10 m","season":"2024 kharif","detected":true,"surveyed":false,"likely_block":false}},{"type":"Feature","geometry":{"type":"Polygon","coordinates":[[[80.03803,15.42804],[80.03803,15.42795],[80.03775,15.42795],[80.03775,15.42759],[80.03784,15.42759],[80.03784,15.4275],[80.03822,15.4275],[80.03822,15.42714],[80.03878,15.42714],[80.03877,15.42759],[80.03831,15.42759],[80.03831,15.42804],[80.03803,15.42804]]]},"properties":{"feature_id":"ongole-00109","belt":"ongole","district":"","area_ha":0.61,"lon":80.038265,"lat":15.427564,"source":"obia","sensor":"Sentinel-1 RTC (VV), 10 m","season":"2024 kharif","detected":true,"surveyed":false,"likely_block":false}},{"type":"Feature","geometry":{"type":"Polygon","coordinates":[[[80.10181,15.59256],[80.10181,15.59229],[80.1019,15.59229],[80.1019,15.5922],[80.10199,15.5922],[80.10199,15.59211],[80.10209,15.59211],[80.10209,15.59202],[80.10218,15.59202],[80.10218,15.59193],[80.10227,15.59193],[80.10228,15.59184],[80.10237,15.59184],[80.10237,15.59175],[80.10246,15.59175],[80.10256,15.59157],[80.10293,15.59157],[80.10293,15.59184],[80.10283,15.59184],[80.10274,15.59202],[80.10255,15.59202],[80.10255,15.5922],[80.10246,15.5922],[80.10246,15.59229],[80.10237,15.59229],[80.10237,15.59238],[80.10227,15.59238],[80.10218,15.59256],[80.10181,15.59256]]]},"properties":{"feature_id":"ongole-00110","belt":"ongole","district":"","area_ha":0.59,"lon":80.102363,"lat":15.592065,"source":"obia","sensor":"Sentinel-1 RTC (VV), 10 m","season":"2024 kharif","detected":true,"surveyed":false,"likely_block":false}},{"type":"Feature","geometry":{"type":"Polygon","coordinates":[[[80.03564,15.56019],[80.03565,15.55947],[80.03574,15.55947],[80.03583,15.55929],[80.03611,15.55929],[80.03611,15.55947],[80.0363,15.55956],[80.0363,15.56001],[80.0362,15.56001],[80.0362,15.5601],[80.03602,15.5601],[80.03602,15.56019],[80.03564,15.56019]]]},"properties":{"feature_id":"ongole-00111","belt":"ongole","district":"","area_ha":0.58,"lon":80.035949,"lat":15.55976,"source":"obia","sensor":"Sentinel-1 RTC (VV), 10 m","season":"2024 kharif","detected":true,"surveyed":false,"likely_block":false}},{"type":"Feature","geometry":{"type":"Polygon","coordinates":[[[79.96434,15.49822],[79.96434,15.49813],[79.96424,15.49812],[79.96424,15.49785],[79.96434,15.49785],[79.96434,15.49776],[79.96443,15.49776],[79.96443,15.49767],[79.96462,15.49758],[79.96462,15.4974],[79.96471,15.4974],[79.96471,15.49731],[79.96499,15.49731],[79.96499,15.49813],[79.9648,15.49813],[79.9648,15.49822],[79.96434,15.49822]]]},"properties":{"feature_id":"ongole-00112","belt":"ongole","district":"","area_ha":0.58,"lon":79.964678,"lat":15.497825,"source":"obia","sensor":"Sentinel-1 RTC (VV), 10 m","season":"2024 kharif","detected":true,"surveyed":false,"likely_block":false}},{"type":"Feature","geometry":{"type":"Polygon","coordinates":[[[80.03229,15.43886],[80.03229,15.43877],[80.03192,15.43877],[80.03192,15.43859],[80.03183,15.43859],[80.03183,15.43823],[80.03211,15.43823],[80.03211,15.43814],[80.03248,15.43814],[80.03248,15.43823],[80.03257,15.43823],[80.03257,15.43841],[80.03267,15.43841],[80.03266,15.43886],[80.03229,15.43886]]]},"properties":{"feature_id":"ongole-00113","belt":"ongole","district":"","area_ha":0.58,"lon":80.032266,"lat":15.438499,"source":"obia","sensor":"Sentinel-1 RTC (VV), 10 m","season":"2024 kharif","detected":true,"surveyed":false,"likely_block":false}},{"type":"Feature","geometry":{"type":"Polygon","coordinates":[[[80.14359,15.45686],[80.14359,15.45677],[80.1435,15.45677],[80.1435,15.45622],[80.14369,15.45622],[80.14369,15.45613],[80.14406,15.45613],[80.14406,15.45632],[80.14425,15.45632],[80.14424,15.45686],[80.14359,15.45686]]]},"properties":{"feature_id":"ongole-00114","belt":"ongole","district":"","area_ha":0.57,"lon":80.143868,"lat":15.45652,"source":"obia","sensor":"Sentinel-1 RTC (VV), 10 m","season":"2024 kharif","detected":true,"surveyed":false,"likely_block":false}},{"type":"Feature","geometry":{"type":"Polygon","coordinates":[[[80.138,15.43396],[80.138,15.43369],[80.13819,15.43369],[80.13819,15.43306],[80.13828,15.43306],[80.13828,15.43279],[80.13838,15.43279],[80.13838,15.4327],[80.13847,15.4327],[80.13856,15.43252],[80.13884,15.43252],[80.13884,15.43279],[80.13866,15.43288],[80.13866,15.43306],[80.13856,15.43306],[80.13856,15.43324],[80.13847,15.43324],[80.13847,15.43369],[80.13828,15.43369],[80.13828,15.43396],[80.138,15.43396]]]},"properties":{"feature_id":"ongole-00115","belt":"ongole","district":"","area_ha":0.57,"lon":80.13841,"lat":15.433187,"source":"obia","sensor":"Sentinel-1 RTC (VV), 10 m","season":"2024 kharif","detected":true,"surveyed":false,"likely_block":false}},{"type":"Feature","geometry":{"type":"Polygon","coordinates":[[[80.09025,15.48313],[80.09025,15.48304],[80.09016,15.48304],[80.09016,15.48295],[80.08998,15.48286],[80.08998,15.48259],[80.09007,15.48259],[80.09007,15.4825],[80.09026,15.4825],[80.09026,15.48232],[80.09063,15.48232],[80.09063,15.4825],[80.09072,15.4825],[80.09072,15.48295],[80.09063,15.48295],[80.09053,15.48313],[80.09025,15.48313]]]},"properties":{"feature_id":"ongole-00116","belt":"ongole","district":"","area_ha":0.54,"lon":80.090382,"lat":15.482723,"source":"obia","sensor":"Sentinel-1 RTC (VV), 10 m","season":"2024 kharif","detected":true,"surveyed":false,"likely_block":false}},{"type":"Feature","geometry":{"type":"Polygon","coordinates":[[[80.09981,15.47214],[80.09981,15.47178],[80.09972,15.47178],[80.09972,15.47124],[80.10009,15.47124],[80.10009,15.47133],[80.10028,15.47142],[80.10028,15.4716],[80.10037,15.4716],[80.10037,15.47196],[80.10018,15.47196],[80.10009,15.47214],[80.09981,15.47214]]]},"properties":{"feature_id":"ongole-00117","belt":"ongole","district":"","area_ha":0.54,"lon":80.100018,"lat":15.471677,"source":"obia","sensor":"Sentinel-1 RTC (VV), 10 m","season":"2024 kharif","detected":true,"surveyed":false,"likely_block":false}},{"type":"Feature","geometry":{"type":"Polygon","coordinates":[[[80.10205,15.55794],[80.10205,15.55767],[80.10196,15.55767],[80.10196,15.55731],[80.10261,15.55731],[80.10261,15.55749],[80.1028,15.55758],[80.1028,15.55785],[80.10261,15.55785],[80.10261,15.55794],[80.10205,15.55794]]]},"properties":{"feature_id":"ongole-00118","belt":"ongole","district":"","area_ha":0.53,"lon":80.102354,"lat":15.557622,"source":"obia","sensor":"Sentinel-1 RTC (VV), 10 m","season":"2024 kharif","detected":true,"surveyed":false,"likely_block":false}},{"type":"Feature","geometry":{"type":"Polygon","coordinates":[[[80.05856,15.54546],[80.05856,15.54519],[80.0593,15.54519],[80.0593,15.5451],[80.05958,15.54511],[80.05958,15.54502],[80.06005,15.54502],[80.06005,15.54529],[80.05986,15.54529],[80.05986,15.54538],[80.05949,15.54538],[80.05949,15.54547],[80.05856,15.54546]]]},"properties":{"feature_id":"ongole-00119","belt":"ongole","district":"","area_ha":0.53,"lon":80.059331,"lat":15.545267,"source":"obia","sensor":"Sentinel-1 RTC (VV), 10 m","season":"2024 kharif","detected":true,"surveyed":false,"likely_block":false}},{"type":"Feature","geometry":{"type":"Polygon","coordinates":[[[80.06174,15.54376],[80.06174,15.5434],[80.06211,15.54331],[80.06211,15.54322],[80.0622,15.54322],[80.0622,15.54313],[80.06239,15.54313],[80.06239,15.54304],[80.06248,15.54304],[80.06258,15.54286],[80.06286,15.54286],[80.06286,15.54313],[80.06276,15.54313],[80.06276,15.54331],[80.06239,15.5434],[80.06239,15.54349],[80.0623,15.54349],[80.0622,15.54367],[80.06202,15.54367],[80.06201,15.54376],[80.06174,15.54376]]]},"properties":{"feature_id":"ongole-00120","belt":"ongole","district":"","area_ha":0.53,"lon":80.062296,"lat":15.543322,"source":"obia","sensor":"Sentinel-1 RTC (VV), 10 m","season":"2024 kharif","detected":true,"surveyed":false,"likely_block":false}},{"type":"Feature","geometry":{"type":"Polygon","coordinates":[[[80.12741,15.47017],[80.12732,15.46963],[80.12741,15.46963],[80.12741,15.46954],[80.1276,15.46954],[80.1276,15.46945],[80.12807,15.46945],[80.12806,15.46981],[80.1276,15.46981],[80.1276,15.4699],[80.12806,15.4699],[80.12806,15.47017],[80.12741,15.47017]]]},"properties":{"feature_id":"ongole-00121","belt":"ongole","district":"","area_ha":0.52,"lon":80.127717,"lat":15.46982,"source":"obia","sensor":"Sentinel-1 RTC (VV), 10 m","season":"2024 kharif","detected":true,"surveyed":false,"likely_block":false}},{"type":"Feature","geometry":{"type":"Polygon","coordinates":[[[80.04045,15.44712],[80.04046,15.44703],[80.04008,15.44703],[80.04008,15.44694],[80.0398,15.44694],[80.0398,15.44685],[80.03962,15.44685],[80.03962,15.44658],[80.03971,15.44658],[80.03971,15.44649],[80.04027,15.44649],[80.04027,15.44667],[80.04036,15.44667],[80.04046,15.44685],[80.04074,15.44685],[80.04073,15.44712],[80.04045,15.44712]]]},"properties":{"feature_id":"ongole-00122","belt":"ongole","district":"","area_ha":0.5,"lon":80.040143,"lat":15.446792,"source":"obia","sensor":"Sentinel-1 RTC (VV), 10 m","season":"2024 kharif","detected":true,"surveyed":false,"likely_block":false}},{"type":"Feature","geometry":{"type":"Polygon","coordinates":[[[80.1227,15.43662],[80.12271,15.43607],[80.12261,15.43607],[80.12261,15.43589],[80.12252,15.43589],[80.12252,15.43571],[80.12243,15.43571],[80.12243,15.43544],[80.12271,15.43544],[80.12271,15.43562],[80.1228,15.43562],[80.1228,15.4358],[80.12289,15.4358],[80.12289,15.43598],[80.12299,15.43598],[80.12299,15.43616],[80.12308,15.43616],[80.12308,15.43635],[80.12317,15.43635],[80.12317,15.43662],[80.1227,15.43662]]]},"properties":{"feature_id":"ongole-00123","belt":"ongole","district":"","area_ha":0.5,"lon":80.122798,"lat":15.436081,"source":"obia","sensor":"Sentinel-1 RTC (VV), 10 m","season":"2024 kharif","detected":true,"surveyed":false,"likely_block":false}},{"type":"Feature","geometry":{"type":"Polygon","coordinates":[[[80.00522,15.56575],[80.00522,15.56566],[80.00512,15.56566],[80.00513,15.56502],[80.0055,15.56503],[80.0055,15.56512],[80.00569,15.56512],[80.00568,15.56521],[80.00578,15.56521],[80.00578,15.56557],[80.00568,15.56557],[80.00559,15.56575],[80.00522,15.56575]]]},"properties":{"feature_id":"ongole-00124","belt":"ongole","district":"","area_ha":0.48,"lon":80.005423,"lat":15.565388,"source":"obia","sensor":"Sentinel-1 RTC (VV), 10 m","season":"2024 kharif","detected":true,"surveyed":false,"likely_block":false}},{"type":"Feature","geometry":{"type":"Polygon","coordinates":[[[80.14009,15.44618],[80.14009,15.44599],[80.14,15.44599],[80.14,15.44572],[80.14019,15.44572],[80.14019,15.44545],[80.14056,15.44545],[80.14056,15.44573],[80.14075,15.44573],[80.14075,15.446],[80.14065,15.446],[80.14065,15.44618],[80.14009,15.44618]]]},"properties":{"feature_id":"ongole-00125","belt":"ongole","district":"","area_ha":0.48,"lon":80.140374,"lat":15.445849,"source":"obia","sensor":"Sentinel-1 RTC (VV), 10 m","season":"2024 kharif","detected":true,"surveyed":false,"likely_block":false}},{"type":"Feature","geometry":{"type":"Polygon","coordinates":[[[80.12398,15.44304],[80.12398,15.44286],[80.1238,15.44277],[80.1238,15.4425],[80.12361,15.4425],[80.12361,15.44222],[80.12371,15.44222],[80.12371,15.44204],[80.12399,15.44204],[80.12398,15.44241],[80.12436,15.44259],[80.12436,15.44295],[80.12426,15.44295],[80.12426,15.44304],[80.12398,15.44304]]]},"properties":{"feature_id":"ongole-00126","belt":"ongole","district":"","area_ha":0.48,"lon":80.123988,"lat":15.442565,"source":"obia","sensor":"Sentinel-1 RTC (VV), 10 m","season":"2024 kharif","detected":true,"surveyed":false,"likely_block":false}},{"type":"Feature","geometry":{"type":"Polygon","coordinates":[[[80.00854,15.53385],[80.00854,15.53358],[80.00863,15.53358],[80.00863,15.5334],[80.00873,15.5334],[80.00882,15.53322],[80.00929,15.53322],[80.00929,15.53331],[80.00938,15.53332],[80.00938,15.53368],[80.00919,15.53368],[80.00919,15.53377],[80.00882,15.53376],[80.00882,15.53385],[80.00854,15.53385]]]},"properties":{"feature_id":"ongole-00127","belt":"ongole","district":"","area_ha":0.47,"lon":80.008969,"lat":15.533529,"source":"obia","sensor":"Sentinel-1 RTC (VV), 10 m","season":"2024 kharif","detected":true,"surveyed":false,"likely_block":false}},{"type":"Feature","geometry":{"type":"Polygon","coordinates":[[[80.14452,15.45686],[80.14452,15.4565],[80.14443,15.4565],[80.14443,15.45632],[80.14434,15.45632],[80.14434,15.45596],[80.14462,15.45596],[80.14462,15.45614],[80.14481,15.45614],[80.14481,15.45623],[80.14499,15.45632],[80.1449,15.45686],[80.14452,15.45686]]]},"properties":{"feature_id":"ongole-00128","belt":"ongole","district":"","area_ha":0.46,"lon":80.144658,"lat":15.45642,"source":"obia","sensor":"Sentinel-1 RTC (VV), 10 m","season":"2024 kharif","detected":true,"surveyed":false,"likely_block":false}},{"type":"Feature","geometry":{"type":"Polygon","coordinates":[[[80.08104,15.43798],[80.08104,15.43753],[80.08113,15.43753],[80.08123,15.43735],[80.08179,15.43726],[80.08179,15.43763],[80.08169,15.43762],[80.08169,15.43772],[80.0816,15.43771],[80.0816,15.43781],[80.08151,15.4378],[80.08141,15.43799],[80.08104,15.43798]]]},"properties":{"feature_id":"ongole-00129","belt":"ongole","district":"","area_ha":0.46,"lon":80.081393,"lat":15.437623,"source":"obia","sensor":"Sentinel-1 RTC (VV), 10 m","season":"2024 kharif","detected":true,"surveyed":false,"likely_block":false}},{"type":"Feature","geometry":{"type":"Polygon","coordinates":[[[80.06501,15.43792],[80.06501,15.43756],[80.06492,15.43755],[80.06492,15.43746],[80.06473,15.43746],[80.06473,15.43719],[80.06492,15.43719],[80.06492,15.4371],[80.06483,15.4371],[80.06483,15.43683],[80.06511,15.43683],[80.06511,15.43701],[80.0652,15.43701],[80.0652,15.43728],[80.06529,15.43729],[80.06529,15.43792],[80.06501,15.43792]]]},"properties":{"feature_id":"ongole-00130","belt":"ongole","district":"","area_ha":0.46,"lon":80.065047,"lat":15.437365,"source":"obia","sensor":"Sentinel-1 RTC (VV), 10 m","season":"2024 kharif","detected":true,"surveyed":false,"likely_block":false}},{"type":"Feature","geometry":{"type":"Polygon","coordinates":[[[80.13934,15.42656],[80.13934,15.42647],[80.13924,15.42647],[80.13924,15.42628],[80.13915,15.42628],[80.13915,15.4261],[80.13896,15.42601],[80.13897,15.42565],[80.13878,15.42565],[80.13878,15.42538],[80.13906,15.42538],[80.13906,15.42565],[80.13925,15.42565],[80.13924,15.42583],[80.13943,15.42592],[80.13943,15.42619],[80.13962,15.42629],[80.13961,15.42656],[80.13934,15.42656]]]},"properties":{"feature_id":"ongole-00131","belt":"ongole","district":"","area_ha":0.46,"lon":80.139208,"lat":15.425992,"source":"obia","sensor":"Sentinel-1 RTC (VV), 10 m","season":"2024 kharif","detected":true,"surveyed":false,"likely_block":false}},{"type":"Feature","geometry":{"type":"Polygon","coordinates":[[[80.03331,15.60122],[80.03331,15.60113],[80.03321,15.60113],[80.03321,15.60095],[80.03312,15.60095],[80.03312,15.6004],[80.03359,15.60041],[80.03359,15.60059],[80.03368,15.60059],[80.03368,15.60086],[80.03359,15.60086],[80.03359,15.60122],[80.03331,15.60122]]]},"properties":{"feature_id":"ongole-00132","belt":"ongole","district":"","area_ha":0.44,"lon":80.033389,"lat":15.600779,"source":"obia","sensor":"Sentinel-1 RTC (VV), 10 m","season":"2024 kharif","detected":true,"surveyed":false,"likely_block":false}},{"type":"Feature","geometry":{"type":"Polygon","coordinates":[[[80.14323,15.45324],[80.14323,15.45315],[80.14314,15.45315],[80.14314,15.45297],[80.14277,15.45288],[80.14277,15.4526],[80.14342,15.45261],[80.14342,15.4527],[80.14361,15.4527],[80.14361,15.45306],[80.14351,15.45306],[80.14351,15.45324],[80.14323,15.45324]]]},"properties":{"feature_id":"ongole-00133","belt":"ongole","district":"","area_ha":0.44,"lon":80.143233,"lat":15.452868,"source":"obia","sensor":"Sentinel-1 RTC (VV), 10 m","season":"2024 kharif","detected":true,"surveyed":false,"likely_block":false}},{"type":"Feature","geometry":{"type":"Polygon","coordinates":[[[79.9505,15.45069],[79.9505,15.4506],[79.95041,15.4506],[79.95041,15.44997],[79.95078,15.44997],[79.95078,15.45006],[79.95087,15.45006],[79.95087,15.45024],[79.95106,15.45033],[79.95106,15.4506],[79.9505,15.45069]]]},"properties":{"feature_id":"ongole-00134","belt":"ongole","district":"","area_ha":0.44,"lon":79.95069,"lat":15.450342,"source":"obia","sensor":"Sentinel-1 RTC (VV), 10 m","season":"2024 kharif","detected":true,"surveyed":false,"likely_block":false}},{"type":"Feature","geometry":{"type":"Polygon","coordinates":[[[80.0273,15.55066],[80.0273,15.55057],[80.02711,15.55048],[80.02711,15.55012],[80.0273,15.55012],[80.0273,15.55003],[80.02776,15.55003],[80.02776,15.55057],[80.02767,15.55057],[80.02767,15.55066],[80.0273,15.55066]]]},"properties":{"feature_id":"ongole-00135","belt":"ongole","district":"","area_ha":0.43,"lon":80.027458,"lat":15.550334,"source":"obia","sensor":"Sentinel-1 RTC (VV), 10 m","season":"2024 kharif","detected":true,"surveyed":false,"likely_block":false}},{"type":"Feature","geometry":{"type":"Polygon","coordinates":[[[80.09825,15.48696],[80.09835,15.48642],[80.09854,15.48642],[80.09854,15.48633],[80.09891,15.48633],[80.09891,15.48642],[80.099,15.48642],[80.099,15.48678],[80.09891,15.48678],[80.09891,15.48687],[80.09853,15.48687],[80.09853,15.48696],[80.09825,15.48696]]]},"properties":{"feature_id":"ongole-00136","belt":"ongole","district":"","area_ha":0.43,"lon":80.098638,"lat":15.486638,"source":"obia","sensor":"Sentinel-1 RTC (VV), 10 m","season":"2024 kharif","detected":true,"surveyed":false,"likely_block":false}},{"type":"Feature","geometry":{"type":"Polygon","coordinates":[[[80.14341,15.45541],[80.14341,15.45505],[80.14332,15.45505],[80.14332,15.45514],[80.14304,15.45514],[80.14304,15.45505],[80.14295,15.45505],[80.14295,15.45477],[80.14304,15.45477],[80.14304,15.45468],[80.14341,15.45469],[80.14341,15.45478],[80.14369,15.45478],[80.14369,15.45541],[80.14341,15.45541]]]},"properties":{"feature_id":"ongole-00137","belt":"ongole","district":"","area_ha":0.43,"lon":80.143365,"lat":15.454996,"source":"obia","sensor":"Sentinel-1 RTC (VV), 10 m","season":"2024 kharif","detected":true,"surveyed":false,"likely_block":false}},{"type":"Feature","geometry":{"type":"Polygon","coordinates":[[[80.12249,15.44339],[80.12249,15.44312],[80.12258,15.44312],[80.12258,15.44303],[80.12249,15.44303],[80.12249,15.44276],[80.12305,15.44276],[80.12305,15.44285],[80.12314,15.44285],[80.12314,15.44322],[80.12305,15.44322],[80.12305,15.44331],[80.12277,15.44331],[80.12277,15.4434],[80.12249,15.44339]]]},"properties":{"feature_id":"ongole-00138","belt":"ongole","district":"","area_ha":0.42,"lon":80.122797,"lat":15.443056,"source":"obia","sensor":"Sentinel-1 RTC (VV), 10 m","season":"2024 kharif","detected":true,"surveyed":false,"likely_block":false}},{"type":"Feature","geometry":{"type":"Polygon","coordinates":[[[80.12274,15.561],[80.12274,15.56091],[80.12255,15.56091],[80.12255,15.56064],[80.12349,15.56065],[80.12349,15.56074],[80.12358,15.56074],[80.12358,15.56101],[80.12274,15.561]]]},"properties":{"feature_id":"ongole-00139","belt":"ongole","district":"","area_ha":0.41,"lon":80.123075,"lat":15.560822,"source":"obia","sensor":"Sentinel-1 RTC (VV), 10 m","season":"2024 kharif","detected":true,"surveyed":false,"likely_block":false}},{"type":"Feature","geometry":{"type":"Polygon","coordinates":[[[80.12201,15.44692],[80.12201,15.44683],[80.12182,15.44683],[80.12182,15.44665],[80.12164,15.44656],[80.12164,15.44628],[80.12173,15.44628],[80.12173,15.44619],[80.1221,15.4462],[80.1221,15.44638],[80.12229,15.44647],[80.12229,15.44692],[80.12201,15.44692]]]},"properties":{"feature_id":"ongole-00140","belt":"ongole","district":"","area_ha":0.41,"lon":80.121984,"lat":15.446544,"source":"obia","sensor":"Sentinel-1 RTC (VV), 10 m","season":"2024 kharif","detected":true,"surveyed":false,"likely_block":false}},{"type":"Feature","geometry":{"type":"Polygon","coordinates":[[[80.12663,15.47785],[80.12663,15.47767],[80.12645,15.47767],[80.12645,15.4774],[80.12654,15.4774],[80.12654,15.47731],[80.12682,15.47731],[80.12682,15.47722],[80.1271,15.47722],[80.1271,15.47786],[80.12663,15.47785]]]},"properties":{"feature_id":"ongole-00141","belt":"ongole","district":"","area_ha":0.4,"lon":80.126817,"lat":15.477547,"source":"obia","sensor":"Sentinel-1 RTC (VV), 10 m","season":"2024 kharif","detected":true,"surveyed":false,"likely_block":false}},{"type":"Feature","geometry":{"type":"Polygon","coordinates":[[[79.98489,15.54568],[79.9848,15.5455],[79.98461,15.5455],[79.98461,15.54541],[79.98452,15.54541],[79.98452,15.54513],[79.98517,15.54514],[79.98517,15.54523],[79.98527,15.54523],[79.98526,15.54568],[79.98489,15.54568]]]},"properties":{"feature_id":"ongole-00142","belt":"ongole","district":"","area_ha":0.39,"lon":79.984931,"lat":15.545379,"source":"obia","sensor":"Sentinel-1 RTC (VV), 10 m","season":"2024 kharif","detected":true,"surveyed":false,"likely_block":false}},{"type":"Feature","geometry":{"type":"Polygon","coordinates":[[[80.09543,15.49373],[80.09543,15.49364],[80.09534,15.49364],[80.09534,15.49346],[80.09524,15.49346],[80.09524,15.49319],[80.09534,15.49319],[80.09534,15.4931],[80.09571,15.4931],[80.09571,15.49328],[80.0959,15.49328],[80.09589,15.49364],[80.0958,15.49364],[80.0958,15.49373],[80.09543,15.49373]]]},"properties":{"feature_id":"ongole-00143","belt":"ongole","district":"","area_ha":0.39,"lon":80.095572,"lat":15.493415,"source":"obia","sensor":"Sentinel-1 RTC (VV), 10 m","season":"2024 kharif","detected":true,"surveyed":false,"likely_block":false}},{"type":"Feature","geometry":{"type":"Polygon","coordinates":[[[80.02551,15.4344],[80.02551,15.43422],[80.02542,15.43422],[80.02542,15.43395],[80.0256,15.43395],[80.0257,15.43377],[80.02598,15.43377],[80.02598,15.43386],[80.02607,15.43386],[80.02607,15.43431],[80.02588,15.43431],[80.02588,15.4344],[80.02551,15.4344]]]},"properties":{"feature_id":"ongole-00144","belt":"ongole","district":"","area_ha":0.39,"lon":80.025765,"lat":15.434098,"source":"obia","sensor":"Sentinel-1 RTC (VV), 10 m","season":"2024 kharif","detected":true,"surveyed":false,"likely_block":false}},{"type":"Feature","geometry":{"type":"Polygon","coordinates":[[[80.14556,15.45343],[80.14556,15.45307],[80.14575,15.45307],[80.14575,15.45289],[80.14584,15.45289],[80.14584,15.4528],[80.14612,15.4528],[80.14612,15.45289],[80.14622,15.45289],[80.14612,15.45343],[80.14556,15.45343]]]},"properties":{"feature_id":"ongole-00145","belt":"ongole","district":"","area_ha":0.38,"lon":80.145898,"lat":15.453146,"source":"obia","sensor":"Sentinel-1 RTC (VV), 10 m","season":"2024 kharif","detected":true,"surveyed":false,"likely_block":false}},{"type":"Feature","geometry":{"type":"Polygon","coordinates":[[[80.12063,15.44339],[80.12063,15.44294],[80.12072,15.44294],[80.12081,15.44276],[80.12109,15.44276],[80.12109,15.44285],[80.12119,15.44285],[80.12118,15.44339],[80.12063,15.44339]]]},"properties":{"feature_id":"ongole-00146","belt":"ongole","district":"","area_ha":0.38,"lon":80.120916,"lat":15.443098,"source":"obia","sensor":"Sentinel-1 RTC (VV), 10 m","season":"2024 kharif","detected":true,"surveyed":false,"likely_block":false}},{"type":"Feature","geometry":{"type":"Polygon","coordinates":[[[80.10152,15.42125],[80.10152,15.42098],[80.10264,15.4209],[80.10264,15.42117],[80.10227,15.42117],[80.10227,15.42126],[80.10152,15.42125]]]},"properties":{"feature_id":"ongole-00147","belt":"ongole","district":"","area_ha":0.38,"lon":80.102071,"lat":15.421084,"source":"obia","sensor":"Sentinel-1 RTC (VV), 10 m","season":"2024 kharif","detected":true,"surveyed":false,"likely_block":false}},{"type":"Feature","geometry":{"type":"Polygon","coordinates":[[[80.1285,15.47786],[80.1285,15.47759],[80.12859,15.47759],[80.12859,15.47741],[80.1285,15.47741],[80.1285,15.47696],[80.12878,15.47696],[80.12878,15.47705],[80.12887,15.47705],[80.12887,15.47786],[80.1285,15.47786]]]},"properties":{"feature_id":"ongole-00148","belt":"ongole","district":"","area_ha":0.37,"lon":80.128689,"lat":15.477415,"source":"obia","sensor":"Sentinel-1 RTC (VV), 10 m","season":"2024 kharif","detected":true,"surveyed":false,"likely_block":false}},{"type":"Feature","geometry":{"type":"Polygon","coordinates":[[[79.96507,15.46333],[79.96507,15.46324],[79.96498,15.46324],[79.96498,15.46305],[79.96488,15.46305],[79.96488,15.46278],[79.96554,15.46279],[79.96553,15.46324],[79.96544,15.46324],[79.96544,15.46333],[79.96507,15.46333]]]},"properties":{"feature_id":"ongole-00149","belt":"ongole","district":"","area_ha":0.37,"lon":79.965229,"lat":15.463033,"source":"obia","sensor":"Sentinel-1 RTC (VV), 10 m","season":"2024 kharif","detected":true,"surveyed":false,"likely_block":false}},{"type":"Feature","geometry":{"type":"Polygon","coordinates":[[[80.09762,15.48199],[80.09762,15.4819],[80.09753,15.48189],[80.09753,15.48153],[80.09763,15.48153],[80.09763,15.48144],[80.098,15.48144],[80.098,15.48154],[80.09818,15.48163],[80.09818,15.4819],[80.09809,15.4819],[80.09809,15.48199],[80.09762,15.48199]]]},"properties":{"feature_id":"ongole-00150","belt":"ongole","district":"","area_ha":0.36,"lon":80.097845,"lat":15.481726,"source":"obia","sensor":"Sentinel-1 RTC (VV), 10 m","season":"2024 kharif","detected":true,"surveyed":false,"likely_block":false}},{"type":"Feature","geometry":{"type":"Polygon","coordinates":[[[80.14633,15.44783],[80.14633,15.44719],[80.14643,15.44719],[80.14643,15.4471],[80.14671,15.44711],[80.14671,15.44729],[80.1468,15.44729],[80.1468,15.44774],[80.1467,15.44774],[80.1467,15.44783],[80.14633,15.44783]]]},"properties":{"feature_id":"ongole-00151","belt":"ongole","district":"","area_ha":0.36,"lon":80.146555,"lat":15.447481,"source":"obia","sensor":"Sentinel-1 RTC (VV), 10 m","season":"2024 kharif","detected":true,"surveyed":false,"likely_block":false}},{"type":"Feature","geometry":{"type":"Polygon","coordinates":[[[80.06477,15.55353],[80.06477,15.55308],[80.06486,15.55308],[80.06496,15.5529],[80.06524,15.5529],[80.06524,15.55299],[80.06533,15.55299],[80.06533,15.55336],[80.06524,15.55336],[80.06514,15.55354],[80.06477,15.55353]]]},"properties":{"feature_id":"ongole-00152","belt":"ongole","district":"","area_ha":0.35,"lon":80.065043,"lat":15.553227,"source":"obia","sensor":"Sentinel-1 RTC (VV), 10 m","season":"2024 kharif","detected":true,"surveyed":false,"likely_block":false}},{"type":"Feature","geometry":{"type":"Polygon","coordinates":[[[80.09903,15.48091],[80.09903,15.48082],[80.09893,15.48082],[80.09893,15.48073],[80.09875,15.48063],[80.09875,15.48027],[80.09903,15.48027],[80.09903,15.48036],[80.09922,15.48036],[80.09921,15.48046],[80.09931,15.48046],[80.09931,15.48064],[80.0994,15.48064],[80.0994,15.48091],[80.09903,15.48091]]]},"properties":{"feature_id":"ongole-00153","belt":"ongole","district":"","area_ha":0.35,"lon":80.099066,"lat":15.480598,"source":"obia","sensor":"Sentinel-1 RTC (VV), 10 m","season":"2024 kharif","detected":true,"surveyed":false,"likely_block":false}},{"type":"Feature","geometry":{"type":"Polygon","coordinates":[[[80.12747,15.47804],[80.12747,15.47749],[80.12803,15.4775],[80.12803,15.47795],[80.12794,15.47795],[80.12794,15.47804],[80.12747,15.47804]]]},"properties":{"feature_id":"ongole-00154","belt":"ongole","district":"","area_ha":0.35,"lon":80.127744,"lat":15.477761,"source":"obia","sensor":"Sentinel-1 RTC (VV), 10 m","season":"2024 kharif","detected":true,"surveyed":false,"likely_block":false}},{"type":"Feature","geometry":{"type":"Polygon","coordinates":[[[80.07867,15.55215],[80.07867,15.55197],[80.07858,15.55197],[80.07858,15.55169],[80.07886,15.5517],[80.07886,15.55161],[80.07923,15.55161],[80.07923,15.55206],[80.07867,15.55215]]]},"properties":{"feature_id":"ongole-00155","belt":"ongole","district":"","area_ha":0.34,"lon":80.078924,"lat":15.551865,"source":"obia","sensor":"Sentinel-1 RTC (VV), 10 m","season":"2024 kharif","detected":true,"surveyed":false,"likely_block":false}},{"type":"Feature","geometry":{"type":"Polygon","coordinates":[[[80.03813,15.50705],[80.03813,15.50678],[80.03804,15.50677],[80.03804,15.50641],[80.03841,15.50641],[80.03841,15.50651],[80.0386,15.5066],[80.03859,15.50696],[80.03841,15.50696],[80.03841,15.50705],[80.03813,15.50705]]]},"properties":{"feature_id":"ongole-00156","belt":"ongole","district":"","area_ha":0.34,"lon":80.038308,"lat":15.50672,"source":"obia","sensor":"Sentinel-1 RTC (VV), 10 m","season":"2024 kharif","detected":true,"surveyed":false,"likely_block":false}},{"type":"Feature","geometry":{"type":"Polygon","coordinates":[[[80.08496,15.49884],[80.08497,15.49875],[80.08487,15.49875],[80.08487,15.49839],[80.08497,15.49839],[80.08506,15.49821],[80.08534,15.49821],[80.08534,15.49857],[80.08543,15.49857],[80.08543,15.49884],[80.08496,15.49884]]]},"properties":{"feature_id":"ongole-00157","belt":"ongole","district":"","area_ha":0.34,"lon":80.08515,"lat":15.498551,"source":"obia","sensor":"Sentinel-1 RTC (VV), 10 m","season":"2024 kharif","detected":true,"surveyed":false,"likely_block":false}},{"type":"Feature","geometry":{"type":"Polygon","coordinates":[[[79.95254,15.58178],[79.95254,15.58168],[79.95217,15.58168],[79.95217,15.58132],[79.95226,15.58132],[79.95226,15.58123],[79.95254,15.58123],[79.95254,15.58132],[79.95273,15.58132],[79.95273,15.58141],[79.95282,15.58142],[79.95282,15.58178],[79.95254,15.58178]]]},"properties":{"feature_id":"ongole-00158","belt":"ongole","district":"","area_ha":0.33,"lon":79.952495,"lat":15.581508,"source":"obia","sensor":"Sentinel-1 RTC (VV), 10 m","season":"2024 kharif","detected":true,"surveyed":false,"likely_block":false}},{"type":"Feature","geometry":{"type":"Polygon","coordinates":[[[80.0999,15.49393],[80.0999,15.49348],[80.10009,15.49348],[80.10009,15.49339],[80.10046,15.49339],[80.10046,15.49384],[80.10037,15.49384],[80.10037,15.49393],[80.0999,15.49393]]]},"properties":{"feature_id":"ongole-00159","belt":"ongole","district":"","area_ha":0.33,"lon":80.100187,"lat":15.493664,"source":"obia","sensor":"Sentinel-1 RTC (VV), 10 m","season":"2024 kharif","detected":true,"surveyed":false,"likely_block":false}},{"type":"Feature","geometry":{"type":"Polygon","coordinates":[[[80.1313,15.47724],[80.1313,15.4767],[80.13176,15.4767],[80.13176,15.47679],[80.13186,15.47679],[80.13186,15.47715],[80.13167,15.47715],[80.13167,15.47724],[80.1313,15.47724]]]},"properties":{"feature_id":"ongole-00160","belt":"ongole","district":"","area_ha":0.33,"lon":80.131558,"lat":15.476962,"source":"obia","sensor":"Sentinel-1 RTC (VV), 10 m","season":"2024 kharif","detected":true,"surveyed":false,"likely_block":false}},{"type":"Feature","geometry":{"type":"Polygon","coordinates":[[[80.14221,15.45333],[80.14221,15.45305],[80.14212,15.45305],[80.14212,15.45269],[80.1424,15.45269],[80.1424,15.45278],[80.14249,15.45278],[80.14249,15.45287],[80.14267,15.45297],[80.14267,15.45333],[80.14221,15.45333]]]},"properties":{"feature_id":"ongole-00161","belt":"ongole","district":"","area_ha":0.33,"lon":80.142385,"lat":15.453032,"source":"obia","sensor":"Sentinel-1 RTC (VV), 10 m","season":"2024 kharif","detected":true,"surveyed":false,"likely_block":false}},{"type":"Feature","geometry":{"type":"Polygon","coordinates":[[[80.12362,15.44024],[80.12362,15.43978],[80.12381,15.43978],[80.12381,15.43969],[80.12409,15.43969],[80.12409,15.43978],[80.12418,15.43979],[80.12418,15.44024],[80.12362,15.44024]]]},"properties":{"feature_id":"ongole-00162","belt":"ongole","district":"","area_ha":0.33,"lon":80.123906,"lat":15.439986,"source":"obia","sensor":"Sentinel-1 RTC (VV), 10 m","season":"2024 kharif","detected":true,"surveyed":false,"likely_block":false}},{"type":"Feature","geometry":{"type":"Polygon","coordinates":[[[80.13771,15.5042],[80.13771,15.50411],[80.13762,15.50411],[80.13762,15.50402],[80.13743,15.50393],[80.13743,15.50366],[80.1378,15.50366],[80.1378,15.50375],[80.13799,15.50375],[80.13799,15.50384],[80.13808,15.50384],[80.13808,15.5042],[80.13771,15.5042]]]},"properties":{"feature_id":"ongole-00163","belt":"ongole","district":"","area_ha":0.32,"lon":80.137771,"lat":15.503926,"source":"obia","sensor":"Sentinel-1 RTC (VV), 10 m","season":"2024 kharif","detected":true,"surveyed":false,"likely_block":false}},{"type":"Feature","geometry":{"type":"Polygon","coordinates":[[[80.09518,15.48631],[80.09518,15.48622],[80.095,15.48613],[80.095,15.48577],[80.09546,15.48577],[80.09546,15.48586],[80.09556,15.48586],[80.09555,15.48632],[80.09518,15.48631]]]},"properties":{"feature_id":"ongole-00164","belt":"ongole","district":"","area_ha":0.32,"lon":80.095287,"lat":15.486032,"source":"obia","sensor":"Sentinel-1 RTC (VV), 10 m","season":"2024 kharif","detected":true,"surveyed":false,"likely_block":false}},{"type":"Feature","geometry":{"type":"Polygon","coordinates":[[[80.10554,15.56916],[80.10555,15.56889],[80.10564,15.56889],[80.10564,15.5688],[80.10583,15.5688],[80.10583,15.56871],[80.10611,15.56871],[80.10611,15.5688],[80.10629,15.5688],[80.10629,15.56907],[80.10601,15.56907],[80.10601,15.56916],[80.10554,15.56916]]]},"properties":{"feature_id":"ongole-00165","belt":"ongole","district":"","area_ha":0.31,"lon":80.105911,"lat":15.568952,"source":"obia","sensor":"Sentinel-1 RTC (VV), 10 m","season":"2024 kharif","detected":true,"surveyed":false,"likely_block":false}},{"type":"Feature","geometry":{"type":"Polygon","coordinates":[[[80.12676,15.46927],[80.12676,15.46863],[80.12667,15.46863],[80.12667,15.46836],[80.12695,15.46836],[80.12695,15.46854],[80.12704,15.46854],[80.12704,15.46927],[80.12676,15.46927]]]},"properties":{"feature_id":"ongole-00166","belt":"ongole","district":"","area_ha":0.31,"lon":80.126879,"lat":15.468807,"source":"obia","sensor":"Sentinel-1 RTC (VV), 10 m","season":"2024 kharif","detected":true,"surveyed":false,"likely_block":false}},{"type":"Feature","geometry":{"type":"Polygon","coordinates":[[[80.01393,15.57745],[80.01393,15.57691],[80.01402,15.57691],[80.01402,15.57682],[80.0143,15.57682],[80.0143,15.57691],[80.0144,15.57691],[80.01439,15.57727],[80.0143,15.57727],[80.01421,15.57745],[80.01393,15.57745]]]},"properties":{"feature_id":"ongole-00167","belt":"ongole","district":"","area_ha":0.3,"lon":80.014145,"lat":15.577128,"source":"obia","sensor":"Sentinel-1 RTC (VV), 10 m","season":"2024 kharif","detected":true,"surveyed":false,"likely_block":false}},{"type":"Feature","geometry":{"type":"Polygon","coordinates":[[[80.09591,15.4903],[80.09591,15.48984],[80.09582,15.48984],[80.09582,15.48957],[80.09591,15.48957],[80.09591,15.48948],[80.09619,15.48948],[80.09619,15.4903],[80.09591,15.4903]]]},"properties":{"feature_id":"ongole-00168","belt":"ongole","district":"","area_ha":0.3,"lon":80.096033,"lat":15.489871,"source":"obia","sensor":"Sentinel-1 RTC (VV), 10 m","season":"2024 kharif","detected":true,"surveyed":false,"likely_block":false}},{"type":"Feature","geometry":{"type":"Polygon","coordinates":[[[80.14695,15.45479],[80.14696,15.45443],[80.14714,15.45443],[80.14714,15.45425],[80.14742,15.45425],[80.14742,15.45434],[80.14752,15.45434],[80.14751,15.4547],[80.14742,15.4547],[80.14742,15.45479],[80.14695,15.45479]]]},"properties":{"feature_id":"ongole-00169","belt":"ongole","district":"","area_ha":0.3,"lon":80.147245,"lat":15.454544,"source":"obia","sensor":"Sentinel-1 RTC (VV), 10 m","season":"2024 kharif","detected":true,"surveyed":false,"likely_block":false}},{"type":"Feature","geometry":{"type":"Polygon","coordinates":[[[80.13892,15.5033],[80.13893,15.50303],[80.13902,15.50303],[80.13902,15.50294],[80.13893,15.50294],[80.13893,15.50267],[80.13902,15.50267],[80.13902,15.50258],[80.1393,15.50258],[80.1393,15.50321],[80.1392,15.50321],[80.1392,15.5033],[80.13892,15.5033]]]},"properties":{"feature_id":"ongole-00170","belt":"ongole","district":"","area_ha":0.29,"lon":80.139118,"lat":15.502941,"source":"obia","sensor":"Sentinel-1 RTC (VV), 10 m","season":"2024 kharif","detected":true,"surveyed":false,"likely_block":false}},{"type":"Feature","geometry":{"type":"Polygon","coordinates":[[[80.05458,15.49844],[80.05458,15.49817],[80.05467,15.49817],[80.05476,15.49781],[80.05514,15.49781],[80.05514,15.49808],[80.05504,15.49808],[80.05504,15.49826],[80.05495,15.49826],[80.05485,15.49844],[80.05458,15.49844]]]},"properties":{"feature_id":"ongole-00171","belt":"ongole","district":"","area_ha":0.29,"lon":80.054855,"lat":15.498113,"source":"obia","sensor":"Sentinel-1 RTC (VV), 10 m","season":"2024 kharif","detected":true,"surveyed":false,"likely_block":false}},{"type":"Feature","geometry":{"type":"Polygon","coordinates":[[[80.0994,15.48154],[80.0994,15.48145],[80.0993,15.48145],[80.09931,15.48109],[80.0994,15.48109],[80.0994,15.481],[80.09987,15.481],[80.09986,15.48127],[80.09968,15.48136],[80.09968,15.48154],[80.0994,15.48154]]]},"properties":{"feature_id":"ongole-00172","belt":"ongole","district":"","area_ha":0.29,"lon":80.099567,"lat":15.481243,"source":"obia","sensor":"Sentinel-1 RTC (VV), 10 m","season":"2024 kharif","detected":true,"surveyed":false,"likely_block":false}},{"type":"Feature","geometry":{"type":"Polygon","coordinates":[[[80.01441,15.47557],[80.01441,15.47548],[80.01422,15.47548],[80.01423,15.47521],[80.01497,15.47521],[80.01497,15.47549],[80.01488,15.47549],[80.01488,15.47558],[80.01441,15.47557]]]},"properties":{"feature_id":"ongole-00173","belt":"ongole","district":"","area_ha":0.29,"lon":80.014606,"lat":15.47538,"source":"obia","sensor":"Sentinel-1 RTC (VV), 10 m","season":"2024 kharif","detected":true,"surveyed":false,"likely_block":false}},{"type":"Feature","geometry":{"type":"Polygon","coordinates":[[[80.03923,15.43003],[80.03923,15.42958],[80.0397,15.42958],[80.0397,15.42967],[80.03979,15.42967],[80.03979,15.43003],[80.03923,15.43003]]]},"properties":{"feature_id":"ongole-00174","belt":"ongole","district":"","area_ha":0.29,"lon":80.039501,"lat":15.429814,"source":"obia","sensor":"Sentinel-1 RTC (VV), 10 m","season":"2024 kharif","detected":true,"surveyed":false,"likely_block":false}},{"type":"Feature","geometry":{"type":"Polygon","coordinates":[[[80.04045,15.42832],[80.04045,15.42814],[80.04026,15.42814],[80.04026,15.42787],[80.04036,15.42787],[80.04036,15.42778],[80.04073,15.42778],[80.04073,15.42796],[80.04082,15.42796],[80.04082,15.42832],[80.04045,15.42832]]]},"properties":{"feature_id":"ongole-00175","belt":"ongole","district":"","area_ha":0.29,"lon":80.04056,"lat":15.428045,"source":"obia","sensor":"Sentinel-1 RTC (VV), 10 m","season":"2024 kharif","detected":true,"surveyed":false,"likely_block":false}},{"type":"Feature","geometry":{"type":"Polygon","coordinates":[[[80.14315,15.42711],[80.14315,15.42684],[80.14325,15.42684],[80.14325,15.42675],[80.14343,15.42675],[80.14344,15.42666],[80.14362,15.42666],[80.14362,15.42657],[80.1439,15.42657],[80.1439,15.42684],[80.14371,15.42684],[80.14371,15.42693],[80.14362,15.42693],[80.14362,15.42702],[80.14343,15.42702],[80.14343,15.42711],[80.14315,15.42711]]]},"properties":{"feature_id":"ongole-00176","belt":"ongole","district":"","area_ha":0.29,"lon":80.14352,"lat":15.426842,"source":"obia","sensor":"Sentinel-1 RTC (VV), 10 m","season":"2024 kharif","detected":true,"surveyed":false,"likely_block":false}},{"type":"Feature","geometry":{"type":"Polygon","coordinates":[[[80.10789,15.47904],[80.10789,15.47877],[80.10808,15.47877],[80.10808,15.4785],[80.10836,15.4785],[80.10845,15.47905],[80.10789,15.47904]]]},"properties":{"feature_id":"ongole-00177","belt":"ongole","district":"","area_ha":0.27,"lon":80.108185,"lat":15.478814,"source":"obia","sensor":"Sentinel-1 RTC (VV), 10 m","season":"2024 kharif","detected":true,"surveyed":false,"likely_block":false}},{"type":"Feature","geometry":{"type":"Polygon","coordinates":[[[80.14481,15.47792],[80.14481,15.47783],[80.14462,15.47783],[80.14462,15.47747],[80.14509,15.47747],[80.14509,15.47756],[80.14518,15.47756],[80.14518,15.47793],[80.14481,15.47792]]]},"properties":{"feature_id":"ongole-00178","belt":"ongole","district":"","area_ha":0.27,"lon":80.144909,"lat":15.477692,"source":"obia","sensor":"Sentinel-1 RTC (VV), 10 m","season":"2024 kharif","detected":true,"surveyed":false,"likely_block":false}},{"type":"Feature","geometry":{"type":"Polygon","coordinates":[[[80.10598,15.46747],[80.10598,15.46737],[80.10589,15.46737],[80.10589,15.46728],[80.1057,15.46719],[80.10571,15.46692],[80.10608,15.46692],[80.10608,15.46701],[80.10626,15.4671],[80.10626,15.46747],[80.10598,15.46747]]]},"properties":{"feature_id":"ongole-00179","belt":"ongole","district":"","area_ha":0.27,"lon":80.105999,"lat":15.467179,"source":"obia","sensor":"Sentinel-1 RTC (VV), 10 m","season":"2024 kharif","detected":true,"surveyed":false,"likely_block":false}},{"type":"Feature","geometry":{"type":"Polygon","coordinates":[[[80.13883,15.43523],[80.13883,15.43487],[80.13911,15.43487],[80.13911,15.43478],[80.13949,15.43478],[80.13949,15.43505],[80.1393,15.43505],[80.13921,15.43523],[80.13883,15.43523]]]},"properties":{"feature_id":"ongole-00180","belt":"ongole","district":"","area_ha":0.27,"lon":80.139143,"lat":15.435001,"source":"obia","sensor":"Sentinel-1 RTC (VV), 10 m","season":"2024 kharif","detected":true,"surveyed":false,"likely_block":false}},{"type":"Feature","geometry":{"type":"Polygon","coordinates":[[[80.09599,15.49418],[80.09599,15.494],[80.0958,15.494],[80.0958,15.49373],[80.09589,15.49373],[80.09589,15.49364],[80.09617,15.49364],[80.09617,15.49382],[80.09636,15.49391],[80.09636,15.49418],[80.09599,15.49418]]]},"properties":{"feature_id":"ongole-00181","belt":"ongole","district":"","area_ha":0.26,"lon":80.096081,"lat":15.493923,"source":"obia","sensor":"Sentinel-1 RTC (VV), 10 m","season":"2024 kharif","detected":true,"surveyed":false,"likely_block":false}},{"type":"Feature","geometry":{"type":"Polygon","coordinates":[[[80.09377,15.48938],[80.09377,15.48902],[80.09386,15.48902],[80.09386,15.48893],[80.09424,15.48893],[80.09424,15.48902],[80.09433,15.48902],[80.09433,15.48929],[80.09414,15.48929],[80.09414,15.48938],[80.09377,15.48938]]]},"properties":{"feature_id":"ongole-00182","belt":"ongole","district":"","area_ha":0.26,"lon":80.094036,"lat":15.489158,"source":"obia","sensor":"Sentinel-1 RTC (VV), 10 m","season":"2024 kharif","detected":true,"surveyed":false,"likely_block":false}},{"type":"Feature","geometry":{"type":"Polygon","coordinates":[[[80.09527,15.48758],[80.09527,15.48722],[80.09536,15.48722],[80.09536,15.48704],[80.09564,15.48704],[80.09564,15.48722],[80.09574,15.48722],[80.09573,15.48758],[80.09527,15.48758]]]},"properties":{"feature_id":"ongole-00183","belt":"ongole","district":"","area_ha":0.26,"lon":80.095503,"lat":15.487338,"source":"obia","sensor":"Sentinel-1 RTC (VV), 10 m","season":"2024 kharif","detected":true,"surveyed":false,"likely_block":false}},{"type":"Feature","geometry":{"type":"Polygon","coordinates":[[[80.11014,15.47715],[80.11014,15.47706],[80.11004,15.47706],[80.11004,15.47661],[80.11032,15.47661],[80.11032,15.4767],[80.11051,15.47679],[80.11051,15.47716],[80.11014,15.47715]]]},"properties":{"feature_id":"ongole-00184","belt":"ongole","district":"","area_ha":0.26,"lon":80.110266,"lat":15.476898,"source":"obia","sensor":"Sentinel-1 RTC (VV), 10 m","season":"2024 kharif","detected":true,"surveyed":false,"likely_block":false}},{"type":"Feature","geometry":{"type":"Polygon","coordinates":[[[80.02203,15.46042],[80.02203,15.46033],[80.02194,15.46033],[80.02194,15.46006],[80.0225,15.45997],[80.0225,15.46042],[80.02203,15.46042]]]},"properties":{"feature_id":"ongole-00185","belt":"ongole","district":"","area_ha":0.26,"lon":80.022239,"lat":15.460212,"source":"obia","sensor":"Sentinel-1 RTC (VV), 10 m","season":"2024 kharif","detected":true,"surveyed":false,"likely_block":false}},{"type":"Feature","geometry":{"type":"Polygon","coordinates":[[[80.11895,15.4432],[80.11895,15.44311],[80.11886,15.44311],[80.11886,15.44293],[80.11876,15.44293],[80.11876,15.44266],[80.11904,15.44266],[80.11914,15.44284],[80.11932,15.44284],[80.11932,15.44311],[80.11923,15.44311],[80.11923,15.4432],[80.11895,15.4432]]]},"properties":{"feature_id":"ongole-00186","belt":"ongole","district":"","area_ha":0.26,"lon":80.119035,"lat":15.442932,"source":"obia","sensor":"Sentinel-1 RTC (VV), 10 m","season":"2024 kharif","detected":true,"surveyed":false,"likely_block":false}},{"type":"Feature","geometry":{"type":"Polygon","coordinates":[[[80.04978,15.60988],[80.04987,15.60934],[80.05015,15.60934],[80.05015,15.60952],[80.05024,15.60952],[80.05024,15.60988],[80.04978,15.60988]]]},"properties":{"feature_id":"ongole-00187","belt":"ongole","district":"","area_ha":0.25,"lon":80.050019,"lat":15.609633,"source":"obia","sensor":"Sentinel-1 RTC (VV), 10 m","season":"2024 kharif","detected":true,"surveyed":false,"likely_block":false}},{"type":"Feature","geometry":{"type":"Polygon","coordinates":[[[80.06557,15.54088],[80.06557,15.54079],[80.06548,15.54079],[80.06548,15.54061],[80.06539,15.54061],[80.06539,15.54034],[80.06576,15.54034],[80.06576,15.54043],[80.06585,15.54043],[80.06585,15.54088],[80.06557,15.54088]]]},"properties":{"feature_id":"ongole-00188","belt":"ongole","district":"","area_ha":0.25,"lon":80.065638,"lat":15.540595,"source":"obia","sensor":"Sentinel-1 RTC (VV), 10 m","season":"2024 kharif","detected":true,"surveyed":false,"likely_block":false}},{"type":"Feature","geometry":{"type":"Polygon","coordinates":[[[80.10473,15.4774],[80.10473,15.47731],[80.10464,15.47731],[80.10464,15.47704],[80.10482,15.47704],[80.10482,15.47695],[80.1051,15.47695],[80.1051,15.47713],[80.1052,15.47713],[80.10519,15.47741],[80.10473,15.4774]]]},"properties":{"feature_id":"ongole-00189","belt":"ongole","district":"","area_ha":0.25,"lon":80.104921,"lat":15.477197,"source":"obia","sensor":"Sentinel-1 RTC (VV), 10 m","season":"2024 kharif","detected":true,"surveyed":false,"likely_block":false}},{"type":"Feature","geometry":{"type":"Polygon","coordinates":[[[80.14089,15.43361],[80.14089,15.43316],[80.14108,15.43316],[80.14108,15.43298],[80.14136,15.43298],[80.14136,15.43325],[80.14126,15.43325],[80.14117,15.43361],[80.14089,15.43361]]]},"properties":{"feature_id":"ongole-00190","belt":"ongole","district":"","area_ha":0.25,"lon":80.141108,"lat":15.433296,"source":"obia","sensor":"Sentinel-1 RTC (VV), 10 m","season":"2024 kharif","detected":true,"surveyed":false,"likely_block":false}}]}